"","VDG5thEd","X.10yearindividual","lifetimeriskindividual"
"VDG5thEd",0.78911794405595,0.0279487613465471,0.188318144621436
"X.10yearindividual",0.0279487613465471,2.03974431684557,7.2903500298807
"lifetimeriskindividual",0.188318144621436,7.2903500298807,27.6244382628268
