,syn.VBD.,syn.X10yr,syn.life,syn.Age
1,11.73893,1.1249,6.433389569,49.27857632
2,2.67925,0.76674,4.640250376,48.41615332
3,8.09488,2.68415,13.54529435,50.75427789
4,4.12928,1.46633,7.202118241,51.06091718
5,9.04048,1.93425,10.22470178,49.13620808
6,10.84868,6.20196,30.70220888,49.49486653
7,2.51813,2.44264,11.10330809,52.66529774
8,10.77155,6.31712,32.84997906,48.33127995
9,3.5592,1.60938,8.606868991,50.34907598
10,3.8711,1.49758,7.018550267,52.47912389
11,20.4151,1.97007,9.576068067,51.60301164
12,7.3226,2.00528,11.30170422,48.83230664
13,9.0762,3.65332,16.09203774,51.52635181
14,13.56535,6.65386,32.12433618,49.69746749
15,5.63665,2.02875,12.55046901,46.71594798
16,3.39473,4.20328,20.68864524,50.47501711
17,6.8514,1.91892,10.83623548,48.18617385
18,4.52263,3.17115,14.46900147,52.23819302
19,2.771,0.804408,3.850091414,52.56947296
20,3.12493,2.35411,10.88150223,52.13141684
21,6.7769,3.42021,16.63194355,50.29979466
22,4.64703,2.2773,10.15026471,52.03285421
23,4.0323,1.55195,8.005493339,50.30800821
24,7.41685,2.00516,11.30170422,48.83230664
25,12.3204,2.55428,11.78317455,52.24640657
26,6.0532,2.91055,15.32704277,49.48665298
27,9.06413,2.255,10.44259614,52.26283368
28,7.53473,3.25822,18.72459711,46.84736482
29,4.0444,3.05306,13.35019337,52.22176591
30,5.48603,1.16351,5.762377328,50.7926078
31,8.73758,1.85066,11.37884378,46.77344285
32,7.58283,2.67425,13.61060458,49.53593429
33,9.54348,2.22156,13.71929692,46.67214237
34,4.67728,2.54384,11.648287,52.74195756
35,9.47073,1.746,9.21635212,49.16906229
36,11.6291,3.42381,17.05865285,50.14099932
37,6.8087,2.13326,10.86417309,50.23408624
38,2.78705,1.10719,6.015451507,49.52498289
39,16.17288,2.29163,11.27192939,50.81177276
40,5.0179,3.13434,15.00499578,51.63586585
41,8.72123,3.64216,17.4332088,51.816564
42,4.15958,1.50012,7.033722154,51.49623546
43,6.9236,1.56766,7.73418919,51.77275838
44,2.4287,0.996708,5.728951765,48.04928131
45,5.4741,2.4633,12.50080479,50.20944559
46,4.70113,1.41779,7.672328193,49.47570157
47,2.72633,1.92239,10.69405831,47.38124572
48,7.46308,7.418,33.02978962,51.35934292
49,3.79598,2.57577,14.25078707,48.06570842
50,4.0787,1.94122,9.981643412,50.44490075
51,15.48725,0.974808,5.547600309,51.78370979
52,8.89453,1.89109,10.16956145,49.28678987
53,3.13883,2.16187,10.93044341,50.71321013
54,5.85408,3.14296,14.21522796,52.49555099
55,7.09048,2.43056,11.76566762,51.04449008
56,10.62458,3.35182,16.66335409,50.58726899
57,4.87338,2.06407,10.08790588,51.99726215
58,5.67215,1.40943,7.29994135,50.37645448
59,3.75658,1.46912,9.260670623,46.91854894
60,12.51233,3.3639,15.39460508,51.62217659
61,12.17415,3.7208,18.41641817,50.23956194
62,7.48178,2.27764,13.36868411,47.06091718
63,4.86175,1.78524,9.22954455,50.6091718
64,2.4889,2.74984,12.63616646,52.44900753
65,4.42348,2.70789,12.44236932,52.96098563
66,10.9187,1.20517,7.577195723,47.09103354
67,6.7132,2.98022,13.65612024,52.31211499
68,8.89665,1.34664,8.555746845,47.92881588
69,12.81915,2.93416,11.86560057,50.33812457
70,2.81665,1.17092,6.355799593,49.5578371
71,29.65673,4.66547,21.85865845,51.06913073
72,7.53305,1.56403,8.477374569,49.29500342
73,8.7858,2.82336,16.35766428,47.95619439
74,18.78905,5.15391,24.90797059,50.54893908
75,24.45478,4.09354,21.15245455,49.62354552
76,3.39473,4.20328,20.78477336,50.66666667
77,3.01998,1.81913,9.341235711,50.0807666
78,3.96615,3.16911,14.46307495,52.23819302
79,5.78018,2.4971,12.62277253,50.84462697
80,4.66983,1.35355,7.457598587,48.19712526
81,10.87448,1.70421,10.36629815,47.20602327
82,7.5007,1.74345,9.345775424,49.91649555
83,2.88505,1.03541,5.652985655,49.7467488
84,9.07803,3.65332,17.09681963,51.97262149
85,6.95848,4.97479,27.45210631,46.98151951
86,11.92698,2.73349,13.17986524,51.44147844
87,4.55925,2.55315,13.0149895,50.36824093
88,2.88555,1.74947,8.572803365,51.14579055
89,6.0678,2.14096,9.941414207,52.1779603
90,21.69855,1.3406,7.961874165,47.32922656
91,3.1457,1.55159,8.384434911,49.81519507
92,3.94273,4.88157,22.71515886,52.45995893
93,3.09888,3.55551,16.13470867,52.75838467
94,4.78245,0.808363,4.243695192,50.58179329
95,6.1963,2.60378,13.20949783,49.80971937
96,3.97668,6.7321,29.26514675,49.76317591
97,4.60525,1.63758,8.669014461,49.64271047
98,9.152,6.53243,28.39039267,52.64339493
99,11.7344,3.33199,18.21716863,48.31759069
100,3.8265,1.43185,6.975903042,51.44147844
101,4.24138,1.90303,11.25584482,47.05270363
102,2.2905,0.761882,4.016259131,50.76796715
103,3.67525,1.77529,8.321945703,51.09103354
104,7.50703,4.49913,21.99520543,50.42847365
105,2.2701,0.974679,5.264241622,49.81793292
106,7.58598,2.96433,13.94711228,51.71526352
107,15.5092,2.71524,12.89811857,52.04106776
108,9.52545,4.56823,21.04957019,52.12320329
109,2.83185,3.31036,16.43589432,50.53798768
110,14.34208,1.90464,11.30874492,47.2991102
111,3.16318,1.75641,10.46020975,47.6495551
112,3.49925,2.01269,9.355743828,52.50102669
113,2.56003,1.33958,6.272046038,52.30116359
114,30.70933,6.74373,34.14824213,48.50376454
115,17.83758,2.77759,13.98717555,50.32717317
116,11.99895,2.56216,11.78317455,51.9835729
117,15.26293,1.51193,8.166659074,49.01848049
118,4.09118,1.16411,6.686617837,48.48733744
119,6.89683,1.86764,8.683309222,52.13689254
120,2.87748,4.40691,19.00729203,52.92539357
121,9.86218,2.07975,10.5611028,50.83093771
122,3.16948,1.88566,10.62673306,48.03832991
123,9.97123,2.59614,13.15532945,50.61738535
124,4.1785,1.49761,7.74508213,50.35728953
125,5.01948,2.65444,14.72407881,48.05475702
126,7.49483,2.50697,10.90751964,51.71800137
127,12.45855,3.52117,16.71361097,51.59479808
128,6.50088,2.63508,12.11415874,52.98562628
129,2.73773,1.49298,8.333016439,48.62970568
130,4.06623,3.46996,15.73419457,52.24366872
131,3.80505,1.558,8.386947755,49.25667351
132,4.74435,1.34957,8.042617049,47.69336071
133,1.6786,1.42888,7.681063881,49.43189596
134,3.83848,3.26553,16.21791699,50.57905544
135,13.30738,1.65577,9.753377638,47.56468172
136,11.50065,1.67354,9.942255772,47.1321013
137,3.358,1.41148,7.261004126,50.5927447
138,2.55798,2.45914,13.07378056,49.21560575
139,3.2037,3.17252,15.92159108,50.06707734
140,6.4389,4.61469,22.50417481,50.83367556
141,12.69718,6.49507,33.61011428,48.78028747
142,2.8933,1.87036,9.110303004,51.08008214
143,11.43873,3.08635,14.7060622,51.18685832
144,14.53305,4.35329,22.47063072,49.40451745
145,2.53275,1.6869,10.53175468,46.52703628
146,4.39905,3.69533,17.53064076,52.78028747
147,2.16288,3.0674,16.05292272,49.91101985
148,4.5712,2.79207,12.82308885,52.72005476
149,7.51063,4.05043,19.09038182,50.30253251
150,2.28993,1.12416,5.560899416,51.80835044
151,5.44488,1.36219,6.402915412,52.54483231
152,2.94335,1.31697,7.125369831,49.2347707
153,5.36145,1.70856,9.200030489,47.64681725
154,2.46305,3.2829,18.16465968,47.29637235
155,3.81538,0.975276,5.304174502,49.42642026
156,5.82953,4.7335,26.36672377,48.20807666
157,4.82438,1.88419,9.213910395,51.58658453
158,3.8143,0.840669,4.78313873,49.47022587
159,4.3448,3.66498,16.48709944,52.19986311
160,1.72328,5.90383,29.42765188,49.23750856
161,2.72295,1.94684,10.45057324,49.32785763
162,10.792,5.32782,23.47221229,51.42505133
163,5.7323,4.94765,22.98422279,51.39767283
164,7.62138,1.85725,8.637200911,52.62696783
165,6.49945,1.48987,6.971138122,52.40246407
166,7.4122,2.94447,15.53293002,49.35249829
167,11.11385,3.57897,17.06007522,51.85489391
168,5.25938,3.16069,14.95687245,51.78644764
169,4.56243,2.37234,11.56472309,51.1266256
170,2.32548,2.01932,10.3223708,50.96235455
171,3.40508,1.7852,8.81910946,51.06365503
172,5.19868,2.93894,14.0393289,51.82477755
173,5.53635,1.17549,6.097249311,50.25598905
174,4.247,1.92972,9.850916274,50.32169747
175,4.78758,1.33715,8.048247241,47.87405886
176,7.62418,3.83727,19.87979404,48.63791923
177,8.3268,2.03036,10.882166,49.81245722
178,1.93275,1.1233,5.560899416,51.96167009
179,5.13233,2.18929,11.61914038,49.27310062
180,5.31468,6.74038,28.55230514,52.48186174
181,4.0624,2.59268,15.09661975,47.37029432
182,13.4447,1.18016,7.083196727,46.98699521
183,5.54778,4.89769,20.98271907,50.68309377
184,15.40025,4.69026,20.97027338,52.53935661
185,2.5535,1.59307,7.45187357,52.47364819
186,1.98873,1.4009,7.618041287,49.67556468
187,3.85375,3.07562,16.82040682,48.90622861
188,4.44428,2.12346,10.82419279,50.4366872
189,6.17915,3.1595,14.46603821,52.49555099
190,13.52818,2.48221,12.02063828,51.39493498
191,2.94998,1.49949,7.720771553,50.7871321
192,5.12675,3.3334,15.89563293,51.41957563
193,8.70445,1.28138,6.058240968,52.25735797
194,5.9334,1.65514,7.642008126,52.36960986
195,21.44658,2.72856,13.10199079,51.92060233
196,8.92763,3.6325,16.09203774,51.1266256
197,5.92583,2.49302,12.58816166,50.16290212
198,7.6672,2.17717,12.81953293,47.65229295
199,3.11685,0.86533,4.706876294,49.01848049
200,6.83598,8.47073,31.86724382,48.90622861
201,20.31063,2.34099,11.2546121,51.23340178
202,26.557,11.4243,48.95090658,49.18822724
203,3.1457,1.18644,7.176705331,47.65776865
204,2.6957,1.85573,9.063767983,51.20328542
205,16.07358,1.73191,8.908149469,50.31074606
206,13.71305,2.4331,12.83873485,49.59616701
207,7.9714,2.44673,14.32368325,47.90691307
208,2.95725,3.1062,17.58362383,46.89664613
209,2.43015,2.53253,11.70257391,52.50102669
210,3.12165,2.86433,13.27540071,51.75633128
211,5.05835,2.56546,13.33691797,49.5742642
212,16.5612,3.09646,15.39792393,50.0698152
213,6.63,4.77872,21.46312263,52.04380561
214,8.45433,2.59459,13.2066531,50.56810404
215,13.09998,2.0166,9.396992394,52.27652293
216,3.50305,4.5615,24.2447932,48.95277207
217,2.71848,1.82331,8.927861068,51.24709103
218,3.99095,0.948674,5.332941821,49.78507871
219,18.1784,2.11824,10.31371808,51.13483915
220,8.33373,3.03156,16.69523876,48.39972621
221,10.3122,6.38681,31.62212303,50.30527036
222,5.4361,2.46402,10.07695368,51.58932238
223,4.78245,0.635598,3.348577593,48.43258042
224,4.76645,2.23093,10.32504958,52.46817248
225,15.81498,7.55005,31.94938536,52.73921971
226,2.24658,1.89117,9.28169791,51.15126626
227,9.84955,2.63373,12.43656133,51.89322382
228,3.58345,3.01843,13.26342915,52.22176591
229,7.29875,1.08236,5.594882071,49.99315537
230,7.0745,2.05559,9.625495229,51.01163587
231,5.87235,4.13804,19.39512338,51.16495551
232,2.8982,1.31663,6.731801612,48.6844627
233,8.0994,5.62848,25.80619368,51.26625599
234,10.78165,4.63028,23.51843913,49.45106092
235,4.20338,2.38132,12.13075299,50.0807666
236,16.67158,3.19918,16.06524988,50.31348392
237,4.5932,5.99256,22.26189875,51.10198494
238,10.88605,7.11072,30.65918235,50.01232033
239,4.46413,2.31942,11.7497964,50.19301848
240,2.9438,1.71716,8.467240223,50.86105407
241,3.20698,3.10856,17.93731844,47.39493498
242,4.52263,4.95589,25.16861886,48.97741273
243,3.50783,3.24125,16.63123236,49.59069131
244,15.867,2.27278,11.1027273,51.14852841
245,2.38838,1.36913,7.172722711,50.18206708
246,11.40845,6.20147,29.53764805,49.0349076
247,3.03588,1.26072,5.908797886,51.29637235
248,6.54153,5.28002,27.81362392,47.35660507
249,2.20858,1.29681,7.286085151,48.36960986
250,9.48663,1.52447,8.482483228,49.74401095
251,9.78005,2.52396,14.02119376,48.38877481
252,2.2251,0.66056,3.477763836,50.06160164
253,4.29708,6.62944,29.33010139,51.39219713
254,4.24688,2.5197,12.77543964,50.91307324
255,17.8079,6.06408,25.63515437,52.47638604
256,4.96663,1.91968,8.963728356,52.39425051
257,4.95318,1.5415,7.42232395,52.7008898
258,8.81913,3.59409,16.53842309,51.16769336
259,3.93373,3.01124,14.96836989,50.51608487
260,5.22133,2.79818,13.97899695,50.13826146
261,22.63245,4.18289,18.99769107,51.20054757
262,3.67088,3.91156,20.18619503,49.53319644
263,4.34358,1.13842,5.908122263,50.72963723
264,4.9542,2.30101,10.45280161,52.5338809
265,4.12425,2.23554,10.9376145,51.18138261
266,10.17463,2.40477,14.80467946,46.87474333
267,11.24813,1.26729,6.171911587,51.9835729
268,9.97123,7.59159,37.81829778,47.89048597
269,12.98768,1.77005,9.53817391,49.00205339
270,14.5782,3.99227,19.61215248,50.82272416
271,3.50223,1.80482,8.779615143,51.42778919
272,4.0084,8.62036,31.9171451,48.7118412
273,9.94058,2.74249,15.95537223,47.06639288
274,10.00845,5.95525,26.15870298,52.27652293
275,1.74545,0.918356,4.794896942,50.60643395
276,8.58855,1.55438,8.031818933,50.41204654
277,3.64253,1.87946,10.74598646,48.05475702
278,3.70288,1.7423,9.381275268,49.68651608
279,6.07173,2.64166,11.35816023,52.73100616
280,16.87673,4.61215,20.62191264,52.13141684
281,10.02595,2.10114,10.71947122,50.83093771
282,5.2124,5.46641,23.31421132,52.41341547
283,13.36755,4.07489,24.13930118,46.68035592
284,4.43068,3.15637,14.47243885,52.91718001
285,2.20263,2.77152,14.67702226,49.41273101
286,3.7512,1.13823,5.908122263,50.58179329
287,4.17315,2.14764,10.40721483,51.95345654
288,9.1383,2.28165,11.00311438,51.90143737
289,3.63088,1.07418,5.591835841,50.41478439
290,12.23475,3.88874,20.28362698,49.47022587
291,6.11185,1.77696,8.741851369,51.68514716
292,8.40968,1.63792,8.415904722,50.71321013
293,7.77573,3.5333,15.61400478,50.13004791
294,3.57268,1.4611,7.197448145,51.36755647
295,5.36623,1.23934,7.814730572,46.89117043
296,2.27543,0.661358,3.634804715,48.81314168
297,22.4108,7.85392,34.11849101,51.8384668
298,8.89113,4.44098,20.88505005,51.00068446
299,4.35555,3.04482,14.6061411,51.96440794
300,9.83905,4.55469,23.289557,49.42642026
301,8.23643,1.28596,6.683014514,50.82272416
302,9.99463,2.03596,9.938296858,51.65776865
303,10.20023,3.62642,21.99994665,46.97878166
304,3.39473,2.24053,10.88716798,51.02532512
305,4.33903,2.22735,10.85396762,51.58110883
306,4.4067,2.43759,14.18832157,47.38672142
307,3.1119,0.989937,5.970647029,47.50444901
308,14.96288,7.28456,32.65630045,51.00889802
309,10.70213,6.56756,32.28731543,49.36071184
310,22.63245,2.98858,14.27911583,51.69062286
311,4.84595,3.32734,15.91673133,51.18412047
312,21.31335,5.01936,22.53878568,51.94524298
313,3.51278,0.894516,4.733024092,50.06433949
314,3.97165,2.04195,10.39865694,50.78439425
315,3.10003,2.24632,11.96919611,49.30321697
316,3.66633,2.50672,13.36738027,49.14168378
317,6.22678,2.7925,12.82308885,52.54209446
318,4.09688,0.915171,4.323975808,52.50376454
319,5.57223,1.61895,8.328275225,50.29979466
320,3.3805,5.07546,23.40986532,51.1266256
321,5.47998,2.13111,9.095249648,51.2881588
322,5.1282,2.18929,11.61914038,49.70568104
323,9.7773,2.25944,11.48892293,50.83915127
324,7.58183,3.00294,14.4347462,51.816564
325,2.99683,1.40803,8.400768395,47.53182752
326,11.73925,6.71751,29.04740647,52.80492813
327,11.4097,4.11415,19.97698893,50.31895962
328,6.4038,2.30635,11.24483335,51.51813826
329,3.04943,1.31436,6.179118233,50.50239562
330,9.64633,1.19416,7.08230775,46.98699521
331,13.20645,1.76487,9.100678338,50.32717317
332,4.786,2.83351,14.23988228,50.7816564
333,5.23723,4.85193,21.46217439,51.34565366
334,5.8867,1.94726,9.153471762,52.3340178
335,3.3778,2.21041,10.24894123,52.89253936
336,3.76053,3.45825,16.99274997,50.57357974
337,16.88905,7.85085,34.52433898,51.8384668
338,10.93415,1.96548,9.366067822,52.12867899
339,4.82215,2.41938,11.99254659,51.37850787
340,2.86405,2.16795,10.49271078,51.77002053
341,4.66035,0.992265,5.453416082,47.84668036
342,4.69493,0.98337,5.182823115,50.37645448
343,3.70763,3.16855,15.85450289,50.80082136
344,2.38558,1.00898,5.482989408,49.83709788
345,9.3571,2.27447,12.64505624,47.96440794
346,16.18833,5.27418,23.38615925,50.04517454
347,10.14983,1.79162,9.659134146,49.68104038
348,6.08303,1.88794,9.6468544,50.38466804
349,8.71233,3.78537,18.08619258,51.40314853
350,6.08535,1.88794,9.732563706,50.95140315
351,18.29955,2.77518,14.01597842,49.87542779
352,9.95743,2.74249,13.27137068,51.89596167
353,4.61633,1.67232,8.559184226,50.69678303
354,5.0429,1.3855,6.827289673,51.6495551
355,3.26825,1.9027,8.865703746,52.10677618
356,6.5109,2.1129,10.86417309,50.58179329
357,2.93213,1.80456,8.830998055,51.34565366
358,11.94443,2.62321,11.22080724,51.50992471
359,4.59475,3.60716,17.07904008,51.10198494
360,3.92745,2.47066,11.9496386,51.88227242
361,14.16455,3.50843,16.71361097,51.8220397
362,20.03205,7.34532,31.27601437,52.90896646
363,7.66605,4.62131,21.6199383,51.89596167
364,8.24665,4.2893,20.09101514,52.47364819
365,4.09665,1.1706,5.606462488,51.40862423
366,4.31235,4.19731,20.78477336,49.19096509
367,9.7535,2.5922,13.15532945,50.91581109
368,5.50555,2.62234,15.25260571,47.81930185
369,5.16163,0.95867,5.748461863,47.85215606
370,6.99043,1.94049,9.995724819,50.11088296
371,3.78623,2.85337,14.93340344,49.54140999
372,6.19723,2.3439,12.22794789,49.79055441
373,2.93653,1.36436,6.321342816,52.5119781
374,4.5878,3.07381,15.40942138,50.31348392
375,17.30043,2.84609,15.0105667,49.33607118
376,5.28108,1.7781,10.34883863,47.36755647
377,8.08473,1.77216,9.93810721,47.28542094
378,6.76375,2.8213,16.36963585,46.66119097
379,3.91505,1.20882,5.142167201,52.01368925
380,24.99138,2.93585,13.41775568,52.96646133
381,3.6068,4.0701,18.27595969,52.12046543
382,21.89248,4.78435,25.31393708,48.99383984
383,3.06445,2.00768,10.30412897,50.14921287
384,16.3479,5.20476,28.77324574,47.77823409
385,5.38038,1.69304,8.309393338,51.40862423
386,9.2809,5.28593,25.37995849,51.76454483
387,4.11665,1.5048,7.469179003,51.11293634
388,22.67413,5.5721,22.34439588,50.86105407
389,5.24915,2.70537,13.00918152,51.49623546
390,14.10558,1.86857,9.190915504,51.26899384
391,5.33108,2.50149,13.86260013,48.45995893
392,3.13323,3.23199,16.18733615,50.92128679
393,4.02353,2.49786,11.50087079,52.05201916
394,9.95743,3.22863,16.23854127,50.32991102
395,2.40918,1.5112,9.491508506,46.6091718
396,3.93443,5.23418,25.81828378,50.47501711
397,8.48443,5.20166,25.27114762,49.84804928
398,4.86253,2.80688,12.86338917,52.73648186
399,19.60415,4.33054,20.15786627,50.2696783
400,13.0948,3.43429,16.9186685,50.16016427
401,2.03123,3.18787,16.73672439,49.56057495
402,6.1924,1.8971,11.2192545,47.54825462
403,8.9373,1.7851,9.154775596,50.4257358
404,11.34988,5.57098,27.70137566,49.80971937
405,5.43925,2.83857,11.39676557,50.4202601
406,3.96283,5.58866,24.61081496,51.41957563
407,6.67895,4.3095,20.06541259,51.67145791
408,5.35525,1.28096,6.357731638,51.51540041
409,3.24933,2.66877,12.89847416,51.70704997
410,3.84233,1.19189,7.084085705,47.16495551
411,4.9421,3.21408,15.38464853,50.04243669
412,5.53028,3.13498,15.73466869,50.20944559
413,11.50695,5.53124,27.10552353,49.27857632
414,5.27583,3.34415,15.97967096,51.35112936
415,5.64695,1.39424,7.18368677,50.9486653
416,2.96893,1.28464,6.457024523,50.20123203
417,2.1881,1.87775,8.355418678,49.98220397
418,16.48583,3.42612,15.88449107,52.00273785
419,4.80898,4.40616,19.67331414,52.64613279
420,13.73925,2.48888,13.30681126,49.58795346
421,5.4434,1.22575,5.580575456,52.678987
422,6.4881,2.26723,12.73087222,48.56125941
423,5.83473,3.01631,15.85711056,49.54140999
424,9.84303,2.35858,10.02244156,52.31759069
425,20.14835,2.79996,15.41854821,48.62696783
426,3.4321,2.15309,12.56113674,47.41957563
427,3.06423,2.12247,9.890766182,52.59958932
428,2.78488,1.6113,8.300373177,50.29979466
429,6.9328,3.27117,16.1082764,50.18206708
430,6.88505,3.16798,15.22937375,51.87679671
431,3.88223,1.60441,9.564594328,47.4934976
432,15.3333,3.89494,18.14996191,51.44695414
433,8.54958,1.82456,9.685163414,49.51676934
434,6.54083,3.85188,19.897218,49.14989733
435,3.58863,1.69313,8.02579759,52.62422998
436,4.3134,2.1324,10.88318536,50.6091718
437,6.70833,7.12438,30.7639632,52.7063655
438,16.01003,2.47037,12.62455049,50.65023956
439,25.55245,6.84507,30.91212615,51.79192334
440,3.30738,1.99807,9.298659605,52.58316222
441,1.9744,1.96507,10.38227604,49.80971937
442,3.78575,1.83472,8.951816055,51.24709103
443,5.17965,1.82444,8.53507515,51.11841205
444,19.21195,4.6975,22.83179274,50.58453114
445,4.82438,4.67232,24.96605046,48.22176591
446,8.11355,2.62983,16.45758538,46.77891855
447,10.5143,2.66616,14.9520127,47.55099247
448,4.54343,1.69254,9.647648554,48.44900753
449,2.6172,1.80075,9.729754537,49.98767967
450,5.46115,2.69989,12.44118401,52.78850103
451,7.61538,3.24076,15.40752489,51.17864476
452,5.5125,2.62234,13.1680122,51.59206023
453,7.77758,1.68931,10.0102922,47.50718686
454,12.5532,4.61782,25.82563266,47.47433265
455,5.58525,4.41217,22.49919654,49.96303901
456,9.4515,3.13796,16.51910264,49.16084873
457,2.48638,5.26673,24.35241877,51.92881588
458,2.87015,2.5456,13.55169499,49.15263518
459,7.12218,5.24272,25.22823963,50.66119097
460,3.64488,1.60258,8.606868991,50.74880219
461,2.05888,1.60712,8.252842501,50.93497604
462,5.9225,3.9205,20.18619503,49.93839836
463,2.21135,2.18131,11.92320633,49.09240246
464,11.35553,2.29241,11.17108376,49.39904175
465,9.08413,1.45828,9.122286424,47.70704997
466,3.6769,1.78178,10.06449614,48.36413415
467,3.91433,1.84189,8.833404222,52.30937714
468,4.21308,2.69293,14.97714114,48.39151266
469,3.18368,4.18173,22.65660486,48.92539357
470,11.8934,4.44067,19.91535315,52.59411362
471,5.16255,2.6249,13.26544416,50.99520876
472,6.28278,1.84743,8.514842017,52.1615332
473,4.55685,1.30866,6.78055315,50.00684463
474,18.06488,2.98748,13.70969596,52.78850103
475,3.6664,3.28223,17.15063242,49.59890486
476,3.44015,3.39796,17.78145101,49.48391513
477,6.25583,1.50385,7.756093601,50.89390828
478,9.68815,3.02633,13.86745988,52.25188227
479,4.4637,1.78505,8.311301677,52.43805613
480,5.9432,1.54986,7.585646938,51.77002053
481,13.23738,3.2027,16.82028829,49.84257358
482,18.78618,2.50152,12.17555747,51.33744011
483,6.4522,3.18181,18.39188238,47.50444901
484,7.56018,2.33929,12.5215476,49.39356605
485,5.8725,2.34097,12.82925242,48.32854209
486,8.38328,3.82632,20.6619759,48.97467488
487,3.933,1.09586,5.714739975,50.46954141
488,4.04343,1.49722,7.722822128,50.35728953
489,3.4908,2.59988,11.98780537,52.8843258
490,7.6273,3.31066,13.99084999,51.20602327
491,7.62825,2.32905,13.25797675,48.53114305
492,7.40205,1.08938,5.135114644,52.96098563
493,5.73168,2.66914,12.51965111,51.9945243
494,4.42348,2.10693,9.762954891,51.96988364
495,2.9533,1.90398,10.80116235,47.55373032
496,2.80628,1.93819,10.89718379,48.11772758
497,3.37498,1.39682,8.759785013,46.88295688
498,2.83685,3.31036,15.7768655,51.66324435
499,3.40033,2.99475,15.7612195,49.99315537
500,8.94875,4.4507,19.99571673,52.11772758
501,5.35525,1.11027,5.372566521,51.89048597
502,2.97785,1.48931,9.374353095,46.91307324
503,4.13358,2.58851,12.50850926,48.6899384
504,19.0881,3.63422,18.10373507,50.18480493
505,10.74045,2.81229,14.88883602,49.51403149
506,7.12128,4.13482,19.29911379,51.93702943
507,3.10105,0.995547,5.177809281,50.20944559
508,8.61925,4.61194,20.62191264,52.8843258
509,18.67073,1.6384,9.716739903,47.61670089
510,7.40188,1.08938,5.642294216,51.35112936
511,12.14478,4.09533,18.44735459,52.06297057
512,19.69053,3.34346,17.0197749,50.2642026
513,8.00918,2.47345,12.50341245,50.33812457
514,6.70533,2.48647,13.22218058,49.56057495
515,10.28568,10.9266,45.88725227,49.24298426
516,26.83008,4.97471,23.07229085,51.28268309
517,6.27295,1.75836,10.43688298,47.70704997
518,11.81543,1.33272,7.181470252,49.93839836
519,3.32368,1.57803,7.32789081,52.22176591
520,22.29508,6.0495,28.86807003,50.6036961
521,3.18993,1.67402,9.062487855,49.65092402
522,2.29858,1.48821,7.340538,51.09377139
523,3.78703,6.70232,35.5557902,48.44353183
524,2.51205,2.69048,12.90001505,51.24161533
525,7.6672,2.95757,15.62846549,49.28131417
526,3.45535,1.65983,7.936840552,51.24435318
527,3.4426,1.83792,10.99943994,47.57563313
528,3.01378,1.39215,7.208151437,50.66666667
529,16.59425,2.34429,11.77488928,50.63928816
530,3.92178,1.87204,9.735823291,50.2477755
531,3.70955,2.15343,10.48677241,51.18412047
532,24.93825,3.18933,16.94972345,48.81861739
533,7.6338,1.94419,10.59905622,49.64544832
534,5.87235,4.13804,20.27734488,50.6255989
535,4.76023,0.854548,5.144205923,47.07734428
536,3.36693,3.40278,19.45877419,47.11293634
537,18.2443,4.9827,23.10950938,51.94524298
538,2.87275,1.76134,9.106261119,49.47296372
539,12.11933,2.53708,12.19072936,51.8220397
540,9.44325,1.58243,9.43066687,47.71800137
541,11.1237,2.241,10.93217396,51.28542094
542,4.40733,3.71365,18.65146388,50.42299795
543,4.07648,1.26446,6.271014824,51.58384668
544,5.1441,1.93898,9.459611985,51.18959617
545,2.43328,2.53253,12.20388623,51.96988364
546,4.77323,3.15738,15.01684881,51.54551677
547,5.22223,3.52845,16.02601633,52.87611225
548,2.93063,1.83482,10.36479281,48.85147159
549,19.99228,2.39396,11.04505042,52.25462012
550,2.8834,1.74947,10.38685131,47.86584531
551,3.43148,2.68607,12.97101474,51.54004107
552,3.4507,1.33461,7.284935406,49.74401095
553,3.34515,1.55477,7.788239036,51.321013
554,3.69618,1.94245,9.943097338,50.80629706
555,5.77728,2.4971,12.09554947,51.137577
556,5.1517,2.12553,10.44608094,51.03627652
557,3.002,0.810021,4.902830691,47.3045859
558,14.80435,7.15563,30.84681592,52.09856263
559,10.0588,3.2012,15.34695588,51.22518823
560,7.27633,1.83769,9.949332035,49.30869268
561,6.59865,1.24142,6.455270274,50.54893908
562,7.67198,6.62129,28.44562782,52.8733744
563,4.56523,3.51468,15.03332453,52.27926078
564,13.76728,6.92658,29.8231877,52.12594114
565,2.85193,0.828382,4.822158925,48.61601643
566,3.82365,0.890762,5.083826556,48.80492813
567,3.17013,4.4215,19.54719784,52.64613279
568,5.59913,1.46079,7.547977989,50.48870637
569,5.18403,1.0633,5.812693467,49.52772074
570,6.20398,2.85289,14.27390049,50.7816564
571,7.69748,2.4546,12.47543929,50.31895962
572,3.3021,1.9234,9.980612198,50.36002738
573,5.5901,4.41217,22.02673451,50.22039699
574,4.36325,7.61747,30.5746702,52.30937714
575,15.48185,2.02766,12.55402492,46.22313484
576,12.64788,4.22174,20.95320501,50.15742642
577,10.7408,2.67107,13.04438503,50.00684463
578,2.27485,0.661358,4.219728353,48.41615332
579,3.61498,3.99317,18.8182361,51.88227242
580,5.80468,2.01987,11.89215137,47.6605065
581,5.32843,2.49862,13.86260013,48.90075291
582,4.47675,2.89444,12.2966955,49.13620808
583,19.55173,3.04528,14.62107593,51.86310746
584,2.9434,1.29811,6.047549529,52.75017112
585,7.40953,1.92841,9.434104251,51.8110883
586,2.9859,2.57981,11.91727981,52.07939767
587,2.32793,4.41784,19.00729203,52.80219028
588,14.7146,2.93638,14.78713697,50.69678303
589,6.49615,2.19239,9.464554701,52.74743326
590,6.58593,2.41783,11.71869404,51.65229295
591,4.29388,1.95096,8.036441617,51.70157426
592,4.2542,1.1799,6.108734903,50.49691992
593,2.9511,1.90398,9.751872302,50.93497604
594,6.68948,2.37894,11.50103673,51.20054757
595,19.68308,1.84412,9.8959104,49.97125257
596,4.635,2.81072,14.17575735,50.45037645
597,3.20698,2.45332,11.36373116,52.00273785
598,4.87515,2.06407,10.49830541,50.19575633
599,10.92855,3.89052,15.68844185,52.41615332
600,3.5277,1.77664,8.769125206,51.59753593
601,7.8064,3.81057,20.66043501,48.67624914
602,5.26595,2.97622,14.98816446,49.69472964
603,3.41105,2.57978,11.96836639,52.44626968
604,4.5852,1.64245,9.662097405,47.70978782
605,5.16033,2.8655,15.1315862,49.12799452
606,25.53078,3.75363,18.80318274,50.02327173
607,8.0515,1.66766,8.179081056,51.06365503
608,4.8996,1.65657,8.199373454,50.62833676
609,22.20228,3.24569,16.83605283,51.08555784
610,19.33435,7.27344,32.55839437,51.56468172
611,10.47433,1.92554,9.633827913,50.39835729
612,3.05773,0.600322,2.973428993,50.12731006
613,3.29578,2.04238,9.468679558,52.46543463
614,4.15998,2.30513,12.32763193,49.72210815
615,15.40078,4.96035,21.94115559,50.50239562
616,2.40495,2.39159,12.69223132,49.78781656
617,2.56003,1.26645,6.563452936,50.40657084
618,15.77438,6.38711,27.58853476,51.98083504
619,5.98195,4.78744,20.94976763,52.70362765
620,14.19338,5.22092,22.96205761,52.97741273
621,9.69328,3.18688,17.48619188,48.96919918
622,6.8198,7.682,31.86724382,52.61054073
623,10.37615,2.64861,13.41562213,50.31895962
624,16.05465,5.33402,26.83171839,49.79603012
625,4.55268,3.25902,17.01740429,49.10882957
626,11.63045,3.56122,16.12368535,52.18069815
627,2.39403,2.18624,10.05471738,52.8733744
628,4.90333,1.82021,9.315941332,50.51882272
629,4.77703,3.0268,16.58761319,47.40862423
630,2.24493,0.761687,3.434843992,52.32032854
631,4.4008,2.93696,14.11921837,51.30732375
632,3.42838,2.98939,14.35971648,51.67693361
633,2.26205,2.11061,12.38950478,47.8275154
634,6.4222,3.59685,17.87366763,50.6036961
635,3.4763,1.3978,7.944023492,48.74743326
636,5.34305,2.98294,14.99468363,50.25598905
637,7.32075,2.00528,11.77042069,48.13415469
638,6.22703,2.16216,10.96751971,50.46406571
639,3.08258,0.796391,4.845734615,47.20876112
640,8.01453,4.10548,24.56695873,47.10198494
641,21.34043,5.80773,27.7346827,50.68309377
642,4.5102,2.85237,13.98089344,50.13826146
643,5.37958,2.80864,12.96437704,50.30527036
644,7.14503,5.8159,27.67352103,50.86652977
645,6.65495,1.95578,9.573946374,51.27994524
646,12.84205,3.84605,19.09263389,50.04791239
647,5.15498,1.65896,8.606252633,50.9705681
648,5.00615,1.24288,6.102464647,51.87405886
649,4.46978,1.9249,9.406036261,51.60848734
650,8.83518,3.69768,21.26766606,46.6146475
651,6.27895,3.75313,18.60452586,50.85831622
652,3.30315,4.23085,19.25122752,51.41957563
653,5.06503,2.01445,10.30012265,50.11088296
654,2.5027,1.56939,7.335950874,52.24914442
655,2.24493,1.71075,8.001961134,52.95003422
656,4.79415,2.83293,13.65837232,51.04996578
657,12.49465,4.18533,21.82665526,49.54140999
658,4.34903,2.87732,14.46461585,50.75975359
659,7.37303,1.74268,8.541783968,51.97262149
660,11.1062,2.52471,12.19072936,51.47433265
661,4.28305,1.20915,5.680911409,52.21355236
662,3.21708,3.20707,16.96418415,49.02121834
663,2.24503,1.33018,6.297767127,52.30116359
664,3.66868,2.72538,14.35461967,48.41615332
665,3.85375,3.07562,16.07046521,49.45927447
666,17.67015,2.26082,11.01308278,51.29637235
667,4.04998,2.81717,15.63391789,48.71457906
668,6.0597,2.81021,12.90926042,52.14236824
669,5.81075,4.05227,19.83498956,51.3100616
670,5.20175,2.11303,10.14567758,50.45037645
671,7.44945,2.63542,12.7436735,49.42368241
672,4.9638,1.82147,8.938149504,51.58658453
673,4.46598,2.31942,11.29254182,51.80835044
674,5.03818,4.94041,23.05522247,51.39767283
675,8.2936,0.86862,4.992285556,47.84941821
676,20.86188,4.17338,18.99769107,52.32854209
677,7.26413,1.9608,9.947637051,50.11088296
678,3.17935,1.81774,8.228863809,52.30663929
679,20.2661,5.48626,29.78051677,47.04722793
680,6.1312,2.20138,11.18198855,50.00958248
681,14.14195,7.51802,30.21469349,52.36960986
682,16.86175,4.02358,18.93558116,51.06913073
683,10.3842,3.78788,18.08619258,51.55646817
684,4.64243,2.81072,13.5154247,51.43052704
685,8.11435,2.45227,13.08029973,49.86995209
686,4.56098,2.20833,10.24894123,52.14510609
687,16.74793,6.21968,25.13294122,50.92950034
688,6.79573,2.13326,11.8464105,49.84531143
689,10.47008,5.65058,30.36226379,48.73374401
690,8.67735,2.15471,10.05950601,52.67624914
691,5.18388,1.63711,8.076362643,52.25188227
692,11.50733,2.17586,11.62345489,49.21013005
693,2.4632,1.39819,6.572710158,52.5065024
694,10.10803,11.2453,53.32835143,50.74880219
695,2.6332,1.9295,9.327035774,51.72347707
696,3.99095,1.28981,6.021306907,52.49828884
697,14.90033,3.30093,15.06473508,52.85420945
698,9.63193,6.86279,30.75448077,50.91581109
699,23.03825,6.74698,34.35270701,48.67351129
700,10.42478,1.95562,11.58944853,47.70704997
701,6.9197,2.94029,14.0393289,51.52908966
702,2.2239,2.46431,11.27188198,52.58042437
703,9.21845,1.40501,7.585196523,50.2642026
704,13.19208,6.48618,29.37182408,51.35386721
705,5.46513,2.30035,11.83941721,49.48391513
706,4.48235,1.30753,7.128830917,49.54962355
707,3.31938,4.59537,19.9319474,52.09034908
708,7.87743,4.56756,25.53701123,47.8384668
709,2.94143,1.90086,10.80116235,47.10472279
710,6.18635,2.74365,12.64055209,51.99178645
711,3.79063,2.80157,14.85718841,49.65639973
712,19.7712,3.69319,22.11871407,46.97878166
713,19.76205,2.00899,8.594079565,51.60574949
714,13.81135,3.00749,17.23632987,47.78370979
715,8.87225,3.24306,18.46667504,46.84736482
716,3.05845,0.600322,3.577720492,48.0164271
717,9.6449,1.23653,7.353445956,48.06844627
718,3.12175,6.6823,35.5557902,48.183436
719,3.48758,3.99616,20.14281291,49.94387406
720,9.93523,1.24999,6.171911587,51.00616016
721,15.72925,1.97875,11.58496808,47.18412047
722,7.12525,2.64518,14.67583696,48.29568789
723,9.05195,1.69213,8.294897074,51.20054757
724,2.40455,2.26463,11.43211132,50.87200548
725,3.41163,1.46806,6.918925497,52.46543463
726,2.85428,1.1482,5.991022399,50.12731006
727,4.39905,3.07934,14.10700974,52.42710472
728,9.19958,2.76648,13.97591516,48.83504449
729,8.07645,1.41062,6.639620548,52.54483231
730,5.34625,1.48434,6.88911511,52.01368925
731,7.82153,3.43219,15.27192616,49.66187543
732,10.21525,3.36367,16.73779116,50.91033539
733,4.28013,0.930731,4.584612224,52.55852156
734,11.54403,4.60651,23.51654265,49.73305955
735,8.32485,1.5226,7.53806885,51.70157426
736,2.73783,2.30117,11.08421285,51.20054757
737,12.0024,3.53951,16.5923544,51.93976728
738,3.31748,4.59537,21.44605426,51.88227242
739,9.6267,2.79806,13.44821798,51.55373032
740,19.59533,4.10456,21.58888335,49.89459274
741,3.42658,2.47109,11.82466018,51.28268309
742,8.4018,5.26684,24.41286926,51.89322382
743,6.5183,1.58297,10.11772812,47.10472279
744,4.0422,1.85291,9.035166607,51.92881588
745,13.77693,5.01197,23.29915796,51.96714579
746,7.56668,2.92171,15.38132968,49.61533196
747,6.4222,2.455,15.04019929,46.68583162
748,6.67823,1.80485,10.25933635,48.95277207
749,2.67785,1.4882,8.347809029,48.31211499
750,5.37983,2.80864,13.53450809,51.43326489
751,5.37523,3.55388,18.65727187,49.73853525
752,3.36613,3.40278,17.65486058,49.43189596
753,16.4683,4.7814,24.27620375,49.76591376
754,4.14475,3.59316,16.50511606,51.60027379
755,1.98618,2.98441,14.25398739,51.73169062
756,2.6759,1.33195,6.554243127,51.77275838
757,10.24828,4.44311,19.889395,51.89869952
758,3.72923,1.29225,6.950383455,49.16632444
759,19.5065,4.01626,18.14901367,52.07665982
760,2.88105,2.11489,10.3871832,51.70978782
761,6.26393,3.0185,15.02004913,50.24229979
762,10.11758,1.78675,8.341941776,51.62765229
763,3.7077,2.86208,13.69156082,51.55646817
764,13.605,6.55688,32.65713016,49.83162218
765,4.86683,3.04589,15.16228557,50.76796715
766,10.28988,2.33272,13.68693813,47.26078029
767,3.01998,1.81913,8.910413399,51.17590691
768,18.99568,3.35493,16.04012144,50.31074606
769,8.42683,2.30302,12.73750992,48.85147159
770,6.01233,3.54792,17.71187369,50.05065024
771,9.82478,2.09334,10.19009091,51.24435318
772,14.37233,1.99134,9.762006649,51.17864476
773,21.61923,8.0243,41.39518856,47.45242984
774,15.38253,1.62296,10.04963243,46.80629706
775,13.13648,3.51811,17.55209476,50.84188912
776,12.7815,6.73752,31.92081954,49.7303217
777,3.96788,0.944641,5.11866263,49.42642026
778,5.36688,2.30455,11.5294129,51.1266256
779,5.25703,3.16069,18.14119066,47.26899384
780,8.266,1.88338,11.14363212,47.58932238
781,3.46553,1.29514,6.604843739,50.55989049
782,4.74608,2.39391,11.0689817,52.14510609
783,4.12773,1.41099,7.036732825,51.22245038
784,9.86673,5.10242,22.36845755,52.21629021
785,3.92383,0.932563,5.11866263,49.42642026
786,5.44515,0.776654,3.995385934,49.56605065
787,7.99985,1.98626,10.20411305,50.4202601
788,12.51898,2.66167,12.51289488,51.24161533
789,11.2885,1.49129,7.351833943,50.9650924
790,4.13933,3.15922,14.47243885,52.88706366
791,15.62508,4.17618,21.10516093,50.091718
792,15.3833,3.91103,18.63724024,51.49623546
793,3.2642,1.18892,5.811045895,52.52566735
794,7.07348,2.61147,13.2039269,50.00410678
795,5.38185,1.69304,8.309393338,51.60027379
796,15.46545,3.29732,15.32609453,50.84462697
797,7.17853,2.92702,14.10819505,51.3100616
798,16.2491,9.25756,40.05994401,50.61738535
799,5.8312,2.00776,11.29102463,48.14510609
800,5.82455,1.02029,5.675696073,48.77207392
801,3.3201,2.75129,14.52862225,48.27378508
802,9.20815,1.22218,7.353445956,47.21423682
803,8.01503,1.44567,7.088423916,51.24982888
804,3.7028,2.25202,10.94089779,51.77002053
805,5.3282,1.99955,9.281045993,52.5174538
806,4.43458,1.10902,5.505901327,51.816564
807,4.72855,2.3898,11.04366362,52.16974675
808,3.72295,3.1317,14.97571878,51.63586585
809,6.67468,3.80345,18.47414246,50.94592745
810,5.27133,2.65075,12.41202554,52.83504449
811,6.55045,1.04735,6.047312469,49.23203285
812,6.55165,2.17271,11.02444984,50.091718
813,11.12733,4.3855,18.08891877,51.26899384
814,20.11188,1.74217,9.394147665,49.908282
815,3.5808,1.16802,7.189008783,47.75906913
816,12.26315,4.01677,18.06307915,49.45379877
817,19.00663,5.08246,25.71563648,48.63518138
818,18.57265,2.35512,12.48551437,49.89185489
819,7.75448,3.81424,18.89682173,50.90485969
820,4.16118,2.48537,12.59539202,50.37919233
821,12.132,2.96079,13.55833269,52.00273785
822,4.50495,2.12584,11.37025033,49.07049966
823,13.5163,9.37407,38.30498345,52.95003422
824,9.55913,2.90743,13.96050621,51.55646817
825,3.432,19.9432,69.14729522,47.72347707
826,3.86978,3.12811,14.15762221,52.03285421
827,5.19705,2.93894,14.90317819,50.04243669
828,8.28628,2.27039,11.02908438,51.2991102
829,5.87198,2.49479,13.2292924,49.78234086
830,5.31573,1.65503,8.171341023,50.56536619
831,3.39448,2.06823,10.08922157,51.99726215
832,8.99453,7.57298,34.96444222,50.21492129
833,4.48083,1.30753,7.128830917,49.83983573
834,6.61063,2.55475,11.84898261,52.04928131
835,3.53613,2.58661,13.73103143,49.07049966
836,9.84518,5.3132,30.61461494,47.15674196
837,2.78958,1.10719,6.640711027,47.63312799
838,3.34813,3.4423,18.058575,49.70294319
839,5.34765,2.26253,12.06769484,49.42915811
840,15.46848,2.19268,10.4642872,51.55099247
841,2.83555,4.79349,21.16608554,52.87063655
842,23.4477,4.66167,25.7457432,47.47433265
843,3.12203,2.48612,12.72328628,49.10882957
844,8.87225,3.94167,22.24163006,47.80835044
845,9.61188,1.63271,9.63291523,47.56468172
846,5.77408,1.1989,5.651907029,52.49007529
847,11.22548,4.22379,21.43882391,49.83983573
848,5.31468,2.68102,14.15809633,49.13620808
849,4.4067,8.57324,33.65965998,52.25735797
850,3.82603,1.50678,8.470333865,48.83778234
851,6.44263,1.70719,8.592289756,49.7522245
852,11.6291,3.42381,16.8917621,50.16016427
853,2.70298,2.96822,15.62704312,49.99315537
854,21.44658,2.51092,11.61832252,52.85420945
855,6.31678,1.27409,6.919399618,49.09514031
856,16.20903,2.17311,10.57425967,51.1430527
857,2.69115,1.01405,5.19662005,50.97604381
858,5.43153,1.53297,6.089651514,52.54757016
859,4.19945,2.42598,11.21173967,52.24093087
860,26.6591,7.18615,27.8357891,50.14373717
861,23.48148,12.7765,53.55284794,51.08008214
862,7.4777,2.22066,11.7892196,49.045859
863,3.63805,2.92746,15.46927921,49.68925394
864,16.35143,4.45621,20.88742066,51.8329911
865,6.6271,3.62685,17.27828962,51.56194387
866,2.63558,1.096,6.007592944,49.52498289
867,6.78663,2.68865,13.09760517,51.13483915
868,5.77408,1.48606,8.06744916,49.39904175
869,5.56808,1.66743,7.642008126,52.82135524
870,3.5723,6.30686,29.52306882,48.47091034
871,8.52815,2.65407,13.64877136,49.0513347
872,10.13758,2.42301,11.67642611,51.64681725
873,7.40008,1.89212,8.844593488,52.43258042
874,10.16703,2.47759,12.50341245,50.91033539
875,4.43175,1.45592,8.28590062,48.74743326
876,3.6955,2.46438,11.41180707,52.00273785
877,3.09415,2.61549,15.25284277,47.04449008
878,2.3843,1.4835,7.340538,51.23340178
879,3.46598,1.32531,6.978569975,50.59548255
880,7.04493,4.19148,19.96869181,50.24503765
881,20.89053,3.88524,18.31377087,51.44695414
882,5.23248,4.05086,18.28567918,52.14784394
883,5.08413,1.63453,8.004699185,51.74264203
884,21.51615,3.17144,15.20234883,51.45790554
885,3.1498,2.24126,10.89634223,51.02532512
886,3.80165,1.4491,7.476255266,50.57084189
887,9.25975,4.52783,20.26217299,52.03559206
888,15.60628,2.74929,15.98263421,47.52361396
889,5.50705,1.06457,6.448099187,47.04449008
890,6.5367,1.44738,7.86109965,49.47022587
891,8.03293,1.80097,10.73406231,47.75359343
892,7.20695,2.15675,11.48897034,49.33059548
893,4.43095,2.62755,13.96441772,49.51403149
894,20.54093,2.7706,13.8000161,50.04791239
895,7.7816,3.53371,19.29579494,48.04654346
896,3.08408,2.53732,12.30914119,51.74811773
897,11.7404,3.15684,18.23625202,47.03627652
898,3.04353,2.1644,10.49808021,51.1266256
899,4.94628,3.54137,16.834749,51.80835044
900,3.84298,2.58743,12.53434888,51.23613963
901,2.5824,4.12507,18.49132936,52.84325804
902,9.80358,1.88202,9.66110175,50.31895962
903,8.70515,9.59277,37.86962143,49.49486653
904,7.04715,2.67661,12.31376387,52.92539357
905,9.16603,2.41846,11.23301587,50.53798768
906,5.04385,2.59617,13.05078567,50.98151951
907,5.38283,2.87343,15.78978531,48.49281314
908,6.5283,4.0268,20.45549601,49.5523614
909,2.70425,2.08549,11.23993804,49.06502396
910,5.3247,2.7797,13.29614353,51.17316906
911,2.95285,2.49615,13.19124415,49.52224504
912,14.03305,3.20927,15.29361721,51.3100616
913,3.24633,1.86985,9.250880015,51.71800137
914,8.89395,1.44665,7.86176342,49.229295
915,5.27418,2.02089,11.91870217,47.85215606
916,2.92918,1.31735,7.783272613,48.95277207
917,6.39773,1.90853,10.2503636,49.68377823
918,19.0267,4.23917,23.22294294,47.96167009
919,10.7222,2.77715,13.32364257,51.89596167
920,6.9266,3.6727,17.13901644,52.36960986
921,6.93185,3.54935,16.92139469,51.03901437
922,2.6344,1.53994,7.914710933,50.87474333
923,3.74905,2.47463,12.53648243,50.37919233
924,3.8742,1.53994,8.309428897,49.22108145
925,11.4097,5.45125,26.54463785,50.40657084
926,6.74935,1.77523,8.632767875,51.05544148
927,5.16415,1.85903,9.52579934,50.61190965
928,2.45228,1.2778,6.710466146,50.61190965
929,7.399,1.1008,6.066004707,49.08418891
930,4.48733,3.06733,14.64134462,51.35386721
931,4.6457,2.54069,11.55413833,52.71457906
932,5.13965,2.32161,11.16436309,51.24161533
933,3.36753,4.05194,18.28567918,51.20328542
934,3.16855,3.69768,17.52471424,51.01711157
935,9.09065,1.45828,8.254454514,47.2936345
936,6.49615,2.63508,12.76489044,51.85763176
937,5.6478,2.52088,12.24916483,51.14852841
938,4.43163,2.3357,12.43833929,49.7467488
939,4.13155,2.54348,14.21167205,48.20260096
940,10.9682,2.50116,10.47468231,52.30663929
941,22.20228,5.34516,25.63171699,51.4770705
942,8.64288,2.75289,15.25604309,48.14236824
943,5.7167,1.69654,8.720764817,50.5927447
944,5.37483,3.55388,21.03190917,47.43600274
945,4.85825,4.13038,18.77473546,52.76933607
946,7.37148,2.7698,12.29195429,52.21902806
947,9.635,3.36734,17.61290083,49.69746749
948,16.06048,4.82599,23.54747907,50.0862423
949,22.29508,3.28804,19.01547063,47.8384668
950,4.42348,2.70789,12.38132618,52.50924025
951,8.19013,2.09677,11.75325749,48.44626968
952,6.6739,3.88277,19.99038287,49.35523614
953,15.77438,7.51354,34.25373416,49.50855578
954,21.80323,8.39287,39.67329797,50.38193018
955,20.4757,4.86914,25.86332532,47.63312799
956,11.61758,2.95761,14.89037691,50.41478439
957,15.98725,2.39854,13.20179336,48.76112252
958,3.03983,3.71179,17.53941201,51.99178645
959,17.37163,2.45674,12.6281064,50.12731006
960,3.6321,4.08435,20.4265746,48.6899384
961,3.31715,1.44031,7.474927726,49.87268994
962,7.67813,2.12916,12.61139362,47.21971253
963,7.19315,3.26893,16.30977802,50.63381246
964,4.15995,4.19875,20.78477336,50.70773443
965,19.05848,3.20327,15.86683005,50.45311431
966,3.90213,0.965906,4.921534782,50.61190965
967,4.27735,2.89286,13.12664511,49.53867214
968,3.86245,2.0866,10.42687902,50.22587269
969,6.35655,2.37666,12.69246838,49.59342916
970,5.91895,1.47573,7.980187106,49.83162218
971,6.43358,2.28963,10.60993731,52.17522245
972,7.5027,2.97407,13.65612024,50.39288159
973,22.02005,6.06256,26.51820557,52.42436687
974,2.74128,1.92679,10.33555137,49.62080767
975,9.44135,1.16363,7.08230775,47.78644764
976,6.67195,2.62493,13.91736116,49.65366188
977,1.98318,2.98441,13.65920203,52.56673511
978,11.11068,4.22897,18.88485016,52.06297057
979,4.16633,1.23751,7.803268686,47.95619439
980,5.40035,1.98765,11.74876519,47.77275838
981,3.93448,2.16364,10.56239478,51.75085558
982,8.90385,2.35305,13.70092472,47.93976728
983,7.56398,2.03952,10.9657062,48.13963039
984,3.01865,1.79802,10.27008705,47.52635181
985,12.42215,2.8046,13.50973524,51.15674196
986,5.72928,3.75587,18.58994662,50.69130732
987,3.6621,2.91463,13.35410487,52.19164956
988,21.96008,6.06256,26.51820557,52.79397673
989,5.26003,2.66563,12.85912208,51.60301164
990,9.7738,2.50679,13.33905152,49.88637919
991,3.3147,2.18264,10.61005584,51.77549624
992,11.12733,2.12241,12.63794442,47.71252567
993,3.74688,2.22441,12.57690128,48.81861739
994,7.28425,1.97565,10.60633399,49.63175907
995,15.35135,5.22353,22.96265026,52.81314168
996,3.80358,1.68489,9.02998683,49.41273101
997,3.69618,2.76706,14.66315421,49.35797399
998,16.87033,4.02358,16.66335409,51.15674196
999,13.21735,1.91076,10.22799692,49.97946612
1000,13.1437,2.33964,11.31038064,51.6495551
1001,5.44208,5.8334,16.99476499,52.65160849
1002,2.28993,1.36963,6.75221254,51.32375086
1003,10.41338,2.05005,9.99943482,51.65776865
1004,9.8288,7.98279,33.00892828,51.41957563
1005,17.6532,2.68223,15.38476706,47.93429158
1006,6.12063,1.7833,8.495201536,52.00273785
1007,4.57203,2.79207,14.71293696,49.98494182
1008,2.496,1.87131,8.71839421,52.79123888
1009,6.57288,1.36811,6.827491174,50.92676249
1010,5.21545,2.47347,15.2076827,46.69678303
1011,15.16325,4.85882,23.95522352,50.85831622
1012,6.23393,1.95669,11.47473484,47.39493498
1013,24.26538,1.20867,7.517646069,47.73716632
1014,3.6879,1.20716,6.238122648,50.55715264
1015,3.21993,1.26515,6.577581756,50.28610541
1016,3.05048,1.64459,7.710980945,51.45242984
1017,14.39705,4.26794,19.87043014,52.11772758
1018,7.41268,2.34122,12.98037864,48.862423
1019,8.90385,5.01695,24.43207118,50.75154004
1020,4.12755,3.12514,16.76932024,48.5119781
1021,6.65563,3.88043,19.99038287,49.14989733
1022,13.74068,2.13752,12.59171758,47.45516769
1023,3.2124,2.19718,12.95394637,46.35728953
1024,3.72553,2.15642,12.04861145,48.56125941
1025,13.1943,4.69788,20.849728,52.57494867
1026,9.77613,2.38682,11.94063029,50.10814511
1027,20.2623,3.05333,14.59547337,51.83572895
1028,5.27295,1.49804,8.089424689,49.39904175
1029,17.0501,5.4325,23.95297145,51.64134155
1030,22.18473,9.64858,39.89577946,49.07323751
1031,3.0516,1.64459,7.658471994,52.40520192
1032,3.78183,1.62968,9.702646643,46.82546201
1033,4.90835,5.81596,26.59631708,47.4934976
1034,2.27903,1.79743,8.392139385,52.78850103
1035,8.35698,1.91467,10.77224094,48.45722108
1036,3.57333,6.30686,31.17668592,49.15263518
1037,4.43018,1.78232,9.58845449,49.85078713
1038,3.36408,1.47657,6.929699907,52.42436687
1039,10.329,4.27219,18.88485016,52.30116359
1040,8.266,3.68879,15.58863929,51.68240931
1041,2.31265,3.13012,14.22791071,52.60232717
1042,8.35698,1.96536,10.20503759,50.30253251
1043,27.425,15.1426,61.04527075,51.07734428
1044,3.5798,2.31753,12.27654534,49.69199179
1045,4.04753,3.54382,16.4955151,51.77002053
1046,5.24605,7.0543,31.50039234,51.97809719
1047,20.13228,2.40025,12.21490955,49.60711841
1048,22.8908,3.91178,18.62467602,50.46680356
1049,10.77935,4.13812,22.22965849,48.56947296
1050,20.32648,3.93111,21.24763443,48.35865845
1051,4.4532,1.86827,10.06210182,49.23203285
1052,8.16775,2.67876,16.45758538,46.79534565
1053,2.556,2.67699,12.83091185,51.92060233
1054,5.85425,3.14296,15.11771815,50.16837782
1055,6.39398,3.27341,14.94134497,52.5119781
1056,3.63648,1.98905,9.705064662,51.52635181
1057,7.0738,3.411,19.30669973,47.10472279
1058,11.2838,12.7559,53.75434956,49.63449692
1059,2.9261,0.836598,4.374256388,50.53524983
1060,7.3845,2.03089,9.429825305,52.95277207
1061,4.59365,2.12321,9.85429439,52.04380561
1062,4.93385,1.49487,8.085572452,49.95208761
1063,6.4324,2.28963,10.5644098,52.27652293
1064,12.4137,2.29144,10.64633798,52.48186174
1065,17.07108,3.97466,17.95379416,51.73169062
1066,5.77408,1.64182,7.683529312,52.36960986
1067,12.7873,1.65111,9.759754572,47.61670089
1068,8.15465,2.22078,10.88525964,50.30527036
1069,14.104,3.80131,20.62120146,48.93360712
1070,13.66348,2.02594,10.86128095,49.81245722
1071,15.76193,1.75924,10.42878736,47.17316906
1072,5.14875,2.27232,12.15351082,49.96030116
1073,2.82803,1.803,10.14480046,48.52566735
1074,17.81635,2.67446,14.25612094,49.01574264
1075,7.14628,3.34753,16.66335409,50.48049281
1076,6.4861,1.99179,9.705823256,51.1266256
1077,2.01198,0.636561,3.435377378,50.41752225
1078,3.18345,2.18303,10.11688656,52.20260096
1079,17.0677,8.06333,31.28881564,52.03011636
1080,9.14058,2.28165,11.73870196,50.33812457
1081,3.41183,1.46806,6.918925497,52.29568789
1082,18.19218,4.25371,22.66466493,48.40520192
1083,7.0184,2.12877,9.565992986,51.94250513
1084,6.61738,1.28108,7.290032212,48.04654346
1085,5.87665,3.76058,17.84723536,51.56741958
1086,9.04203,2.84493,13.15212913,52.11498973
1087,13.977,2.21789,10.78396359,51.70431211
1088,6.72233,1.32753,6.870185811,50.52703628
1089,2.62288,2.69991,12.42790861,52.65982204
1090,2.8036,1.2152,7.014543941,48.32580424
1091,17.6532,2.72757,15.1159402,48.15879535
1092,3.16293,3.74322,17.40831743,50.97604381
1093,5.33175,1.40983,7.29994135,50.97604381
1094,7.49878,3.9274,17.73688359,52.15605749
1095,2.02165,1.24127,5.876877659,52.96372348
1096,4.78208,2.7028,12.44118401,52.23545517
1097,14.51265,4.69853,23.93839221,49.87268994
1098,2.72363,1.93046,11.46014375,47.02806297
1099,14.73558,2.14088,12.03166161,48.47638604
1100,5.03063,1.52907,7.557804156,51.02806297
1101,3.66703,2.0856,10.04259173,51.76180698
1102,8.07408,3.86311,16.86556689,51.72347707
1103,18.4106,2.43728,14.96742165,46.39288159
1104,6.08535,2.43914,11.86548204,51.97535934
1105,5.91118,3.50133,16.0418994,52.04654346
1106,3.49738,2.01965,10.34743997,50.81451061
1107,7.4556,1.46512,8.815873581,47.71800137
1108,8.65655,12.3437,47.98500265,51.85215606
1109,4.38708,1.80049,10.30582396,47.36755647
1110,5.0894,7.16036,30.84681592,51.87953457
1111,16.81225,3.27816,19.80511991,46.83915127
1112,9.38315,18.3949,70.31304134,52.8733744
1113,3.5598,3.57319,20.25968385,47.60301164
1114,7.4865,1.44066,7.864714826,49.229295
1115,5.7586,1.5039,8.045509189,49.94661191
1116,5.49228,3.0481,13.97638928,52.37782341
1117,2.8978,3.67131,18.98299331,49.5578371
1118,4.91353,2.30626,10.6143822,52.15331964
1119,7.61843,2.86106,13.78259214,50.08350445
1120,3.38303,2.02475,9.448043422,52.27652293
1121,2.65958,1.87466,9.1625986,51.29637235
1122,2.45208,2.75505,15.26813318,48.94729637
1123,3.76563,4.16154,19.54411605,51.59479808
1124,5.61063,2.27903,10.85227264,50.9650924
1125,6.79925,1.76347,8.218148664,52.69267625
1126,7.37825,1.8601,9.988944883,49.22655715
1127,5.4374,0.914172,4.335485106,52.83230664
1128,10.87448,1.32371,8.078934752,47.92881588
1129,21.34043,3.80616,19.64735599,48.23819302
1130,4.4067,6.00367,26.27142536,50.03696099
1131,3.22103,2.16703,9.139520739,51.2881588
1132,4.56015,1.30866,7.128830917,49.71937029
1133,13.96155,2.26251,13.31344896,47.33470226
1134,5.0351,3.209,16.7746541,49.69199179
1135,5.04553,1.55431,9.255964968,47.90417522
1136,2.90543,5.08981,23.84380498,50.34633812
1137,27.29298,2.73068,16.23545948,46.71868583
1138,25.64668,6.84507,30.91212615,50.93497604
1139,7.17625,3.44204,18.67611819,48.38056126
1140,1.91768,1.36399,6.821849129,49.92197125
1141,5.0616,2.21483,10.27014632,52.1724846
1142,9.62378,2.46111,11.42094576,52.54209446
1143,9.55263,2.65878,12.14260603,52.42162902
1144,3.6487,1.41171,7.597452562,49.01300479
1145,7.22675,1.62266,8.725541591,49.65092402
1146,11.08038,3.84863,21.84407922,47.91238877
1147,3.05663,0.677563,3.345744718,51.77275838
1148,9.01593,1.83789,9.458237033,50.91581109
1149,3.3618,1.31474,6.731801612,50.17659138
1150,2.54113,1.1608,5.468433879,52.8678987
1151,9.3904,1.39055,6.862445778,52.56399726
1152,2.83178,1.01101,4.96673041,51.17316906
1153,12.7607,2.92341,13.3132119,52.05201916
1154,9.17173,6.17496,30.47759384,49.2238193
1155,1.6932,0.882672,4.180968924,51.86036961
1156,3.2746,2.6304,13.9795896,49.86995209
1157,3.15868,1.84382,11.42991851,46.57357974
1158,7.1774,1.90924,8.946008067,51.27446954
1159,3.06958,2.26504,12.09543094,49.41546886
1160,4.388,2.93696,13.46374546,52.1670089
1161,8.45503,1.98875,11.20254172,46.32991102
1162,3.92275,1.13224,6.798024526,47.63312799
1163,2.6332,1.88747,9.243519279,51.07186858
1164,4.619,1.92063,9.390876227,51.90143737
1165,3.09965,1.9494,9.247004072,50.13826146
1166,2.52368,1.24431,7.103500979,48.24914442
1167,2.63565,1.58411,9.428995592,47.45790554
1168,3.22103,1.30498,5.314723704,52.61875428
1169,2.43578,1.66872,8.19767847,51.30184805
1170,6.9625,0.732285,3.565428893,52.94729637
1171,6.34658,4.81168,22.55703936,50.16837782
1172,2.30738,3.12653,14.35710881,52.46269678
1173,10.57595,1.98357,9.687676258,51.17864476
1174,2.92918,1.96251,9.959430822,50.39835729
1175,4.91658,1.44214,6.788470978,52.69267625
1176,7.04493,5.56832,30.54231142,46.97604381
1177,3.50548,2.18028,11.58073655,49.94661191
1178,6.84305,3.54751,17.71021426,50.85284052
1179,10.84578,2.30796,13.50191224,47.26078029
1180,8.9942,1.55623,7.656765156,51.72073922
1181,4.55685,2.20833,11.81098178,49.78507871
1182,3.62888,1.61429,7.880467511,50.29979466
1183,1.51538,1.22599,6.387376081,50.80629706
1184,12.99623,6.95205,34.08873989,48.44353183
1185,1.74545,1.21743,6.010010963,51.67693361
1186,3.81808,2.08075,10.10606473,51.97535934
1187,10.0962,2.29546,11.66619694,50.6036961
1188,13.386,3.56214,19.29555787,48.81587953
1189,4.9905,2.6273,12.0105632,50.87748118
1190,20.32288,2.69604,12.82154795,52.95550992
1191,9.23358,3.203,16.87647169,49.045859
1192,9.41025,4.24757,21.76490094,49.60438056
1193,7.40675,3.452,15.71522971,52.50376454
1194,4.91665,1.51115,7.156081048,52.00273785
1195,19.99228,2.76064,15.47378336,48.59958932
1196,8.90068,2.50407,12.67172557,50.31895962
1197,2.3292,4.00219,18.89528084,51.70978782
1198,12.08288,5.82957,27.96000892,51.54551677
1199,3.45548,2.24165,10.15116554,52.80766598
1200,4.2355,1.54432,8.349918869,49.47022587
1201,4.2843,1.6163,9.592105226,47.24435318
1202,12.57065,11.9869,48.76030976,51.53730322
1203,9.17125,3.30334,15.04624434,52.15058179
1204,8.24828,3.8216,16.59614738,52.40793977
1205,7.2461,3.61095,18.07623603,50.02600958
1206,3.87705,2.3122,12.3205201,49.40451745
1207,5.77205,1.1989,6.388407296,49.84804928
1208,2.01893,1.26366,6.238347855,51.89596167
1209,3.88973,1.78918,8.601392888,51.3155373
1210,14.8107,5.98514,27.71761432,50.94592745
1211,7.59385,3.47658,20.85506187,47.89322382
1212,11.94843,2.25278,12.63355879,48.44626968
1213,8.55708,3.45841,18.03143155,49.62902122
1214,4.4248,1.29692,5.977047669,52.68172485
1215,8.96753,1.37519,8.555746845,47.42778919
1216,9.0465,2.84493,15.03510249,49.61806982
1217,17.95105,2.20832,11.22268002,50.57084189
1218,5.84898,2.09591,9.275522478,49.08418891
1219,3.31788,1.89091,9.190251734,51.29637235
1220,4.03195,2.76042,13.33988123,51.94250513
1221,3.95008,1.29698,5.924147568,52.15605749
1222,6.9236,1.18516,5.622547058,52.49007529
1223,2.32548,0.979488,5.264241622,50.81724846
1224,10.08948,8.58532,33.89695776,52.29295003
1225,5.68488,2.04515,10.43505761,50.97878166
1226,7.0733,1.46379,7.541968499,50.36824093
1227,9.37315,2.30435,11.32102467,51.08555784
1228,3.24445,1.55293,7.275773009,52.94455852
1229,9.46303,1.9575,8.901037647,52.81314168
1230,3.05418,1.64033,8.05905721,52.40520192
1231,8.38353,3.17043,15.08749291,52.66255989
1232,3.55235,1.97888,10.62292824,49.65913758
1233,19.22485,2.63889,15.4789987,46.84736482
1234,7.9828,1.30481,8.274924708,47.95345654
1235,5.17233,1.97573,10.63303888,49.37166324
1236,19.4007,7.03292,31.69205594,51.53182752
1237,6.34708,1.00286,4.789515663,52.73374401
1238,12.55623,2.08926,10.70199984,50.37097878
1239,12.82305,6.65649,31.92081954,49.7303217
1240,4.31423,2.97111,14.98816446,50.38740589
1241,3.25023,2.39946,10.64047073,52.42710472
1242,9.84518,4.79331,22.36620547,50.56536619
1243,3.73048,1.38024,6.563215876,52.74743326
1244,3.74148,2.20757,10.2390558,52.80766598
1245,3.62128,1.97468,9.191354067,52.5284052
1246,3.4884,1.95827,9.057616257,52.21355236
1247,2.27903,1.38294,8.182174699,48.85420945
1248,8.05808,3.67151,18.8010492,49.11430527
1249,4.31293,0.938758,4.503987871,52.70910335
1250,1.8341,2.76215,16.00811824,47.06365503
1251,7.72715,1.81799,9.299548582,50.93497604
1252,7.0496,3.20228,18.29990282,47.21149897
1253,23.11213,6.74698,34.25930508,48.42436687
1254,6.96755,2.97277,13.662995,52.38056126
1255,7.54775,2.24761,12.359161,49.86721424
1256,9.36503,2.88446,14.4519331,50.51060917
1257,9.23658,3.39446,16.38729688,50.00684463
1258,3.9791,1.50279,7.76678504,50.72142368
1259,4.11915,1.81067,9.285917591,50.26694045
1260,12.95285,1.39163,7.3120433,48.91991786
1261,9.29308,1.34449,7.260150707,50.7652293
1262,6.11748,5.14259,23.88659444,51.4825462
1263,3.6027,1.62794,8.793388371,49.91101985
1264,2.78023,1.39388,6.527976799,52.56399726
1265,3.73293,1.90812,9.816803236,50.03969884
1266,5.31183,1.92101,9.750544762,50.17932923
1267,14.3011,2.21162,10.78396359,51.57289528
1268,6.99048,1.94049,10.4012409,49.52772074
1269,3.80358,1.99275,10.68947118,49.99315537
1270,3.21078,1.90508,8.871499881,52.10677618
1271,6.66098,5.21415,26.06707901,49.76317591
1272,4.32578,1.14369,5.390903169,52.97741273
1273,6.84798,3.78327,19.54541988,49.4017796
1274,11.46775,2.31906,12.40775845,48.1889117
1275,6.3989,1.82229,8.775893289,52.5065024
1276,4.57123,1.91758,8.926177937,52.82956879
1277,5.46115,2.05617,10.05604492,50.63381246
1278,3.90548,1.36971,7.352391036,50.954141
1279,6.95518,1.55426,9.600615706,46.57084189
1280,22.5946,5.51505,25.25396072,52.183436
1281,16.58663,4.41949,21.97327732,49.62902122
1282,4.16918,1.32438,7.239479012,49.77412731
1283,3.566,1.18221,6.42695337,49.86173854
1284,2.94363,3.63152,19.66086845,48.98562628
1285,8.40848,2.90057,15.29503958,49.40999316
1286,10.86258,3.53714,17.38710049,50.69678303
1287,4.614,2.74722,12.614831,52.01368925
1288,7.47843,1.49922,8.545114672,48.98015058
1289,18.09688,1.94498,11.52250258,47.68514716
1290,9.38673,1.9574,9.181705695,52.91170431
1291,9.5644,3.33202,17.52637367,49.0513347
1292,4.13865,1.80535,8.872234769,50.22313484
1293,2.0763,1.24744,6.539687599,50.64202601
1294,9.61613,1.2983,7.74707344,47.85215606
1295,3.9349,2.19476,11.70323768,49.77138946
1296,13.96583,2.25686,11.26007635,51.1430527
1297,3.96975,2.04195,10.39865694,50.68856947
1298,5.76085,1.41119,7.016144101,50.40109514
1299,9.60743,5.66274,25.8187579,51.40314853
1300,5.3285,2.12344,9.642693985,52.65982204
1301,18.81085,1.84131,9.068710699,51.2991102
1302,25.33195,5.02245,23.29915796,51.03353867
1303,2.23233,2.24312,11.71716499,50.65845311
1304,4.67673,1.80609,9.257470303,50.90759754
1305,4.14225,1.51152,7.47795025,51.1211499
1306,3.13815,1.5368,9.195004802,47.35660507
1307,5.14205,1.81359,9.310358551,50.51882272
1308,4.65923,1.00863,5.797580846,48.01916496
1309,3.7414,2.20757,11.26181875,50.4476386
1310,16.1495,4.93857,23.88292,50.99247091
1311,11.43873,2.84761,15.06165329,49.99041752
1312,4.9442,1.1192,6.399572856,47.08008214
1313,6.0133,3.43365,14.99124625,52.85420945
1314,5.34625,2.98294,14.99468363,50.49144422
1315,8.16713,2.40936,12.22427345,50.00136893
1316,2.5344,2.64179,13.20914224,50.19301848
1317,3.02885,2.68436,14.17682413,49.9192334
1318,3.52203,1.51357,7.113576059,52.62422998
1319,9.0162,2.45668,14.31183021,47.36208077
1320,19.00668,1.42695,6.694132662,52.72279261
1321,5.10065,5.89832,28.22824313,50.0862423
1322,7.48935,2.4476,13.05967545,49.11704312
1323,5.82615,2.19374,11.75216701,49.14989733
1324,3.11395,2.19854,10.71142301,51.45516769
1325,2.65465,1.19044,5.607031433,52.44353183
1326,5.5708,1.12015,4.893099348,52.14510609
1327,3.74078,2.2078,11.81098178,49.77138946
1328,6.36193,1.77388,8.674502416,51.72073922
1329,4.8447,2.74807,12.60096294,52.43258042
1330,2.59503,1.2386,6.104124072,51.32375086
1331,10.956,2.52263,12.21206482,51.47433265
1332,2.99168,1.43741,7.429435772,50.34633812
1333,6.41745,2.64924,11.19788347,51.05270363
1334,12.91385,1.71792,8.424984148,51.86310746
1335,8.78818,6.48023,29.50362984,51.07186858
1336,6.9927,4.11074,20.22803624,50.4202601
1337,3.54655,3.87444,16.85241002,52.19986311
1338,23.00485,4.40723,20.70358006,51.9890486
1339,12.40723,13.9674,52.8507926,51.91238877
1340,2.37658,2.51931,11.92462869,50.55715264
1341,9.73998,2.36815,11.05370314,51.88501027
1342,5.0738,2.21214,10.76968068,51.8384668
1343,5.8217,1.88344,11.14363212,47.54825462
1344,10.14055,2.58996,14.29938452,48.77207392
1345,6.3895,4.69076,22.34569972,50.97330595
1346,15.80538,3.59324,16.32364607,52.29021218
1347,22.60698,3.61823,16.47998762,52.96646133
1348,8.0729,2.02515,10.44622317,49.70568104
1349,2.2268,1.31849,7.152608108,49.5687885
1350,4.47243,2.50507,14.92842516,47.33470226
1351,3.19858,1.15209,5.989493357,50.19301848
1352,3.01998,2.13263,10.31977498,51.32375086
1353,14.9114,2.36221,11.96931464,50.15468857
1354,3.22608,3.41435,13.58595026,52.19438741
1355,5.39158,2.8807,14.48761074,50.53798768
1356,3.9264,0.932563,5.724826909,47.70431211
1357,7.64673,3.30691,15.95620194,50.40930869
1358,2.68428,1.95863,10.45057324,49.91649555
1359,4.5741,1.41531,7.534050671,49.27857632
1360,2.54873,1.20076,5.645660479,52.96372348
1361,2.84538,3.15265,16.52692564,49.86447639
1362,6.7938,1.214,6.292148787,50.82819986
1363,8.35898,3.81607,19.67675152,49.68104038
1364,3.98415,7.97492,37.93481313,49.29774127
1365,2.41698,4.62948,25.62116778,48.49007529
1366,9.16603,2.88564,13.88180205,51.19233402
1367,2.01403,1.26366,6.567897825,50.05612594
1368,25.03555,2.93585,12.24655716,51.4880219
1369,3.82415,1.50678,8.253198092,48.74743326
1370,8.15228,2.91366,14.67394047,50.30253251
1371,12.82565,2.41243,11.77812516,51.51813826
1372,23.0023,10.8188,45.29780078,49.46201232
1373,10.27433,1.96635,10.619076,49.87268994
1374,7.0688,3.34037,17.44861775,49.69199179
1375,3.63805,1.91331,9.353100601,51.8110883
1376,3.9711,3.35626,16.04391441,51.14579055
1377,15.28238,4.69244,21.90761149,51.06913073
1378,3.3314,2.14762,10.97242687,50.43394935
1379,2.91043,2.16907,11.04670985,50.7652293
1380,5.43748,0.914172,5.50341219,48.59958932
1381,5.58895,0.921619,4.993328623,49.2347707
1382,15.80538,5.64933,30.24788199,47.20602327
1383,6.95518,2.21118,11.3389346,50.07802875
1384,2.87933,1.26419,5.977320289,52.8788501
1385,3.99145,2.01083,10.27155683,50.9596167
1386,3.0577,0.762594,3.637613885,49.93566051
1387,9.17645,2.69204,13.07271379,51.00342231
1388,5.97985,1.7258,8.092625009,52.61875428
1389,15.46815,4.69514,20.849728,52.7008898
1390,2.5683,1.51434,7.195705748,52.40793977
1391,2.31438,1.27982,6.090516786,52.59685147
1392,8.6552,4.72825,23.13451929,50.21218344
1393,6.6983,1.89044,9.693270891,50.5982204
1394,6.72233,5.59549,24.30559928,52.79397673
1395,16.05778,6.94104,31.17360413,51.24435318
1396,3.953,0.983875,4.933387818,51.72895277
1397,3.9424,1.41815,7.07376171,51.29637235
1398,2.44083,2.51929,11.63969355,52.74195756
1399,22.3338,2.30247,11.2546121,51.57289528
1400,22.8926,3.91178,18.53660796,51.70978782
1401,8.4323,1.61229,7.341000268,52.12046543
1402,2.1605,1.16278,6.669964321,48.07392197
1403,9.44915,5.42356,30.78138716,47.17316906
1404,4.96718,2.17493,10.10819828,52.46817248
1405,7.74738,3.8491,15.19974116,52.80492813
1406,16.05555,5.33402,25.63171699,51.76454483
1407,3.63395,2.20263,10.22063618,51.05817933
1408,4.63993,1.53894,8.520590739,49.9137577
1409,4.49685,2.29081,10.62720718,52.96098563
1410,3.70783,2.86208,13.2066531,51.79466119
1411,2.51275,1.78709,9.205518445,48.76386037
1412,2.27928,1.94401,8.949030591,52.89253936
1413,2.02643,2.90601,13.88915093,51.67693361
1414,12.38373,2.6179,13.27634896,50.13826146
1415,8.83803,7.63846,35.27001349,50.49965777
1416,9.1526,5.32475,25.59366874,50.19301848
1417,6.49945,3.33812,16.71171448,50.86926762
1418,16.31893,2.49318,13.56354803,48.76386037
1419,8.0994,1.55925,8.457828912,49.84804928
1420,2.43583,0.997827,4.853012379,51.77002053
1421,5.31573,1.48089,7.335713814,51.52361396
1422,8.605,3.55391,19.42831188,48.22724162
1423,14.76525,2.58544,14.89796286,47.04996578
1424,10.10413,2.39591,12.74533293,49.95482546
1425,15.26595,4.1093,17.04276979,52.85968515
1426,4.46905,2.32296,12.35714599,49.7412731
1427,2.6553,0.86293,4.934099001,48.12320329
1428,5.3027,3.31824,15.82463324,51.18412047
1429,2.72475,1.96404,11.06009192,48.64613279
1430,8.85853,1.99849,12.12150762,47.40588638
1431,5.73853,4.54397,17.99551685,52.00821355
1432,2.84033,2.60497,13.87220109,49.60438056
1433,2.7006,1.47363,8.347809029,48.15058179
1434,4.75155,5.36634,26.61480782,49.0349076
1435,4.16813,1.59063,8.623569919,49.71389459
1436,4.14703,2.51745,11.62983182,52.64613279
1437,8.00123,1.98626,10.74642502,49.77138946
1438,4.5907,1.87356,9.28486267,51.75085558
1439,6.90545,1.58711,7.850194857,51.34565366
1440,3.54965,4.33738,18.48670667,50.48870637
1441,4.6704,1.77814,8.692910182,51.46338125
1442,10.17763,2.36346,10.50260807,52.15058179
1443,10.67063,2.0498,10.9971523,49.43463381
1444,19.27223,4.12131,23.48596182,47.09377139
1445,11.40128,2.81434,12.92798822,52.41067762
1446,2.96925,1.6088,7.34092915,49.50034223
1447,5.27133,3.86932,18.24111176,51.09650924
1448,15.76938,1.35765,7.270356171,49.80150582
1449,4.76045,1.55748,9.299086314,47.57837098
1450,3.98278,7.46632,30.86815138,52.04654346
1451,4.89778,3.57819,16.38220007,52.40793977
1452,12.58505,11.9869,53.32835143,50.96783025
1453,6.879,1.8867,9.678193829,50.06707734
1454,2.40455,2.39159,11.05000499,52.66255989
1455,10.8664,3.23499,14.85624017,52.45174538
1456,9.6423,1.70238,9.724598466,48.75564682
1457,2.80858,2.0697,9.632713728,51.71252567
1458,4.1329,2.58851,11.94228971,52.06570842
1459,7.20145,1.45205,8.254454514,48.83504449
1460,5.32758,4.69959,22.28287863,50.50513347
1461,16.75688,5.22739,24.21124911,51.36208077
1462,3.85328,3.07562,15.40942138,50.14647502
1463,5.7828,2.74437,14.4199299,48.6844627
1464,12.21835,3.02409,14.49412991,50.9705681
1465,2.5975,3.01795,13.71680779,52.29568789
1466,15.38253,2.46437,13.03940676,49.59616701
1467,3.2764,1.96865,10.57485232,49.05954825
1468,6.7132,4.44737,23.51523882,48.76386037
1469,8.33688,3.03156,17.53953054,47.70431211
1470,8.68675,4.14399,20.20433017,50.48323066
1471,1.94213,1.0212,4.826283782,52.82956879
1472,7.55238,2.78151,13.29910678,51.51266256
1473,17.91138,2.86719,13.78425156,51.42505133
1474,4.02753,8.83264,35.58518573,52.25735797
1475,6.632,4.77872,20.13736052,52.51471595
1476,4.43275,0.866771,4.992285556,47.87405886
1477,6.21823,1.91325,9.77540058,50.38466804
1478,2.33075,2.19597,10.05471738,52.99931554
1479,4.93905,4.71525,18.67481436,51.95071869
1480,7.26613,1.63359,7.940230521,51.88227242
1481,10.11648,6.62608,32.73322665,49.77960301
1482,7.6181,3.91927,21.13348969,48.35865845
1483,3.91675,1.87204,9.994397279,49.94934976
1484,5.78443,3.30618,17.16592283,49.49486653
1485,18.67073,4.2987,21.96260958,49.08966461
1486,2.22643,1.37943,8.237255759,47.65776865
1487,11.2998,1.42163,6.709624581,52.6954141
1488,4.2583,1.89764,9.258134073,51.90691307
1489,6.11748,5.14259,24.99864631,50.44490075
1490,6.77335,2.18761,12.95833199,46.91854894
1491,2.98295,2.14321,12.61518659,47.8275154
1492,2.86885,2.02683,9.705882521,50.04791239
1493,7.03565,5.00739,24.48825457,50.76796715
1494,6.6393,1.45953,7.207084663,51.59206023
1495,4.23523,1.54432,7.26309026,52.29842574
1496,13.52893,2.60636,13.87765349,49.76043806
1497,7.5377,2.05744,11.04251387,49.48117728
1498,13.81135,2.3559,11.42718046,51.34839151
1499,18.1784,4.25371,21.94731917,49.43189596
1500,5.12458,2.43415,12.3618872,50.72416153
1501,19.0759,2.50293,14.2989104,47.23613963
1502,9.14843,3.93809,22.24163006,47.17590691
1503,5.22888,4.06776,20.00342121,48.28747433
1504,6.46935,2.46882,13.17050134,49.74948665
1505,10.55105,1.63429,8.04761903,51.53730322
1506,9.63758,1.47485,8.767003512,47.8275154
1507,3.11133,1.4451,8.632530815,47.15126626
1508,4.78923,1.50405,7.776255616,50.05338809
1509,13.3531,5.56599,24.51859834,52.1724846
1510,20.0288,7.34532,34.08755459,50.10814511
1511,4.93818,4.01694,17.95011972,51.72895277
1512,4.7915,3.9752,19.73862437,50.21218344
1513,3.9532,0.983875,4.70580952,52.82956879
1514,6.66463,4.4278,20.77410563,51.36755647
1515,8.60448,3.69157,18.56813703,49.2128679
1516,4.7277,2.06005,10.58256865,50.86652977
1517,6.29088,2.22434,11.87828332,49.82888433
1518,3.24743,1.59037,9.034811015,48.72826831
1519,2.58038,6.13715,29.58138576,51.19780972
1520,8.78818,2.72941,15.14829899,48.5119781
1521,5.82703,2.00776,10.73533058,49.96851472
1522,15.51963,3.23334,14.91313474,52.13963039
1523,15.23895,2.03413,10.39327566,50.34907598
1524,4.7915,4.71322,27.24005549,46.14647502
1525,8.77065,2.43123,12.93308502,49.97399042
1526,2.0763,1.3775,6.492251747,52.68172485
1527,3.13488,1.73635,8.538832562,50.15468857
1528,20.05388,3.08711,14.59547337,51.4715948
1529,11.01085,2.14372,12.61234186,47.44147844
1530,12.60308,2.54338,11.77439145,52.85420945
1531,2.39633,1.13101,6.524634242,48.58042437
1532,4.22808,4.7169,22.9983279,49.32785763
1533,7.43213,1.24266,5.756936784,52.94455852
1534,19.9497,4.67091,24.79299613,48.16974675
1535,3.62215,2.82215,16.11242496,47.17864476
1536,8.44578,2.09058,11.17235203,49.62354552
1537,4.95773,3.90398,19.19208087,50.59000684
1538,2.5228,1.12178,5.824179059,50.57905544
1539,4.2891,1.59546,6.898621245,52.94455852
1540,3.5475,2.4799,13.20771987,49.31416838
1541,20.07313,7.44045,33.22074204,51.48528405
1542,5.19418,1.66808,8.903680874,49.60438056
1543,4.143,2.84838,14.36362798,48.70910335
1544,4.83908,1.63413,8.04761903,52.3504449
1545,8.0482,2.83785,14.8352603,49.84531143
1546,22.5739,3.36996,17.09741228,51.08555784
1547,4.3079,2.65356,13.42000776,50.0971937
1548,3.4197,2.44062,14.27093724,47.25530459
1549,9.10883,3.09114,15.49713385,50.0698152
1550,11.79103,1.17673,5.795376181,51.24982888
1551,6.54528,2.64759,12.20436035,50.88569473
1552,19.50098,3.21833,16.04818151,50.03969884
1553,3.15893,2.67737,13.49752661,50.74058864
1554,14.54258,3.4351,15.56872619,52.5174538
1555,4.2062,1.20892,7.618669497,46.9650924
1556,21.34043,3.31865,17.44186152,48.59137577
1557,2.32793,4.00219,19.82847039,50.82546201
1558,5.69975,3.92307,17.59855866,51.95619439
1559,4.4611,3.1885,16.79990107,49.7412731
1560,10.00035,2.91009,12.99863231,49.7357974
1561,2.14483,1.78177,8.895561544,50.58179329
1562,3.35423,2.30295,11.76867829,50.02600958
1563,15.34798,8.46435,34.96136043,51.80561259
1564,4.42795,0.873695,4.858464776,48.31759069
1565,8.25208,1.95011,10.47103158,49.84257358
1566,10.80098,4.26998,19.01049235,52.19438741
1567,4.53448,8.46214,35.58518573,51.76454483
1568,2.10805,2.52601,13.01451538,50.17932923
1569,3.2959,1.70338,10.1568787,47.75359343
1570,7.97775,1.30481,7.43243459,48.91444216
1571,6.24028,1.50385,7.415555867,51.58658453
1572,8.11748,3.26142,17.04585158,49.96851472
1573,3.51975,2.50638,11.50177162,52.56673511
1574,18.23573,4.9827,23.10950938,51.95071869
1575,17.79603,3.36949,18.79879712,47.77549624
1576,15.59063,2.45961,14.41400338,47.36208077
1577,14.48008,2.0104,9.801109815,51.61943874
1578,2.39633,2.49707,12.65987253,50.9431896
1579,5.08035,2.60249,15.89290673,46.83915127
1580,6.48763,3.59193,19.57114097,48.65708419
1581,5.3371,0.907021,3.755184152,52.82409309
1582,5.09328,3.34477,15.20791976,52.83504449
1583,15.49358,2.02766,11.38250637,48.8788501
1584,7.35083,2.51409,12.41664823,50.28610541
1585,6.15073,1.55988,7.648136146,51.2991102
1586,8.13715,2.48114,14.62451331,47.35934292
1587,8.24728,3.41003,18.96236902,47.79192334
1588,3.40553,1.02504,5.329267379,50.0698152
1589,10.89915,2.22772,11.48892293,50.23408624
1590,1.95675,1.20986,7.643169724,46.88843258
1591,3.51428,2.07465,10.04259173,51.97535934
1592,6.7425,1.64915,8.897244676,49.26214921
1593,3.04135,6.27638,31.39430767,49.98220397
1594,7.57958,2.51804,12.32146835,51.11019849
1595,6.3172,1.73876,9.386217984,48.88706366
1596,12.63625,2.81995,16.02032687,47.52361396
1597,5.62508,2.94368,14.06386469,51.17864476
1598,5.2839,1.7781,8.621602315,51.30184805
1599,4.62393,3.31716,15.13881656,52.32032854
1600,13.24735,2.11363,10.78859813,50.48870637
1601,13.1943,4.69788,20.97027338,52.38329911
1602,3.06085,2.95386,15.5906543,49.68925394
1603,4.63708,2.50113,11.55413833,52.10951403
1604,7.63943,2.80894,13.50973524,50.72416153
1605,10.9042,2.50649,11.50963018,52.12046543
1606,4.4417,4.6438,22.48722497,50.83367556
1607,5.45493,1.54317,7.508874822,51.38124572
1608,4.29758,4.81124,23.56608834,50.99520876
1609,5.358,1.32954,6.562125396,51.34017796
1610,9.90808,1.50172,8.928655222,47.8275154
1611,13.02535,3.29658,18.21716863,48.81861739
1612,7.30488,4.90993,22.85751383,51.19780972
1613,5.69538,1.93522,9.980908524,50.9431896
1614,12.84033,2.77243,12.96757736,52.32306639
1615,5.46843,2.20776,11.26181875,50.0862423
1616,4.87563,2.26938,11.00476195,51.49897331
1617,3.1995,2.30809,12.16370443,49.87542779
1618,9.01593,2.93228,16.95837617,47.33744011
1619,7.7816,5.0559,25.47857576,48.61875428
1620,5.73545,2.42564,11.64140039,51.70431211
1621,5.63008,2.56998,12.24489773,51.17864476
1622,24.8407,4.72563,20.85221714,52.7008898
1623,20.73423,3.00437,17.34845959,47.75085558
1624,14.50755,3.69441,16.72901991,52.09582478
1625,28.33828,3.35586,14.58753184,52.29295003
1626,5.87335,4.13804,21.48339132,48.3504449
1627,9.3327,1.57383,8.078164305,50.72416153
1628,9.50545,1.4295,8.539780805,48.47091034
1629,3.5628,2.09473,10.29542884,51.46885695
1630,3.09733,2.00036,9.074305333,51.18959617
1631,12.32953,6.06511,26.51737586,52.34223135
1632,2.51958,11.0525,35.40869402,47.59206023
1633,7.66435,2.25404,11.07482525,51.25530459
1634,14.29353,2.53677,14.08602987,48.38877481
1635,6.93413,9.18428,41.20091729,52.04654346
1636,14.92635,2.36221,14.53549701,46.65571526
1637,16.85128,3.46775,20.75514077,47.56468172
1638,5.43193,1.53297,6.089651514,52.24093087
1639,3.8886,1.14144,5.65081655,51.72621492
1640,9.0044,2.19729,11.41087068,49.01026694
1641,6.14225,4.78235,22.89911799,50.89117043
1642,15.54978,3.69366,22.11871407,47.08555784
1643,14.52583,5.94565,28.27103259,50.06707734
1644,13.05538,3.2407,14.91313474,52.04928131
1645,6.0597,3.05495,16.03277256,49.74948665
1646,6.27895,6.69694,31.96467578,52.04928131
1647,12.13465,4.09533,18.68963066,52.55304586
1648,8.27995,2.89404,14.03375798,51.84941821
1649,14.18943,4.0393,18.25592806,52.11225188
1650,12.48693,2.38403,11.56320591,51.21423682
1651,2.09298,0.884628,4.596429701,51.72895277
1652,5.16565,0.95867,6.085348862,46.89390828
1653,10.3494,3.09112,17.01112218,48.19712526
1654,20.16803,2.57712,11.52993443,52.91991786
1655,5.4897,1.16351,6.310758054,49.5578371
1656,5.33055,1.99955,11.22757533,48.55030801
1657,4.88515,3.16869,14.95687245,51.60027379
1658,7.91878,5.26582,24.36640536,51.68514716
1659,11.5673,2.41358,11.68108435,51.77549624
1660,5.99543,3.22477,15.39567185,51.94524298
1661,3.04065,3.58448,15.82285528,51.69883641
1662,6.93185,1.85175,9.483329911,50.91307324
1663,3.47133,6.02488,27.4895619,48.47091034
1664,14.9501,11.0028,48.40732633,49.72210815
1665,2.2532,1.45785,7.234050321,51.74537988
1666,4.63675,2.50113,12.29574726,51.93976728
1667,6.86845,4.05126,18.34518142,52.40793977
1668,9.6267,4.01931,23.00994388,46.99520876
1669,8.65305,5.34969,24.46134818,50.0752909
1670,10.22495,2.18106,12.8978815,47.22245038
1671,5.68275,2.09712,10.35528668,50.51060917
1672,7.97678,2.60497,14.70890693,48.78850103
1673,19.56828,4.19263,18.87003387,52.41341547
1674,8.2045,1.19862,6.937925914,49.4017796
1675,16.05778,6.94104,24.08963696,49.57152635
1676,7.28693,1.96898,10.58100405,49.05954825
1677,6.62233,2.72436,14.54699445,48.66255989
1678,4.2889,1.33249,6.32717451,52.13689254
1679,3.51785,1.66098,7.849234761,51.24435318
1680,3.06068,5.06627,22.18224635,52.30390144
1681,7.7803,1.82254,9.290646952,50.93771389
1682,3.55053,1.19893,6.586317444,48.94729637
1683,4.58755,0.957417,4.916343152,50.14647502
1684,14.11798,2.77865,13.54256815,51.26899384
1685,17.91138,2.86719,14.41755929,50.50239562
1686,5.53188,3.18949,18.22036895,46.75154004
1687,8.23835,1.28596,6.056522278,52.6899384
1688,8.90725,4.38933,21.47047151,50.51882272
1689,13.72163,1.67159,9.016984049,49.07597536
1690,3.01935,2.13263,10.31977498,51.32375086
1691,4.74723,1.77764,9.021132611,50.87748118
1692,4.4484,1.90005,10.22700126,49.56057495
1693,7.2095,2.15675,11.57336396,49.96851472
1694,8.32728,1.98773,9.790987322,51.90691307
1695,3.137,2.1415,12.53067444,47.72895277
1696,15.53633,1.69162,9.194566239,49.93566051
1697,22.67413,3.78565,18.28935362,50.93497604
1698,6.8566,3.91456,19.24162656,50.49691992
1699,7.67378,2.89406,13.79195604,51.71526352
1700,4.6432,2.2773,10.15026471,52.70362765
1701,5.23723,1.40089,8.375248808,47.31827515
1702,2.16098,1.36922,6.807459543,51.56194387
1703,16.63193,1.99588,11.20203203,48.06023272
1704,3.9066,3.86087,16.16066682,52.25735797
1705,12.5129,3.60892,18.11226926,50.87474333
1706,3.79675,2.76538,13.38753044,51.08281999
1707,5.47505,3.33891,16.66643588,50.275154
1708,10.4772,2.95557,15.93071792,49.15811088
1709,4.0787,1.98246,9.341828363,52.54209446
1710,5.5178,2.2113,10.76968068,51.05270363
1711,13.2525,2.61533,13.85015444,49.65092402
1712,4.31235,2.91957,14.14055384,51.69336071
1713,3.8198,1.51018,8.173960544,48.98562628
1714,2.73563,2.7718,13.98954615,50.81177276
1715,4.4373,1.31556,7.149289258,49.89185489
1716,3.6842,1.26347,6.859352136,48.36413415
1717,8.11263,2.62983,16.32435725,46.67214237
1718,9.92283,3.0585,16.06619812,49.70568104
1719,2.03375,2.90601,13.77631003,51.75633128
1720,19.01178,2.01781,11.3086738,48.29021218
1721,6.1431,2.57523,12.36722107,51.08281999
1722,8.44428,4.60454,23.54546406,49.44832307
1723,2.59298,1.67674,7.829155717,52.28747433
1724,4.88165,2.86612,13.70471769,51.08281999
1725,2.7474,1.99343,10.5673612,49.5797399
1726,4.47983,1.30753,7.445864081,48.42162902
1727,3.00048,2.2933,11.13051081,51.84941821
1728,3.50285,4.5615,23.98509318,49.48117728
1729,13.386,4.60565,22.47869079,50.57357974
1730,7.40205,4.73902,21.6757661,51.89596167
1731,15.3414,5.16581,26.02500073,49.64271047
1732,4.74298,1.85063,10.48572934,48.03832991
1733,8.3844,2.63972,13.64877136,49.30595483
1734,2.8899,3.67432,16.57694546,52.09034908
1735,3.9066,4.09292,16.94379693,49.31964408
1736,3.83738,3.26553,14.93328491,51.42505133
1737,3.1745,2.49777,13.97046276,48.54757016
1738,5.71275,6.29511,27.43361557,51.26078029
1739,6.31713,1.27409,6.308873422,50.75701574
1740,4.20385,1.53768,7.555279459,51.67419576
1741,12.68653,2.64023,14.08579281,49.42642026
1742,7.91198,2.21649,11.25149476,50.13004791
1743,14.39833,3.69278,17.45442574,51.15126626
1744,2.2532,1.80314,8.830998055,50.22313484
1745,4.32603,2.44709,13.62672471,48.3340178
1746,3.93845,1.61378,7.938251064,52.07665982
1747,6.89765,1.71228,8.401135839,51.12936345
1748,6.6416,2.5568,13.22218058,49.44284736
1749,21.4343,2.51092,12.73478372,49.85352498
1750,7.26413,1.19124,6.168711267,50.28884326
1751,15.35425,1.59991,7.837903258,51.02258727
1752,12.54823,2.83587,14.89215487,49.76591376
1753,4.60158,1.11384,6.730758544,47.33470226
1754,4.3652,1.70269,8.252309115,51.88774812
1755,2.97548,1.62635,8.780634504,49.53867214
1756,6.5991,3.74329,18.58994662,50.85831622
1757,9.49078,1.4295,7.796346512,49.11156742
1758,11.45888,2.71692,12.55035048,52.21902806
1759,20.16803,3.2445,16.04818151,51.01437372
1760,18.8697,2.54645,12.68571215,50.16837782
1761,3.3241,2.20112,12.82048118,47.67967146
1762,3.83385,3.10076,15.55888817,50.39014374
1763,6.29105,1.70567,9.206146656,49.93292266
1764,8.2563,2.00681,10.16106282,50.20944559
1765,13.21493,2.12267,12.55758083,47.37577002
1766,2.16185,3.0674,15.24739037,50.96235455
1767,16.8981,5.26136,24.36640536,51.6440794
1768,5.5747,2.49251,11.5536168,52.95550992
1769,2.92625,5.69316,29.01967037,47.10472279
1770,2.95468,2.51039,11.54433587,52.75564682
1771,2.37718,1.73491,9.896265991,47.6440794
1772,3.9731,2.04195,11.99586544,47.21971253
1773,2.95615,5.82225,25.65340804,50.10540726
1774,8.16165,4.6567,21.68406323,51.53456537
1775,7.8536,3.24658,17.50160082,49.61259411
1776,4.0574,0.999737,5.585162581,49.75496235
1777,9.70708,2.04526,11.99076863,47.67419576
1778,4.82368,3.74997,16.94107073,52.68720055
1779,23.85503,4.95958,23.15466945,51.41683778
1780,9.37875,3.20029,14.51179093,52.35318275
1781,10.50965,2.36485,11.45875695,51.34839151
1782,5.58183,3.20976,15.568015,50.2532512
1783,8.02463,1.66766,8.561068859,51.23340178
1784,4.23098,1.57815,7.358104199,52.15058179
1785,19.4796,3.27552,16.66762119,49.07323751
1786,5.62635,1.33965,6.172219766,52.56947296
1787,5.06558,2.67882,14.90543027,48.05475702
1788,5.95805,1.54292,6.87115776,51.52087611
1789,4.73985,1.87043,11.63651694,46.57357974
1790,2.8688,1.60869,8.642985193,49.63723477
1791,3.796,1.31482,8.338753309,46.65571526
1792,8.9812,3.50004,16.58773172,49.97672827
1793,4.6278,2.07233,10.64949089,50.16016427
1794,6.07165,2.27694,11.06894614,51.59206023
1795,6.5394,0.920279,4.993328623,49.97672827
1796,13.68928,3.3376,18.0890373,48.59137577
1797,16.99243,4.64698,23.62404969,49.45106092
1798,9.2844,3.47469,16.38729688,51.27446954
1799,3.6145,0.921212,4.471735759,51.76454483
1800,13.45653,5.71583,26.00437645,51.03353867
1801,4.46978,2.32296,10.70541352,52.77481177
1802,6.73965,3.16365,15.82522589,50.80903491
1803,4.8923,5.56097,30.14926473,47.40314853
1804,8.092,2.08513,10.13182138,50.770705
1805,11.01915,2.40793,11.67554898,51.60574949
1806,10.07593,2.13566,11.40924682,49.68651608
1807,3.7414,2.26539,11.5317598,50.87200548
1808,6.12768,1.50711,7.611166525,49.44010951
1809,2.10543,1.69676,8.637817269,51.24435318
1810,10.27463,6.149,30.61568171,49.85352498
1811,6.93745,2.33226,11.96978876,50.82546201
1812,6.81195,7.72717,32.30628028,51.11841205
1813,6.1914,3.33392,16.56710744,50.0862423
1814,2.22853,2.0802,9.755060769,52.3449692
1815,3.69358,1.89861,8.785529808,52.22450376
1816,13.2235,2.12267,11.35594371,49.8973306
1817,4.8421,1.62775,7.968476306,51.80287474
1818,6.07903,3.55315,17.40262797,50.61190965
1819,3.96043,1.94665,9.515890202,51.37850787
1820,8.25425,1.40769,6.639620548,51.33196441
1821,4.01925,2.1343,10.44247761,51.03627652
1822,19.35955,3.99063,20.64064044,49.74401095
1823,2.33075,2.19597,10.08628202,52.57221081
1824,10.98623,3.28033,16.32044575,50.48870637
1825,5.14845,2.17721,10.07908722,52.20260096
1826,7.22155,1.17422,6.097249311,50.33264887
1827,6.2022,2.41723,12.2607808,49.77686516
1828,6.32965,1.16473,6.98502988,47.23340178
1829,6.0414,2.77104,14.01609695,50.57357974
1830,2.6957,1.12068,5.300677856,52.37508556
1831,4.94563,2.15586,11.13265621,49.63175907
1832,16.9336,1.59461,7.572395244,52.27104723
1833,2.89193,1.93358,10.40872016,49.79055441
1834,7.26033,4.27644,19.21353486,50.56262834
1835,10.01888,3.23069,16.99523911,48.49555099
1836,7.20228,3.14632,15.07220249,51.15400411
1837,7.13458,2.95749,13.94711228,51.93429158
1838,11.41545,4.68524,21.19548107,51.21697467
1839,4.17063,3.11939,17.18808801,48.65708419
1840,9.03328,2.88175,14.4519331,50.01505818
1841,5.14928,1.40147,7.257993454,50.66666667
1842,9.3431,2.8595,15.07943284,49.5578371
1843,17.8411,7.13107,34.5236278,49.50855578
1844,21.13668,4.65679,21.08074368,52.50376454
1845,4.0931,1.67362,8.972902607,49.95482546
1846,14.33655,1.90464,10.33256441,49.82340862
1847,3.1021,2.28053,11.08043173,51.03353867
1848,7.0351,2.85543,13.95671324,50.66392882
1849,10.29933,1.31424,6.774543661,50.94592745
1850,3.70278,1.68057,9.998830315,47.45242984
1851,14.21715,3.84792,18.22937725,52.05201916
1852,4.58755,2.78947,12.82308885,52.5229295
1853,5.29285,6.53511,30.92587567,50.74606434
1854,4.89658,3.57819,14.54924653,50.48596851
1855,3.119,2.02477,9.435716264,52.72005476
1856,10.1377,2.38107,11.56320591,51.21423682
1857,12.6632,4.65676,20.80729413,52.29842574
1858,17.40498,2.48793,14.81831045,47.35934292
1859,17.64828,2.22591,11.61538297,50.23408624
1860,6.05155,5.53577,30.27692193,47.16221766
1861,3.4803,2.32464,11.70739809,50.4202601
1862,4.86473,2.49361,12.56078115,50.7926078
1863,15.3484,3.81163,14.99373539,47.21149897
1864,4.9662,4.28391,20.03293527,51.41957563
1865,10.2194,4.44503,23.82887016,48.90349076
1866,5.6498,2.37927,12.64197445,49.85078713
1867,2.72665,2.51458,12.0238386,51.90691307
1868,8.81763,2.99794,14.36860625,51.34839151
1869,1.61593,1.33517,6.297767127,52.15058179
1870,5.49115,2.24206,10.42617969,52.75838467
1871,4.12028,2.08732,9.421267413,51.25530459
1872,3.50413,1.77358,9.565838897,49.76317591
1873,13.40855,4.57089,21.45767024,51.4934976
1874,21.01553,2.36374,11.28981562,51.80835044
1875,5.79288,3.23861,15.568015,51.97262149
1876,9.22228,3.31778,16.33383968,50.56262834
1877,2.39633,0.865352,4.185556049,52.30390144
1878,12.71325,1.16802,6.164053024,49.08418891
1879,3.86223,2.2128,11.82388973,49.82888433
1880,2.92625,0.836598,4.180945218,51.55373032
1881,21.06688,4.40168,21.59291338,50.80082136
1882,5.47478,1.20536,5.96569246,51.29637235
1883,5.8686,2.73061,15.1678565,49.82340862
1884,6.9445,3.77416,21.44629132,47.1211499
1885,4.18263,2.02384,11.8735421,47.90417522
1886,6.97335,5.14922,25.12357732,49.93839836
1887,7.90338,1.06507,5.279081624,51.92607803
1888,10.4354,2.2614,12.02573509,49.49486653
1889,3.60795,4.0701,17.94288937,51.00616016
1890,8.78398,3.9235,17.4452989,52.7118412
1891,3.01093,2.06752,10.57615616,50.91307324
1892,7.47265,2.24704,13.00681091,48.55852156
1893,8.04968,1.89199,11.2192545,47.2991102
1894,20.8947,2.05266,10.53276219,50.16563997
1895,19.27223,2.13637,12.61032684,47.04722793
1896,4.51553,1.2158,5.738422341,52.89801506
1897,8.7824,3.9235,15.71285911,50.46680356
1898,4.31143,3.47129,20.00982184,47.63039014
1899,2.71568,1.0706,6.45994037,47.20328542
1900,8.0338,2.83785,15.69104952,48.22997947
1901,2.64895,1.6566,8.490353644,50.88843258
1902,6.04035,2.77104,14.01609695,50.22313484
1903,24.93825,3.31311,15.1464025,52.85420945
1904,3.23928,1.85187,9.034348747,51.91786448
1905,4.48083,0.764366,4.406366263,47.97535934
1906,4.4126,1.20462,7.191711275,47.44421629
1907,4.46088,2.63689,12.49120383,51.93155373
1908,18.60983,3.60184,16.32364607,52.29021218
1909,9.21535,0.933301,5.624870253,49.93839836
1910,9.1638,8.15076,25.32602718,50.68583162
1911,6.89993,2.71581,14.35793852,48.41615332
1912,9.47273,2.97503,15.6745738,47.4770705
1913,2.1384,2.11895,10.80056969,50.21218344
1914,7.62825,3.08154,14.78405518,51.08555784
1915,5.47605,1.05156,5.556999767,50.7816564
1916,18.94498,3.18816,14.63186219,52.66255989
1917,2.53345,1.86354,11.37368771,46.63655031
1918,3.8718,1.64099,9.294961457,48.76933607
1919,5.13318,3.05387,15.15280314,50.76796715
1920,5.23723,1.40089,7.236989874,50.9486653
1921,11.57495,2.13295,12.49950095,47.55373032
1922,2.43583,1.32957,6.549916769,51.65229295
1923,2.3639,5.02365,20.91563088,52.21629021
1924,4.13933,2.31455,11.23985507,51.44421629
1925,8.28473,2.97955,14.23205928,51.91512663
1926,18.99768,4.4902,25.23689235,47.11019849
1927,13.30308,6.07289,28.8082122,50.73511294
1928,6.56855,3.14676,15.72435655,50.13826146
1929,8.02705,3.05925,17.55007974,47.30184805
1930,10.39555,4.50163,22.03029042,50.46680356
1931,7.36938,2.56929,13.6298065,49.59342916
1932,1.9527,3.3143,14.85078777,52.03285421
1933,9.54875,2.25239,10.94264019,51.43052704
1934,4.76878,2.10152,10.23752676,51.55373032
1935,18.04113,1.75329,8.579204004,51.95345654
1936,2.97235,1.62635,8.163186134,50.29979466
1937,3.57698,1.3761,6.464100786,52.74743326
1938,10.74198,2.05778,11.04251387,49.88637919
1939,5.41575,2.57446,9.938628743,52.95824778
1940,2.87763,4.40691,21.64909677,50.80355921
1941,4.7246,1.4996,7.388720592,51.24982888
1942,8.44893,3.47352,19.08232175,48.03011636
1943,8.2305,1.70379,10.12086918,47.2991102
1944,9.45433,5.42356,30.78138716,47.04722793
1945,3.7026,1.75704,8.389294656,50.20670773
1946,5.3328,8.6315,34.41137954,51.77002053
1947,3.3451,1.77078,8.292099758,52.56399726
1948,3.41183,2.74894,13.14798057,52.76933607
1949,9.54395,2.48686,13.18662147,49.08418891
1950,13.97958,1.82854,8.570681671,51.89596167
1951,2.50315,1.70735,8.019254714,52.04654346
1952,5.27365,1.80029,10.26922178,49.229295
1953,18.37055,4.82698,24.53045138,49.99589322
1954,2.96893,2.92365,15.90345593,48.88706366
1955,10.38963,1.42978,7.796346512,49.229295
1956,4.35088,5.48737,23.95569765,49.82888433
1957,9.4281,4.51658,26.43167841,46.68583162
1958,5.7782,3.17148,15.08749291,51.87679671
1959,9.06173,1.58478,9.903614874,46.85284052
1960,7.42588,2.71863,13.68160427,50.27789185
1961,7.0745,6.2154,30.70220888,49.98220397
1962,2.55035,1.20076,5.980319107,51.6659822
1963,4.68168,1.76658,9.050362199,50.99247091
1964,3.4961,2.67756,12.94114509,51.70704997
1965,12.42215,2.8046,13.51423939,51.15674196
1966,15.3833,3.91103,19.3518598,50.06707734
1967,7.5068,2.97407,14.18713627,50.32991102
1968,7.67068,2.20852,12.359161,48.15879535
1969,3.0963,1.44847,7.080849826,51.79466119
1970,7.76613,2.63192,14.20159697,49.06228611
1971,5.94638,3.70195,17.52471424,52.09856263
1972,6.53728,1.14755,6.334487833,49.90006845
1973,5.08778,7.16036,29.80481549,52.73648186
1974,14.4653,1.95789,11.03896981,48.75564682
1975,6.87965,1.82916,9.447379652,50.14373717
1976,9.9047,3.86762,16.22941443,52.14236824
1977,2.29858,0.884621,4.41287358,51.72895277
1978,9.75695,4.55122,23.10690171,49.15537303
1979,5.99955,1.76007,7.342991578,52.39698836
1980,20.32888,2.24548,11.91727981,49.23750856
1981,2.99068,3.16417,15.08974499,51.43874059
1982,14.4653,3.59215,16.31949751,52.14236824
1983,5.90278,4.73732,22.03076454,50.40383299
1984,20.9722,3.52655,17.43700177,50.31074606
1985,5.8012,0.945225,5.36448275,47.96714579
1986,8.0804,2.11797,10.3132321,51.34839151
1987,11.05108,4.46345,20.75158486,51.8329911
1988,6.21513,3.80401,17.13877938,52.03285421
1989,8.15128,2.70807,13.70376945,50.09993155
1990,6.8125,5.39885,25.99394578,49.72210815
1991,11.35813,3.01759,17.47007175,47.54277892
1992,3.92745,2.83344,13.58073493,51.86858316
1993,11.4507,12.9373,53.50472462,51.8329911
1994,10.8076,3.69419,17.49887462,51.87405886
1995,3.6361,1.44493,8.629911294,47.57837098
1996,10.6648,1.59385,8.744387919,49.65913758
1997,15.14305,3.6548,18.00476222,50.97330595
1998,4.39208,3.07934,14.0966976,52.71731691
1999,3.7026,1.68057,9.966862676,47.45242984
2000,3.18835,2.18318,10.59852284,51.1266256
2001,2.7274,1.92239,9.049295426,50.40657084
2002,14.12465,4.08531,16.42309305,52.63244353
2003,16.81225,3.27816,16.61155632,50.26694045
2004,9.7828,2.61468,15.89764794,47.44147844
2005,21.20768,4.47388,26.34526977,46.42847365
2006,6.6061,2.55475,12.35359008,51.67419576
2007,4.66718,1.71462,8.857051029,50.66119097
2008,5.60548,3.7657,21.44629132,47.78644764
2009,2.89075,1.87036,10.59190884,48.03832991
2010,10.62458,2.43827,12.85995179,49.93292266
2011,5.85425,1.94133,9.965321781,50.11088296
2012,7.58195,2.75806,15.41629614,48.61601643
2013,9.06098,1.80263,9.707838272,49.95756331
2014,2.51205,4.13352,18.67303641,52.46817248
2015,12.7051,2.84458,13.12332626,52.11498973
2016,7.68943,2.89936,15.29503958,49.2128679
2017,4.00683,1.78484,8.458587506,52.91170431
2018,4.90508,1.96936,10.60764967,49.71663244
2019,11.82785,3.35611,17.5409529,49.0513347
2020,24.501,2.78144,15.47947282,48.73921971
2021,3.41163,1.5085,8.253198092,48.96372348
2022,5.09613,2.68793,13.01072241,48.03559206
2023,3.51785,1.39996,8.417718237,47.53182752
2024,4.27523,3.65824,15.27939357,52.12867899
2025,16.06048,1.73191,10.17472937,47.94798084
2026,9.5959,3.35002,14.17646854,52.49281314
2027,8.80788,1.69709,8.294897074,51.20054757
2028,10.40915,3.29675,14.94667884,49.11978097
2029,2.86628,0.910784,5.50341219,47.96714579
2030,13.1379,3.38281,17.64881553,49.82614648
2031,15.8562,1.61285,10.04963243,46.75154004
2032,20.62803,7.72157,37.76744825,47.47980835
2033,11.33285,1.6636,7.793561049,52.96372348
2034,2.63183,1.38891,7.417037496,49.97946612
2035,18.3058,2.81531,14.2032564,50.77344285
2036,5.74778,1.81821,8.500037574,52.66803559
2037,9.78598,4.49452,23.03495378,49.39904175
2038,7.72658,1.21169,6.598739426,50.94592745
2039,5.46603,4.08939,17.03802857,52.5284052
2040,6.41993,3.62601,17.27828962,51.86310746
2041,9.57603,2.15252,13.09535309,47.29089665
2042,3.47998,2.32464,10.81038401,52.44353183
2043,7.1702,1.82826,9.949332035,49.79329227
2044,3.64148,2.87294,15.14379483,49.62902122
2045,2.83468,1.90431,8.865703746,52.83778234
2046,14.27473,2.96595,14.39977974,50.46954141
2047,13.4526,3.46859,20.65178229,47.22792608
2048,2.83943,2.02186,10.27182945,50.48870637
2049,17.1789,2.74068,15.90511536,47.21697467
2050,12.93035,3.09129,16.95600556,48.59958932
2051,3.57018,1.71705,8.403684242,51.42505133
2052,5.70455,1.18387,5.585162581,52.04654346
2053,4.8439,1.53949,7.156081048,49.98767967
2054,2.5405,1.1608,6.445408547,49.58521561
2055,8.34668,1.91467,10.75917889,48.91718001
2056,2.93588,1.36436,6.321342816,52.99657769
2057,4.7133,3.42103,17.74885516,49.89459274
2058,14.8289,3.08801,15.21171273,48.88980151
2059,3.50115,3.31914,15.0597568,52.27926078
2060,3.432,1.80133,8.81910946,51.52635181
2061,16.9336,2.04162,11.01250198,49.03216975
2062,17.62263,2.26082,10.92192108,51.11019849
2063,7.04958,4.19148,21.48919931,49.22108145
2064,6.03223,1.7657,10.46904027,47.08281999
2065,6.63103,2.72326,15.95359428,47.35934292
2066,14.33655,5.49425,22.15498436,51.21697467
2067,2.70928,3.7542,16.58275345,51.23340178
2068,19.16865,2.43575,13.54553141,47.73990418
2069,10.69698,2.15937,10.47865308,51.32648871
2070,3.65063,3.69436,20.95047881,46.79534565
2071,7.17503,1.83017,8.555201606,51.48528405
2072,8.0955,1.40759,6.942418215,52.16427105
2073,2.79905,2.37444,12.04161816,50.30253251
2074,4.39288,2.90679,15.36449837,49.68651608
2075,3.12618,6.41047,29.45396562,50.46954141
2076,9.98788,1.18679,6.216028588,51.44695414
2077,5.42798,3.90969,18.34150698,51.33196441
2078,2.40455,2.04435,11.89701112,48.94455852
2079,23.5274,2.28487,12.86018885,48.82956879
2080,6.4317,2.56616,12.35359008,51.50444901
2081,4.35655,3.98911,19.70377645,50.21218344
2082,5.4288,2.97368,14.93399609,50.46680356
2083,3.41533,1.46806,7.284674639,51.36755647
2084,5.75675,1.82438,8.798141439,51.92881588
2085,6.63353,1.89044,10.17629398,49.26488706
2086,7.83933,5.21678,25.27114762,50.15195072
2087,10.02595,1.92528,10.30337038,49.64271047
2088,4.04688,1.90762,10.24649951,49.11704312
2089,4.39798,3.133,16.49326302,48.3340178
2090,5.9514,5.60384,24.30559928,52.92813142
2091,3.70875,2.15343,12.06615394,48.73648186
2092,1.53405,2.81956,13.09641986,52.6954141
2093,5.29675,6.17366,29.24049243,51.60301164
2094,9.03933,7.91566,28.84626044,52.45448323
2095,3.12473,2.35411,11.42197698,51.33744011
2096,9.17005,3.31778,15.02988715,52.85420945
2097,11.01915,2.08538,10.18276573,51.18959617
2098,18.07728,5.51338,24.34755903,52.29842574
2099,16.3584,1.49737,7.622995856,51.37577002
2100,3.94395,1.16916,6.107679983,50.58179329
2101,5.84818,4.75481,26.36672377,47.14031485
2102,14.78625,2.54814,14.08602987,49.25119781
2103,3.461,1.90446,11.25584482,47.20876112
2104,5.42623,2.97368,14.83205998,50.90759754
2105,4.63993,0.599178,3.157459235,51.30184805
2106,21.26248,2.59543,12.5082722,51.4715948
2107,2.52405,2.04977,11.94833476,47.88501027
2108,5.01528,1.82275,9.28911791,50.32169747
2109,5.6463,1.09819,5.54834705,51.81930185
2110,14.62265,2.28319,12.68760864,48.73648186
2111,3.06688,1.30719,7.450723825,48.89801506
2112,20.3749,1.97007,9.618087081,51.2991102
2113,3.12133,1.45422,7.042398576,51.25804244
2114,5.69385,2.16955,11.62078796,49.27310062
2115,3.18845,2.00423,9.053503254,51.81382615
2116,7.86148,2.06998,8.764324726,51.97535934
2117,3.352,2.45336,12.27488591,50.36824093
2118,4.89823,1.65657,8.181676871,50.64750171
2119,4.59268,1.87356,9.28486267,51.60574949
2120,17.26808,2.1093,11.80888379,48.10403833
2121,11.97735,4.56869,21.24502676,51.75085558
2122,4.1811,1.92785,9.850916274,50.95140315
2123,3.36588,2.24731,11.45636264,50.08350445
2124,4.13195,3.21218,14.5253034,52.39698836
2125,2.51258,1.86151,10.4972742,48.58863792
2126,2.5683,1.35079,6.352753362,52.20807666
2127,3.04498,2.12685,9.963852005,52.88980151
2128,2.19665,1.49146,7.340538,51.39493498
2129,16.28375,1.60869,7.572395244,50.76249144
2130,2.17293,0.857097,4.583012064,49.98220397
2131,11.52198,1.54196,9.684997471,46.83367556
2132,9.01983,2.93228,16.95837617,48.25735797
2133,3.04455,2.24054,11.41242343,49.43463381
2134,6.43415,2.8214,14.78938905,49.98494182
2135,6.6539,2.57828,11.83950018,52.45995893
2136,5.77205,2.51262,13.34770423,49.66461328
2137,6.9497,2.21118,13.07472881,47.18959617
2138,2.5228,1.12178,6.143357622,49.51129363
2139,15.1423,3.6548,18.11843283,50.58179329
2140,10.4456,2.44754,11.93577054,51.23340178
2141,3.87708,2.21597,10.32821434,52.84052019
2142,11.43868,2.06914,10.56743232,50.82546201
2143,4.1785,1.92785,10.83862979,48.10130048
2144,7.57258,2.92171,13.2187432,52.3394935
2145,8.23803,4.86614,23.51784648,50.0862423
2146,2.52328,1.8981,10.4972742,48.23545517
2147,4.02678,1.87151,10.06210182,49.80150582
2148,2.8446,0.883931,4.830787936,50.37919233
2149,9.21518,4.39875,22.42547065,49.60438056
2150,8.22585,1.46038,7.547977989,50.6146475
2151,3.04238,1.52994,8.27219851,49.43737166
2152,7.12538,3.29885,13.36406142,51.62491444
2153,13.95685,3.15547,14.07026533,52.49281314
2154,9.5146,3.09514,14.84083122,51.78918549
2155,7.72658,2.36571,12.60748211,49.3798768
2156,4.48738,1.6488,8.252309115,50.56810404
2157,3.70055,1.35408,8.124189645,47.39219713
2158,2.4371,2.51929,11.24631498,52.43531828
2159,22.34843,2.16795,12.75659331,47.26899384
2160,3.96975,1.55146,8.384434911,49.51676934
2161,3.45298,5.34214,23.82543278,51.17316906
2162,9.91538,1.72336,8.357386282,51.40314853
2163,8.516,1.82419,9.850193239,47.28542094
2164,6.72905,0.969487,4.885098548,50.51608487
2165,15.77088,3.18967,15.27714149,51.22518823
2166,8.16993,2.40936,13.48579211,47.16495551
2167,1.93958,1.20479,6.033373298,51.19507187
2168,14.7665,2.58544,12.49155942,51.11019849
2169,6.4834,1.18463,6.496969256,49.5523614
2170,9.9586,1.57778,8.149744791,50.05886379
2171,3.43438,2.10564,10.76197621,50.36550308
2172,6.89765,0.977243,4.885098548,50.06707734
2173,2.4556,1.94268,10.37324403,49.80971937
2174,4.97063,1.77082,9.602962607,49.44284736
2175,8.9812,1.06027,6.047312469,48.22724162
2176,2.75025,5.32729,25.65115597,49.48117728
2177,4.07735,1.94122,9.490050583,51.54004107
2178,3.69565,1.89861,10.66032457,48.48733744
2179,17.8411,2.04278,11.4858767,48.10403833
2180,19.99585,7.42309,34.53619201,49.50855578
2181,17.08633,2.43919,12.40503225,50.69130732
2182,5.5183,1.93382,10.05330687,50.4476386
2183,6.88053,0.840761,5.133550043,47.39767283
2184,5.80843,1.81761,9.311543855,50.32169747
2185,4.87308,1.50523,6.458446887,52.5229295
2186,4.47523,4.18043,19.54411605,51.95071869
2187,8.8955,2.83695,13.63834069,51.45516769
2188,3.85358,3.15309,14.35509379,52.43531828
2189,9.07748,2.0143,9.851615603,49.92744695
2190,11.7901,4.82285,22.66893202,51.23887748
2191,7.7722,3.5333,19.29579494,48.47638604
2192,6.93453,2.94974,15.56351085,49.63175907
2193,5.77033,2.19666,9.481350454,50.07255305
2194,5.4041,6.71003,29.33010139,52.63791923
2195,2.64783,1.00978,5.728951765,48.59411362
2196,18.72853,12.451,49.3503539,51.02258727
2197,2.71848,1.80004,10.14480046,48.84052019
2198,11.63578,6.13539,29.27095474,50.83915127
2199,8.44585,1.65592,9.331765135,48.27926078
2200,14.69758,4.73357,20.85849925,49.14168378
2201,5.0933,1.64307,8.047713854,51.74264203
2202,12.25688,4.01677,18.06307915,52.05201916
2203,15.9793,2.65795,14.98863859,47.01984942
2204,5.82953,2.142,9.941414207,52.84052019
2205,22.3338,1.93407,11.38728314,47.68514716
2206,4.26643,2.14958,9.978419386,52.90622861
2207,4.51453,3.04563,15.26754053,50.63655031
2208,6.69043,2.33708,12.37646644,49.97672827
2209,1.8914,2.11075,10.30608472,51.66872005
2210,4.45435,3.1885,16.69286815,49.97125257
2211,1.80023,2.04305,10.44565423,50.23408624
2212,2.7501,1.9021,9.743776679,50.98699521
2213,3.38303,0.74621,4.085054154,50.29979466
2214,8.13678,2.5129,12.53316358,50.70773443
2215,9.58975,1.3936,7.614520935,49.62902122
2216,5.54813,5.85548,29.79130303,48.76659822
2217,18.19025,2.11824,9.84722998,52.5338809
2218,2.9362,6.2511,29.69505638,48.65160849
2219,13.56535,6.65386,33.96926128,48.87611225
2220,3.0009,1.72571,8.092625009,51.45242984
2221,12.85235,3.72775,21.16027755,47.95619439
2222,11.53373,1.94481,9.056822104,52.64887064
2223,8.62103,2.45079,12.5137246,50.56536619
2224,5.33793,1.64121,8.047713854,52.43531828
2225,11.9873,4.8165,22.66715406,50.36276523
2226,6.11075,3.27373,14.88646541,52.74743326
2227,2.9923,2.60589,13.00633679,50.72142368
2228,11.16885,1.35229,7.181470252,50.57631759
2229,6.96468,2.9749,14.18713627,51.93429158
2230,3.0422,0.755175,3.906760781,49.51676934
2231,3.19975,0.956371,4.613901077,51.67693361
2232,6.3253,4.02284,20.77102384,49.16906229
2233,5.9204,2.49302,12.62277253,50.55167693
2234,10.16748,2.33423,12.41937443,49.84804928
2235,2.64058,1.096,5.730291158,50.47227926
2236,5.5684,5.46736,23.31421132,49.07871321
2237,3.5464,1.96,9.943097338,50.9596167
2238,6.81095,5.39885,30.02800817,48.70362765
2239,4.84913,1.24978,6.813955007,49.81519507
2240,6.85155,3.78327,19.59093554,49.14989733
2241,3.43258,3.91975,20.1513471,49.73853525
2242,12.11238,2.70706,12.23292617,52.48186174
2243,5.15688,1.28444,6.35762496,51.72895277
2244,5.10045,7.08984,33.36238582,49.47022587
2245,4.71815,3.42103,16.94308575,50.56262834
2246,5.13318,1.01542,6.40033145,47.65776865
2247,14.1654,3.50843,14.80088649,50.35181383
2248,13.74068,1.79814,10.22209411,48.75017112
2249,5.34055,2.20663,9.316178392,51.97262149
2250,3.41705,1.98253,8.691890821,52.05749487
2251,9.0923,3.13067,15.98512335,49.45106092
2252,5.53645,4.07425,20.14494646,50.63381246
2253,12.14478,2.84528,13.69239053,51.01984942
2254,3.9283,3.01144,15.02976862,50.51608487
2255,9.63353,2.41374,12.29136163,50.63381246
2256,18.65645,4.08845,20.9816523,50.74606434
2257,5.73748,2.77782,12.71522621,52.48186174
2258,2.95015,1.49949,8.06452146,49.68104038
2259,3.20533,3.10856,17.98520471,46.75154004
2260,6.9266,3.54935,18.44557664,49.54414784
2261,3.7008,5.90708,29.66056404,49.18548939
2262,3.72098,1.50918,8.253198092,48.3613963
2263,6.34123,2.06424,9.699446323,51.83572895
2264,13.01238,7.61886,32.49415091,52.45174538
2265,5.6183,1.96042,8.078555455,50.85831622
2266,2.8271,1.803,9.217501865,50.66940452
2267,13.95685,2.50627,13.30681126,49.02121834
2268,2.93213,2.76274,12.77982526,52.01368925
2269,13.5163,2.52184,13.30681126,49.59616701
2270,7.33603,4.19607,21.50851976,49.88364134
2271,2.91,1.90455,11.82090277,46.69952088
2272,9.0831,2.19408,10.11923346,52.67077344
2273,5.6059,2.13199,10.35889,51.36208077
2274,4.84633,4.33285,20.61183756,52.84052019
2275,6.13458,6.79925,27.55783539,52.60780287
2276,2.9846,2.53383,12.41368497,51.96988364
2277,7.1427,2.35114,12.00641464,50.36824093
2278,7.78985,2.43276,12.36793225,50.20123203
2279,2.4554,3.57976,16.28417546,51.60027379
2280,3.08748,1.69334,8.358927177,51.32375086
2281,5.6444,2.42816,11.86548204,51.94524298
2282,8.9245,5.12128,28.20595942,47.56468172
2283,14.38723,2.80805,14.75217051,49.96851472
2284,4.09235,1.93299,10.3739078,49.78507871
2285,5.5901,3.61291,14.4441101,50.83367556
2286,6.26113,2.52475,14.22672541,48.40520192
2287,4.49303,3.20884,15.28650539,51.51813826
2288,3.25023,2.03104,9.885740495,51.15947981
2289,4.62833,2.88192,13.25323553,52.48186174
2290,7.42595,1.59241,9.553725094,46.45585216
2291,7.78253,3.8019,17.21131996,51.48528405
2292,2.33615,1.26145,7.967705859,46.92950034
2293,3.16065,1.50726,7.421494238,51.38398357
2294,7.68835,5.33862,24.44996926,51.1321013
2295,8.1908,1.9434,9.537261226,51.43600274
2296,6.48993,2.18123,12.24252712,48.43258042
2297,5.15945,1.4457,7.876105594,49.46748802
2298,18.99568,2.55805,14.44837719,48.47364819
2299,6.5412,2.91559,13.96382506,51.54825462
2300,7.20308,3.14632,15.07220249,51.08281999
2301,19.9068,1.44914,9.112329873,47.55099247
2302,11.63315,6.13539,30.63808395,49.85352498
2303,3.9939,2.73482,12.63438851,52.03832991
2304,4.9143,1.59096,9.479868824,47.93155373
2305,7.96115,1.27986,7.579258152,48.91444216
2306,16.76458,4.89751,26.07004227,48.27652293
2307,8.40558,2.46185,13.67330714,48.57494867
2308,5.48333,0.806938,3.850091414,51.49897331
2309,6.64223,1.28108,7.291051573,48.75838467
2310,9.19698,3.2789,16.95209406,49.34702259
2311,4.0484,3.54382,15.80353484,51.31827515
2312,8.55435,1.82456,8.885830202,51.27720739
2313,9.0044,1.3401,8.016943372,46.88295688
2314,7.05298,1.92275,8.951638259,52.01916496
2315,5.55278,2.10349,10.25041101,51.8220397
2316,3.16888,3.69768,17.44849922,51.01711157
2317,3.82755,1.87262,9.115411663,51.95619439
2318,6.25503,2.05148,9.527446912,52.36687201
2319,19.0447,2.50293,13.20949783,49.69472964
2320,7.9061,3.83532,18.13443443,51.44147844
2321,3.97583,6.7321,30.92101593,49.95482546
2322,16.8108,2.84536,15.02016766,49.65639973
2323,3.9338,1.39601,8.379219575,47.55920602
2324,8.264,2.43341,11.29370342,50.53798768
2325,4.2889,3.70654,16.82858542,51.73442847
2326,14.3665,3.19364,16.65849435,49.65366188
2327,4.53665,1.80448,9.257470303,50.90759754
2328,4.64908,3.62967,18.0347504,50.85831622
2329,9.20815,2.70604,13.00586267,51.62217659
2330,5.87235,3.50594,16.0418994,52.21081451
2331,5.961,2.87563,13.3811298,51.09924709
2332,3.58958,2.62206,15.27204469,47.05270363
2333,4.48503,1.13707,6.863619229,46.98425736
2334,12.52488,3.70431,18.34494436,50.96235455
2335,13.37538,2.36089,12.70515113,49.82888433
2336,3.25125,1.76173,10.96959399,46.81998631
2337,2.71615,2.74847,13.07567705,52.20260096
2338,7.32613,3.60283,18.75624472,49.2128679
2339,3.55255,2.20496,12.35963512,48.08487337
2340,4.49685,2.65852,12.73833964,51.8384668
2341,6.58443,2.32449,11.7538857,50.59000684
2342,6.1778,4.08301,20.14447234,50.80629706
2343,2.72475,1.26937,6.567897825,50.05612594
2344,3.8198,3.59687,17.54510147,50.52156057
2345,7.41638,3.05131,17.55007974,47.20328542
2346,6.42855,1.49554,8.081317212,49.26762491
2347,4.50908,2.2185,12.42494535,48.15331964
2348,24.59418,2.42592,12.92549908,49.66735113
2349,3.92745,1.98061,10.56523951,49.78507871
2350,6.2902,1.24098,6.765618324,49.68651608
2351,13.21735,4.30787,23.22140204,48.23271732
2352,2.94383,2.17098,11.06582879,50.32991102
2353,5.82615,2.45111,11.3867379,52.54483231
2354,2.64413,1.90707,9.797873937,50.93497604
2355,3.50005,1.21911,6.322812592,50.77891855
2356,11.7275,2.58479,13.20309719,50.02600958
2357,2.15085,1.42369,6.728447202,51.08008214
2358,5.94693,2.06022,11.49025047,48.55852156
2359,14.32168,1.96385,10.56525136,48.58042437
2360,5.87478,1.49422,7.345942984,51.00068446
2361,6.6291,1.92462,9.00149213,50.40657084
2362,14.87468,2.89565,16.37188793,47.63586585
2363,4.06248,3.9242,15.74924793,51.38672142
2364,9.53623,2.34765,13.0442665,48.28473648
2365,3.66633,2.50672,11.62786422,52.56673511
2366,20.0613,3.92797,17.35960145,52.1670089
2367,6.14825,2.29639,12.21538367,49.59342916
2368,23.95148,4.95958,23.07229085,51.55920602
2369,4.8511,4.91002,22.04996646,49.35523614
2370,14.75028,5.08054,22.57588568,52.28747433
2371,4.2804,4.83879,23.56608834,50.48323066
2372,4.22255,1.71831,10.73013895,46.93497604
2373,4.18768,1.90173,8.861567036,52.24914442
2374,20.97063,2.84025,11.85457724,52.09582478
2375,8.96533,2.04939,12.0347434,47.67419576
2376,3.83738,1.91774,9.829521544,50.68309377
2377,22.3987,2.30247,11.28981562,51.6386037
2378,1.89003,1.85403,9.249706564,51.75633128
2379,10.18723,3.04364,14.1767056,50.36824093
2380,9.45473,3.13796,14.36552447,50.98973306
2381,3.3246,2.70339,15.75161854,47.92607803
2382,12.42965,5.34521,22.56355853,52.03559206
2383,16.43083,2.08733,11.21501111,48.74195756
2384,18.48255,4.72711,24.0039395,49.99315537
2385,15.5641,6.90562,26.4773126,51.72073922
2386,4.82728,1.39494,8.348093501,47.30184805
2387,3.59233,1.56742,7.417653854,51.79466119
2388,4.1193,2.4572,11.87923156,51.88227242
2389,6.41993,6.90694,29.8711925,52.52566735
2390,8.70173,4.86848,22.53641507,51.33470226
2391,3.2863,0.753068,3.979621395,49.7467488
2392,9.0162,1.54392,7.967267297,50.72416153
2393,3.12583,6.41047,29.45396562,51.57563313
2394,6.83155,3.60779,18.86268499,48.65708419
2395,5.86408,2.97798,14.41175131,51.03901437
2396,12.3219,4.76538,26.11532087,46.65571526
2397,3.53275,1.53642,7.571198087,51.46338125
2398,14.8177,4.95935,23.08841098,51.37850787
2399,6.82693,3.52282,17.74162481,49.59342916
2400,6.23955,2.4046,12.2607808,50.81177276
2401,4.90313,3.38875,16.15118439,51.54551677
2402,8.76205,1.46901,8.346268134,47.2936345
2403,8.62395,3.66525,16.58464993,52.07665982
2404,7.24423,1.63403,8.413059994,50.80629706
2405,5.18598,1.87881,9.623598743,50.4257358
2406,2.71795,1.80004,8.392139385,52.64613279
2407,12.44818,3.59235,18.01732643,50.95687885
2408,9.46303,3.25837,13.26319208,51.29089665
2409,3.27048,1.93804,9.853452824,50.71868583
2410,3.73753,3.01174,16.61131926,48.19438741
2411,16.41668,2.22808,10.85742871,50.30527036
2412,18.51013,1.76915,9.53817391,49.49212868
2413,2.89558,1.9636,10.55649197,49.79876797
2414,2.41698,3.32691,16.62329083,50.02874743
2415,4.3571,2.92358,11.42300819,51.77002053
2416,7.5912,2.64062,12.7436735,51.41409993
2417,3.7051,1.93991,9.462338184,51.69883641
2418,4.84633,2.288,11.06702595,51.37577002
2419,3.35648,1.85389,10.06536141,49.80971937
2420,4.69878,1.88528,9.430133484,50.31895962
2421,6.2818,3.75313,17.76639765,51.321013
2422,5.78685,5.08247,22.81934705,51.32375086
2423,6.87978,2.17323,8.981021936,51.23613963
2424,11.4507,8.16403,32.4718672,52.54483231
2425,7.76193,2.46528,12.47543929,50.06707734
2426,3.11308,2.19854,10.17791784,52.88706366
2427,3.73928,2.36677,11.53132124,51.24161533
2428,21.15103,6.70782,36.27882542,48.80219028
2429,13.96583,2.81235,12.3286987,52.12594114
2430,13.6514,2.96376,13.55833269,52.05475702
2431,3.94885,2.44663,11.82908136,51.33744011
2432,3.90588,2.72103,14.83881621,48.66255989
2433,8.75808,3.97137,18.8076869,51.51813826
2434,4.4314,0.873695,5.280930697,47.00889802
2435,4.52988,0.978528,4.854707363,51.11841205
2436,19.22485,2.13637,13.24671636,46.65297741
2437,4.02953,1.68805,8.669298933,50.21492129
2438,2.27613,1.14754,5.417951797,52.0109514
2439,4.0596,2.59268,12.53434888,51.23613963
2440,4.93045,4.71955,19.26616234,52.21355236
2441,4.9542,2.16859,8.393692132,52.39425051
2442,16.27833,5.87151,31.9038697,47.43326489
2443,6.26748,1.95669,11.47473484,47.86036961
2444,5.31925,1.53346,9.091065526,47.03901437
2445,14.56185,2.84241,15.02016766,49.97399042
2446,6.52303,2.51716,11.35217445,49.5578371
2447,3.54253,1.22832,5.806553594,52.04654346
2448,2.556,1.20267,5.393214511,52.42710472
2449,7.76373,17.8974,63.56830807,52.24640657
2450,9.1527,4.58748,24.3899929,48.51471595
2451,7.57848,3.22948,15.40752489,51.01163587
2452,3.18348,2.0424,9.533456402,52.88706366
2453,5.60098,1.57394,7.377045351,52.21629021
2454,2.29858,0.907023,4.524837362,51.59479808
2455,4.614,3.48078,17.52957399,50.55167693
2456,4.8923,2.87983,16.70649914,47.57837098
2457,11.91635,2.49942,11.4829727,52.07118412
2458,6.56923,4.86225,21.29054242,50.68309377
2459,5.8763,2.57258,14.03079472,48.37508556
2460,11.9907,7.33938,29.38735155,49.69746749
2461,3.6487,1.41171,7.771751462,49.76591376
2462,3.60735,1.98766,11.17005254,48.98288843
2463,2.78283,1.65798,8.180017446,50.88843258
2464,4.6196,1.39776,7.210356101,50.66666667
2465,13.4526,6.66393,31.34689552,51.91512663
2466,11.4462,8.91155,39.20202124,50.53524983
2467,5.16253,1.94435,9.584068867,50.03422313
2468,8.64288,2.75289,13.25216876,51.37850787
2469,11.94348,2.48387,14.4253823,47.47433265
2470,11.54945,5.89629,29.30509148,49.25119781
2471,8.14463,3.677,19.04676264,49.88911704
2472,18.96375,2.58457,12.39756484,51.85489391
2473,18.8355,1.84131,11.39542618,46.85010267
2474,7.0619,1.50416,7.399293501,51.32922656
2475,8.68865,2.06627,12.20127856,47.38945927
2476,16.38575,3.82074,19.88192758,49.68104038
2477,8.45378,3.12428,15.06200888,51.39219713
2478,2.14203,1.5034,7.396780657,51.68514716
2479,9.34528,1.76393,9.494234704,50.78439425
2480,8.83203,5.57374,25.68410741,51.40314853
2481,5.21763,2.81972,13.62506528,51.09924709
2482,10.62755,9.82503,42.11241579,51.55646817
2483,1.80245,1.55114,9.31082082,47.33196441
2484,2.86995,1.4012,7.599621668,49.68925394
2485,4.8426,2.65486,14.77220214,48.32854209
2486,7.28783,1.20027,6.821766158,48.32032854
2487,5.25008,1.99366,11.25848805,48.14510609
2488,6.66098,3.39422,15.51289838,52.29842574
2489,5.6764,2.53499,11.86133348,51.42505133
2490,1.80023,1.51986,8.189926584,48.15058179
2491,9.24985,3.56181,17.68816762,50.69678303
2492,6.5739,1.36811,6.494456412,52.18617385
2493,17.1011,1.63541,9.716739903,47.66324435
2494,3.84053,1.62231,7.966959118,51.74264203
2495,4.54,1.94646,8.701408809,51.70157426
2496,7.55768,1.47262,8.805668117,47.51813826
2497,4.25625,1.1799,7.042114103,47.8384668
2498,13.54665,8.61179,38.44093778,50.33538672
2499,6.56098,5.60843,24.22061301,51.51540041
2500,4.85098,3.01392,14.51273918,51.60027379
2501,3.75475,1.38132,6.760165928,52.13963039
2502,4.19063,1.57875,8.127520348,50.72963723
2503,7.4396,1.21065,5.933155875,51.09377139
2504,13.04088,3.80699,19.30587002,49.15537303
2505,21.5761,1.61234,9.308853216,47.14852841
2506,2.4724,2.39129,12.66141343,50.34360027
2507,14.30313,1.93567,10.85997711,48.14510609
2508,17.9758,2.21658,10.11792962,52.30390144
2509,4.81238,1.00839,5.289298941,50.97604381
2510,18.10555,1.94498,12.08144436,46.25051335
2511,6.7938,2.07512,11.68568333,48.75290897
2512,14.28743,11.7731,51.68765414,51.73169062
2513,7.15238,2.75449,13.99464296,50.70773443
2514,12.47345,3.91786,19.3518598,50.40930869
2515,4.01508,2.04577,10.05905559,51.20054757
2516,2.31308,1.39945,8.000894361,48.0054757
2517,5.12345,2.43415,14.25552829,47.38672142
2518,7.33593,3.44613,15.69756869,52.55304586
2519,9.17815,4.66314,21.72993448,51.53456537
2520,6.09678,3.38995,13.25039081,52.42436687
2521,3.92475,2.32439,12.3989872,49.2073922
2522,4.8512,1.26469,7.229107605,48.69267625
2523,2.92568,1.16183,6.120208642,50.13552361
2524,16.1495,4.93857,27.2065114,46.96235455
2525,14.6789,2.07536,10.13972736,51.51813826
2526,4.23833,2.97809,12.51040575,52.1670089
2527,5.66455,5.38794,28.29592397,47.17590691
2528,9.62483,3.67611,18.36841337,50.43394935
2529,5.38743,3.58488,17.68603407,50.05065024
2530,5.08493,1.90594,9.571528354,50.74332649
2531,3.5243,5.65343,28.38565145,49.41820671
2532,5.34268,1.12192,6.252132937,47.08008214
2533,4.05718,2.63608,13.38800456,50.76796715
2534,4.0552,3.90574,18.42139644,51.56194387
2535,4.99918,6.85976,28.55230514,52.48186174
2536,2.44855,1.81386,8.875755121,51.03353867
2537,2.72665,1.91181,10.37214169,48.66255989
2538,4.27435,2.49463,13.25430231,49.45379877
2539,8.93338,7.22318,30.98893383,52.29568789
2540,6.052,4.93488,22.92685409,50.46406571
2541,13.71408,1.73749,9.354866703,49.97125257
2542,4.94,3.1484,16.56639625,49.88090349
2543,4.49538,3.20884,15.37967026,51.70978782
2544,6.11385,2.71447,12.45398529,52.92539357
2545,6.02315,2.17829,10.60352482,51.08829569
2546,10.01888,5.41301,28.57020323,48.14236824
2547,2.8878,3.14385,15.67777412,47.48528405
2548,4.89238,1.0618,6.146913533,48.98288843
2549,7.09488,0.966959,4.96977664,50.64750171
2550,4.66718,1.71462,8.799575656,50.11088296
2551,3.56453,1.34645,7.329265762,49.98767967
2552,8.15163,1.5291,8.249227325,49.37166324
2553,12.3924,2.41015,10.7876973,51.77275838
2554,3.96795,0.783368,4.591309189,48.82683094
2555,3.85113,1.99424,9.282539475,52.54209446
2556,3.5628,2.72736,13.14798057,50.97878166
2557,8.53465,2.16815,13.38041861,46.82272416
2558,15.24838,4.8914,20.24154871,49.14168378
2559,7.72743,1.91787,9.853061674,50.54072553
2560,4.78455,1.51671,8.626367236,48
2561,3.19903,2.02523,10.85195261,49.30047912
2562,7.78253,5.3597,23.76450817,51.6550308
2563,2.85485,1.5589,7.369589792,52.56125941
2564,12.26345,2.04634,8.726691336,50.62833676
2565,4.1938,3.33893,15.20460091,52.32032854
2566,7.46198,8.0208,35.59004548,50.2696783
2567,12.07388,3.26714,16.32329048,50.46132786
2568,10.77935,1.94796,11.63744147,47.75906913
2569,16.129,2.69068,14.98863859,48.62970568
2570,3.45535,2.42869,13.44928476,48.56673511
2571,7.45905,1.63508,8.433340539,50.15468857
2572,8.7405,2.30782,12.15777791,49.86721424
2573,6.22383,3.6018,17.09575286,51.70704997
2574,3.87618,0.977095,5.165328034,50.56262834
2575,3.96283,3.34077,16.04391441,51.69336071
2576,5.00898,3.43661,15.04446639,52.62696783
2577,6.42695,0.879692,5.044427063,47.00889802
2578,12.8627,1.93614,10.85997711,48.09308693
2579,7.48978,3.26594,17.17208641,49.96851472
2580,2.86438,2.77301,12.67267381,52.78302533
2581,7.63943,1.94419,9.979675808,50.83093771
2582,5.23748,3.20271,14.6900606,52.14784394
2583,4.0123,2.93281,14.24675704,50.82272416
2584,4.23888,2.75451,12.70171375,52.1779603
2585,10.92855,2.21971,13.72012664,46.47227926
2586,3.93438,4.46204,23.78667335,48.91991786
2587,21.87205,4.78435,22.25822431,52.01916496
2588,17.30043,2.90382,16.01831185,48.1724846
2589,4.49725,2.2975,11.66824751,50.13826146
2590,12.28495,4.15713,21.63736227,49.54140999
2591,3.55383,3.22387,14.6330475,50.51334702
2592,4.69818,2.08236,10.6907039,48.00273785
2593,10.11953,2.15929,10.47865308,51.15126626
2594,2.85193,1.27122,6.558130923,50.61190965
2595,16.19458,3.2067,16.58761319,49.34702259
2596,2.49113,1.31355,6.84508108,50.17659138
2597,10.4519,2.70728,15.30499613,48.88158795
2598,7.10425,1.6863,9.988103317,47.70157426
2599,1.7778,1.42372,8.119744756,47.22518823
2600,12.08078,4.23156,20.81369477,50.32991102
2601,3.44663,4.24492,22.56498089,49.63449692
2602,2.5129,1.78709,8.334071359,52.75564682
2603,6.04035,5.18517,24.49714435,49.62902122
2604,2.29913,3.87678,18.40586897,50.39835729
2605,4.03398,1.61681,8.724510377,49.5687885
2606,4.42688,1.73673,8.462072299,51.38672142
2607,14.32473,1.77487,10.15747135,48.34770705
2608,9.5959,3.0442,13.86745988,52.0109514
2609,13.44533,7.72147,38.74520522,48.23819302
2610,5.47423,2.53702,9.938628743,52.09856263
2611,6.08498,1.59427,7.141454401,51.37577002
2612,3.9549,7.42517,28.39857126,52.94455852
2613,7.7438,3.50893,15.65963897,52.88980151
2614,3.78368,1.62968,9.702646643,47.45790554
2615,11.03265,2.40793,11.12785573,52.05201916
2616,11.30298,1.56225,8.898370714,48.29842574
2617,3.37865,1.63506,8.669014461,49.26214921
2618,22.49603,4.32129,24.37375424,47.1156742
2619,2.0962,2.61947,12.05927918,52.04380561
2620,2.83468,2.64793,13.20914224,50.33812457
2621,5.2221,5.21967,22.47098631,52.75017112
2622,4.41975,1.60805,7.248250259,51.32648871
2623,14.64415,1.79609,10.5349313,47.43600274
2624,3.04943,1.78715,8.789761342,51.34565366
2625,14.15803,4.99924,27.57383699,47.78370979
2626,4.12425,2.10053,9.762954891,52.04380561
2627,4.12748,3.12514,16.76932024,48.88706366
2628,5.54023,4.50382,21.89184696,49.32785763
2629,3.90533,2.49198,11.50087079,52.66803559
2630,3.31845,0.992303,4.886912063,50.77891855
2631,2.37998,1.4835,7.340538,51.09377139
2632,6.97408,4.6834,21.53187024,51.26351814
2633,11.85385,2.18499,10.11471745,52.81587953
2634,5.38038,2.87343,13.70519181,51.12936345
2635,2.96528,1.40218,8.400768395,47.78918549
2636,13.81135,3.00749,14.35781999,51.34839151
2637,8.04343,2.11622,10.30114201,51.34017796
2638,3.98895,1.28181,6.277877732,51.65229295
2639,4.26495,1.89764,9.261927045,51.49897331
2640,14.71558,3.49692,19.91357519,47.82477755
2641,4.98705,1.36836,6.791493503,51.4661191
2642,6.01068,2.80959,13.56603716,51.17590691
2643,7.16255,6.04628,27.62587182,50.66940452
2644,7.35083,2.40913,12.90463774,49.28405202
2645,4.34903,2.87732,13.3811298,50.06160164
2646,15.54198,2.48504,11.90756032,51.34291581
2647,2.55538,3.16658,14.40428389,52.40520192
2648,15.17003,1.08206,6.50436555,47.70431211
2649,14.1799,3.57398,17.00436595,51.10472279
2650,9.63758,2.81081,16.31677131,47.95619439
2651,4.33948,1.69,7.316061479,50.7816564
2652,2.0865,2.15033,10.96426013,50.20123203
2653,2.15083,1.42369,7.022082472,51.46885695
2654,4.02683,3.29085,14.959006,52.96919918
2655,16.51328,2.1758,12.12233734,48.86516085
2656,3.20698,4.62189,24.93523257,48.22176591
2657,5.75918,1.4107,8.016552222,48.05749487
2658,21.95573,2.86072,14.44185802,50.99520876
2659,2.40198,0.792019,4.100617191,51.02258727
2660,7.4892,2.26412,11.55757571,50.22587269
2661,3.88443,2.74239,15.91839076,47.04449008
2662,5.6608,2.18519,11.66318627,49.33607118
2663,13.66245,1.76531,9.084653033,47.55373032
2664,16.59858,15.2975,54.34048221,52.63791923
2665,3.19188,1.0162,6.07452704,47.13483915
2666,8.53858,1.26841,6.58525067,50.94592745
2667,3.99875,1.48647,7.131201525,51.04175222
2668,5.2533,1.00141,4.896335227,50.06707734
2669,12.32805,1.71337,8.797928084,50.34633812
2670,6.90203,5.97802,27.95704566,50.49418207
2671,3.33158,2.81426,12.95821346,52.88158795
2672,11.25298,1.26843,6.902094185,50.6255989
2673,8.92558,1.78173,10.56426756,46.80903491
2674,2.46915,1.29803,8.192747607,46.21492129
2675,9.8216,3.6572,19.5154317,49.30595483
2676,28.17863,2.66321,12.75161504,51.50444901
2677,20.75878,3.1879,14.63292897,52.79123888
2678,9.78325,1.95609,10.54514861,49.96303901
2679,9.66103,2.56635,12.5004492,51.05544148
2680,10.56595,1.98425,10.65046284,49.64544832
2681,7.22155,1.00763,6.06894426,47.57563313
2682,23.61908,6.26088,27.2701622,52.25735797
2683,10.31683,2.60723,13.00633679,50.02600958
2684,7.75895,2.46528,13.05967545,49.39356605
2685,4.1051,2.20379,11.25418539,50.43942505
2686,14.30313,1.93567,10.37198761,49.70568104
2687,6.7363,3.36221,15.99176105,51.99178645
2688,5.9993,2.13579,11.47795887,49.53319644
2689,9.0379,1.92191,10.81006398,48.21081451
2690,3.70783,1.55136,9.71563757,46.6091718
2691,6.0061,2.95122,14.17990592,51.17864476
2692,12.9029,4.15904,18.62194982,52.06297057
2693,9.73683,2.36815,11.56383412,50.36824093
2694,2.74438,1.63752,8.819168725,49.82067077
2695,19.98988,2.67868,12.75161504,51.30732375
2696,5.59825,1.39164,7.18368677,50.65845311
2697,10.15418,8.04849,31.28881564,52.7063655
2698,11.62838,1.44274,7.082580369,51.3045859
2699,5.57223,2.49251,12.55675112,50.73237509
2700,7.72543,2.83241,14.33909219,49.82067077
2701,4.96623,1.74947,8.985360148,50.99247091
2702,2.32653,1.55082,7.080968356,49.58795346
2703,20.9722,3.57427,20.32961677,47.18412047
2704,13.79148,3.90363,19.32329398,50.38193018
2705,3.42273,0.995954,5.251760375,50.20944559
2706,15.6708,8.02636,41.39518856,47.84668036
2707,4.6998,2.01037,10.27155683,50.51060917
2708,2.70895,1.99544,8.884585633,51.91512663
2709,4.95588,1.85338,9.069801179,51.31279945
2710,15.95735,8.39978,39.79076156,50.12183436
2711,21.2169,1.70975,8.481807605,51.23340178
2712,10.3494,4.19501,20.44115384,50.84736482
2713,5.8584,1.02736,5.982180034,47.65776865
2714,3.2818,1.74857,8.940354169,50.56536619
2715,7.6108,1.45914,7.541968499,50.22587269
2716,8.67163,1.36261,7.002702757,50.71321013
2717,5.05343,4.51374,21.99982812,50.22039699
2718,6.12063,1.92681,9.00149213,52.50376454
2719,9.30298,2.13375,9.89739203,52.5065024
2720,18.26018,2.87325,15.26979261,49.78234086
2721,4.24563,1.66571,8.559184226,50.7871321
2722,3.6853,1.45557,6.799233535,52.31211499
2723,5.55578,1.45088,8.639014426,47.53730322
2724,6.47818,3.12503,15.63107316,49.12525667
2725,9.5657,1.56706,8.133660221,50.68309377
2726,2.8314,3.52558,16.52301414,51.45242984
2727,8.28473,1.54841,7.631281128,51.03353867
2728,3.21298,2.82309,14.53893439,49.17727584
2729,14.51443,3.69441,16.72901991,52.73648186
2730,2.32538,3.41542,17.0529634,47.61943874
2731,3.89465,1.63561,9.294961457,48.14236824
2732,3.55373,1.97888,10.62292824,49.03216975
2733,5.8867,1.46391,7.217503482,51.14031485
2734,7.45093,2.50662,14.07192475,48.45722108
2735,14.33655,3.63186,18.10373507,50.06433949
2736,4.95668,1.76555,9.602962607,49.09514031
2737,10.02595,1.62024,8.744387919,49.30869268
2738,4.83183,2.2932,12.10040922,49.48391513
2739,4.04925,1.42992,7.751790949,49.43189596
2740,8.41923,3.47669,17.34940784,50.38466804
2741,10.19183,2.35316,13.17334607,48.53114305
2742,8.69085,3.39558,17.07394327,50.91033539
2743,4.18473,3.65903,18.21622038,50.64750171
2744,22.9607,2.51392,11.61832252,52.24366872
2745,15.6083,3.44525,20.65178229,46.70499658
2746,10.5202,5.52039,24.26612867,52.41889117
2747,21.07638,3.63555,16.5275183,52.07665982
2748,6.32423,6.0233,25.48758406,52.31759069
2749,14.68278,2.63143,15.68038179,46.87200548
2750,9.66138,2.93479,13.46374546,52.6844627
2751,3.50718,3.48566,15.89658117,52.94729637
2752,7.31158,6.14142,27.80449708,51.86584531
2753,7.4184,2.55755,12.41664823,51.52087611
2754,2.65488,1.19044,5.645660479,52.65982204
2755,2.98665,2.63197,13.94557139,49.93839836
2756,3.3423,2.31128,11.74948822,50.23956194
2757,10.89073,1.70517,8.791148147,50.48870637
2758,7.58853,4.02361,19.51720965,50.40930869
2759,6.061,3.05495,14.71779671,51.35386721
2760,4.19418,1.78431,8.355122352,50.7761807
2761,6.30225,1.55094,7.622498028,51.50992471
2762,3.5767,1.3761,6.445799698,52.35865845
2763,6.52303,2.51716,11.54996606,49.5578371
2764,9.84518,5.3132,25.39074476,50.88569473
2765,2.58728,2.77083,13.58085346,51.81930185
2766,8.16173,1.76902,11.02356087,47.23066393
2767,3.10023,1.76116,7.565093773,52.00273785
2768,6.0527,3.99626,20.45549601,49.61533196
2769,9.08078,2.94883,13.53320425,52.59958932
2770,3.17933,2.51048,11.97168524,51.79466119
2771,2.57365,2.33642,13.03549526,48.72553046
2772,7.76613,1.12169,6.745586693,47.27720739
2773,2.6502,1.6566,8.490270672,50.92950034
2774,3.81693,1.27484,7.776065967,47.27446954
2775,10.5719,1.7899,10.11943496,47.3100616
2776,2.54143,1.30865,7.830578081,47.24982888
2777,16.9566,1.71577,10.28841185,47.15674196
2778,6.21505,6.90288,34.99134861,47.05817933
2779,3.82338,1.34656,6.374005856,52.81587953
2780,11.29018,3.42755,17.00863304,48.80219028
2781,5.89905,1.88766,9.221354102,51.73169062
2782,11.5956,2.41998,12.82996361,49.71115674
2783,5.61973,1.77047,8.587975251,51.99726215
2784,3.9791,1.81201,8.458587506,52.03559206
2785,8.99423,1.55623,9.311046028,47.44421629
2786,1.97783,2.92388,13.88915093,51.84120465
2787,3.42188,2.72105,12.39803896,52.57221081
2788,3.05628,1.30396,6.130224458,52.75017112
2789,11.84255,3.4917,19.0430882,48.60780287
2790,5.51818,4.54927,17.99551685,52.96372348
2791,15.5092,8.50073,41.42043553,48.55578371
2792,16.61263,15.2975,49.17303248,52.63791923
2793,4.4707,2.75451,12.60238531,52.51471595
2794,6.55138,2.85055,14.26987046,50.63107461
2795,2.70998,1.68679,8.669298933,50.17111567
2796,12.74725,3.35106,17.56051041,49.09514031
2797,17.8845,3.49709,18.25249068,49.88090349
2798,4.9442,1.42447,7.032347201,51.77275838
2799,5.23723,4.85193,20.98271907,52.64613279
2800,2.5174,11.0525,35.40869402,52.41067762
2801,6.88505,4.33694,20.44577652,51.75906913
2802,8.94228,2.93006,14.68721587,51.06639288
2803,7.15103,7.79906,35.13560006,51.28268309
2804,5.14043,2.27232,13.33549561,46.90759754
2805,7.42395,3.12271,15.69377572,50.76249144
2806,6.91783,1.18516,5.945400062,50.16837782
2807,14.61995,3.34168,15.32609453,51.62217659
2808,17.8422,2.04278,10.3793839,50.34907598
2809,2.81088,2.0697,9.632713728,52.21355236
2810,7.22923,3.71119,20.05332249,47.46064339
2811,3.81525,1.27484,6.921497605,49.76865161
2812,7.72253,7.46161,28.39857126,50.96235455
2813,3.17385,1.3512,7.321549435,49.67556468
2814,2.7741,1.82237,9.341235711,48.76386037
2815,9.21468,2.05368,10.98670978,49.25393566
2816,6.84458,3.12697,14.97595584,51.4661191
2817,3.11133,1.69718,7.881960994,52.29568789
2818,3.58718,1.07471,5.065063199,52.38329911
2819,3.29213,1.80504,8.789761342,51.43052704
2820,4.91528,1.58937,7.477511688,51.72073922
2821,2.6861,1.61806,7.936164929,50.4257358
2822,4.73628,2.52431,11.55413833,51.16769336
2823,5.12325,2.9966,14.38034076,51.62491444
2824,9.38593,2.69055,12.98464573,51.41683778
2825,11.52198,3.0384,15.9431636,49.94661191
2826,17.72648,4.18274,19.26272496,51.54004107
2827,4.25415,1.32815,6.552133287,51.34017796
2828,5.67753,1.46683,8.744340507,47.43874059
2829,5.33055,2.50149,12.8393275,50.76796715
2830,12.2887,1.39993,7.289332882,49.86447639
2831,4.71815,2.34159,10.7756072,52.73921971
2832,3.94068,1.61378,7.553679299,52.74469541
2833,5.2402,2.05571,10.43105129,50.22587269
2834,7.78565,3.02775,15.02004913,50.09993155
2835,20.56848,2.99954,15.00072868,50.69678303
2836,4.60525,2.33547,12.43976165,49.7412731
2837,3.52723,1.36303,6.464100786,51.03080082
2838,6.2668,1.74344,8.95441187,50.32443532
2839,4.59365,1.87622,9.990710985,49.68377823
2840,2.27903,1.94401,9.138963646,52.89253936
2841,3.79908,0.95555,4.917801076,50.14647502
2842,8.2525,2.00681,12.29799933,47.22245038
2843,6.4389,1.91639,9.343227021,51.89869952
2844,4.62688,1.2512,6.539687599,50.36550308
2845,10.16058,3.05501,14.55232832,51.01437372
2846,13.86678,5.49256,23.3746618,51.86036961
2847,3.81548,2.38038,12.60771917,49.3744011
2848,20.86188,2.41043,10.7876973,51.77275838
2849,9.86673,4.01745,18.10918747,49.45379877
2850,10.07838,2.13566,9.665724434,52.91170431
2851,3.36588,2.36491,10.96072792,52.66803559
2852,8.17298,1.9434,10.20503759,50.63381246
2853,4.07358,2.8297,16.11242496,47.23613963
2854,3.60923,1.89588,9.285147143,51.36481862
2855,5.1441,1.3736,6.816776029,51.17316906
2856,4.24825,2.51338,13.38433012,49.87816564
2857,8.88558,2.03675,10.34231946,51.50992471
2858,10.8497,1.44399,7.509028911,50.0698152
2859,7.67068,1.8717,9.600615706,50.24503765
2860,7.49648,1.78058,11.04508598,47.09924709
2861,5.274,2.02089,11.9668255,46.88021903
2862,9.2789,2.77706,13.97591516,50.26694045
2863,3.64683,1.36882,6.487202354,52.82135524
2864,8.40848,2.19503,13.10613935,47.02806297
2865,6.2136,6.95026,29.58458608,52.63791923
2866,3.26825,1.43405,7.094231904,50.47501711
2867,3.12013,3.04607,15.6441115,50.22039699
2868,15.99118,2.54023,13.35884609,50.9596167
2869,4.3458,1.66817,9.90430235,47.2936345
2870,2.66403,2.5856,13.66382471,49.07049966
2871,13.86678,3.16789,17.37548452,48.32854209
2872,5.0528,2.33542,12.44201373,49.72210815
2873,3.5623,1.68649,8.669298933,50.70773443
2874,8.01043,2.0856,10.66998479,50.6255989
2875,9.92098,2.28893,10.34623096,52.12594114
2876,10.80398,3.69419,17.51772095,51.74537988
2877,4.5421,4.54041,17.99551685,51.95071869
2878,4.84375,2.03528,9.8387195,51.91512663
2879,14.7937,2.0934,12.88282815,46.6146475
2880,4.55163,1.8852,9.250631101,51.93976728
2881,7.67925,1.84131,8.555201606,52.29842574
2882,4.03058,1.58705,9.432717446,47.24435318
2883,4.87755,3.63663,18.18066128,51.18685832
2884,5.95148,2.57389,12.50933897,51.35934292
2885,5.07005,1.54395,7.497555172,51.87679671
2886,3.88538,2.74239,15.15635905,49.82340862
2887,2.83968,1.68347,8.608125413,50.15468857
2888,2.6876,1.30493,6.109742411,52.93086927
2889,3.86298,2.2128,11.29330041,50.48049281
2890,5.38403,1.69304,8.730567278,50.54346338
2891,4.05805,3.19225,15.29705459,51.02532512
2892,12.9029,1.53131,8.621092635,47.95893224
2893,3.8746,1.75007,8.573324898,51.99726215
2894,7.76303,1.37611,6.753409697,51.61396304
2895,14.3641,5.45237,22.15498436,52.65982204
2896,6.35985,1.70514,8.771424695,50.74880219
2897,15.41465,5.91958,26.16700011,52.41889117
2898,3.49608,2.03152,9.67722188,51.73169062
2899,7.53795,2.35213,12.5215476,49.61806982
2900,5.66118,1.21034,5.96569246,51.68788501
2901,10.52803,4.63023,23.51843913,49.45106092
2902,3.09138,1.26934,6.897376676,49.63175907
2903,2.92773,2.02488,10.89256111,49.94934976
2904,16.4365,1.47539,9.112329873,47.04722793
2905,5.561,2.22829,11.36394451,50.28062971
2906,7.03888,1.41843,8.821420802,46.86926762
2907,9.3957,3.23535,18.46667504,47.33744011
2908,9.88438,2.52446,11.7372796,52.85420945
2909,6.22253,3.88202,17.37856631,52.58316222
2910,13.84413,3.71329,18.41641817,50.41478439
2911,9.519,3.09514,14.84083122,51.81930185
2912,4.85693,4.13038,21.32112326,49.79876797
2913,3.68765,1.25683,6.534330026,50.56536619
2914,15.54605,2.48504,14.40238741,47.09377139
2915,1.99103,2.35882,12.55461757,49.49760438
2916,9.3593,1.52578,7.869124156,50.52977413
2917,8.28903,3.3693,17.51783948,49.64544832
2918,3.48168,0.896856,4.284268136,50.72142368
2919,4.0931,1.45017,7.876105594,48.27378508
2920,4.34833,2.54666,12.27073735,51.38945927
2921,3.41163,0.996929,4.808136783,52.43531828
2922,9.9403,2.1626,10.47865308,51.70157426
2923,3.29223,2.06434,9.607881617,52.11772758
2924,9.8188,1.95727,11.00594725,48.79397673
2925,15.28915,2.93086,14.7634309,50.72963723
2926,12.56838,21.7546,72.79044447,48.28747433
2927,4.1355,2.07304,11.50537494,48.15605749
2928,12.59843,2.92936,13.27089656,52.73648186
2929,20.82595,7.40896,33.22074204,51.35934292
2930,11.7404,2.97751,13.64758605,52.15605749
2931,4.35398,1.08313,5.929991115,49.76591376
2932,7.00585,1.79313,10.15833662,48.63244353
2933,5.79288,3.56311,16.50357516,50.48049281
2934,2.78883,0.974903,4.96673041,50.61190965
2935,3.6136,2.0251,9.458746714,52.47912389
2936,6.29215,4.22902,22.84708316,48.62422998
2937,9.13573,3.13252,14.99124625,51.39219713
2938,4.2336,1.31372,6.491813185,51.86036961
2939,7.32903,2.81293,16.31961604,47.17864476
2940,2.5963,1.12185,5.824179059,49.92197125
2941,4.40733,2.26619,11.03047119,51.60027379
2942,6.40135,1.90853,10.26096021,49.34428474
2943,2.74418,3.57541,15.82285528,51.38672142
2944,3.5798,1.83115,8.677382704,51.48528405
2945,7.01113,2.46212,12.48800351,50.17111567
2946,17.30168,1.90271,11.81580596,46.7652293
2947,3.74515,2.70929,14.51688774,48.85420945
2948,10.23068,2.84384,16.77358733,47.80835044
2949,19.08573,5.19562,28.65424126,47.04722793
2950,6.0031,7.55306,34.54638562,51.18959617
2951,10.92003,5.91281,28.30279873,50.54620123
2952,11.6291,2.21835,10.11471745,52.49281314
2953,3.1754,1.4161,6.707965156,52.56399726
2954,1.7989,0.766484,3.637613885,51.97535934
2955,2.65958,2.87734,14.32131264,50.08350445
2956,12.91385,4.82261,23.56217684,50.25051335
2957,2.3867,2.30501,10.61992942,52.6954141
2958,2.5702,1.35079,7.923174001,47.39219713
2959,18.29673,2.14116,12.03166161,47.06913073
2960,4.0982,1.79734,10.17947059,48.52566735
2961,9.18645,3.2789,17.16722667,49.96851472
2962,6.55263,2.93639,14.71530757,50.52703628
2963,10.68108,3.47356,15.58638721,52.92813142
2964,13.29785,2.67897,15.81657318,46.87200548
2965,7.95913,3.43335,15.62052395,52.92539357
2966,5.64608,1.09819,6.442006726,48.83230664
2967,4.4824,2.19211,11.70966202,49.33607118
2968,5.7167,3.34944,15.6238428,51.80013689
2969,15.4023,2.76666,12.24074917,52.20533881
2970,9.28528,3.203,15.26682935,51.49075975
2971,3.68355,2.44495,11.30211907,52.41615332
2972,18.8355,3.72844,17.70357656,51.91512663
2973,9.62483,1.72881,9.371698015,49.16906229
2974,6.88053,0.840761,5.128879947,47.65776865
2975,10.58465,1.98576,9.656976893,51.17590691
2976,10.0014,3.41251,13.68812344,51.29089665
2977,8.61083,2.07942,11.15337532,49.46748802
2978,10.51233,3.04626,15.30535172,50.90485969
2979,11.16698,1.71236,9.28060743,49.17453799
2980,3.432,1.80133,8.412277693,52.35865845
2981,2.66403,4.60588,21.42377055,51.39767283
2982,19.92498,2.85485,13.73932855,51.67145791
2983,13.01763,2.45393,11.42400385,52.55304586
2984,11.5422,1.54196,9.195881926,47.61396304
2985,2.5344,2.56556,12.20388623,51.43874059
2986,10.52803,3.10996,14.93186254,51.1266256
2987,14.81345,4.37201,20.62072734,51.33470226
2988,5.49855,1.90722,8.899544165,52.62970568
2989,5.2107,1.22397,6.08038244,51.48528405
2990,4.0405,1.495,7.719977399,50.72142368
2991,3.42123,6.92678,31.17360413,50.89390828
2992,15.76193,5.60405,26.94278134,50.06160164
2993,6.35295,2.99373,13.66738062,52.43805613
2994,8.53175,2.59704,12.52569616,51.52087611
2995,9.8433,2.35858,11.4757305,51.55373032
2996,16.31893,2.49318,14.83561589,47.85489391
2997,6.32238,4.08,20.10713527,50.81451061
2998,3.975,4.30532,22.07746551,49.69746749
2999,6.9596,3.0741,14.77350598,50.68309377
3000,4.88463,3.93926,19.35008184,49.88090349
3001,3.68348,1.25683,6.501236349,50.54893908
3002,3.88225,2.69788,16.41740359,46.33538672
3003,7.6481,2.15914,10.51672503,51.1430527
3004,6.58083,5.89705,27.90655172,50.0862423
3005,13.78303,1.96291,9.672255457,51.43600274
3006,5.70698,3.18503,18.42637472,47.09650924
3007,19.74338,2.00899,10.26998037,50.53524983
3008,7.45203,3.0107,12.65501279,51.58384668
3009,4.85098,1.26469,6.58525067,50.98973306
3010,9.7072,1.69901,8.128018176,51.9835729
3011,2.1402,2.19593,13.1586483,46.35728953
3012,12.32088,8.43954,31.03243447,52.92813142
3013,4.78725,1.50405,7.401545578,51.38398357
3014,5.2842,5.76706,25.72049623,52.75017112
3015,10.46135,4.11143,19.97698893,51.06639288
3016,4.80823,2.50521,12.32727633,51.2936345
3017,3.91115,3.85872,19.82491448,49.14989733
3018,4.55225,2.59175,13.31736046,49.80971937
3019,9.21518,1.277,7.652012089,46.85284052
3020,20.94805,9.39946,39.33015257,52.52019165
3021,13.48523,2.33984,12.4629936,49.87542779
3022,10.9087,4.03632,22.72025567,47.85489391
3023,8.10215,1.40759,7.308594067,50.9650924
3024,3.21048,1.57345,7.995773849,50.72963723
3025,5.38883,1.57344,7.754481588,50.05065024
3026,6.47078,4.25756,19.80986112,50.56262834
3027,8.4744,3.10064,16.28630901,49.18275154
3028,5.82703,2.00776,11.85765903,47.77275838
3029,13.4122,12.8091,45.523127,49.24298426
3030,8.05325,1.80097,8.898347008,51.97262149
3031,3.9068,10.8598,38.08522816,52.1779603
3032,14.92635,5.12117,25.77822052,49.65092402
3033,13.09133,2.28962,12.78255146,48.82956879
3034,12.09075,2.15978,12.34647825,48.72553046
3035,10.3288,6.38681,30.9591827,50.55989049
3036,2.3365,1.21163,6.565088655,50.89938398
3037,5.6837,2.16955,10.46109873,51.39767283
3038,13.63285,5.78791,26.5093158,51.03353867
3039,4.10128,2.23182,10.82648043,51.89322382
3040,14.4339,4.25016,22.34842592,48.76659822
3041,4.55433,5.75867,25.11421342,51.19233402
3042,2.6068,1.68399,9.47204582,48.13141684
3043,14.90738,2.35007,11.45824727,51.60027379
3044,5.32758,2.50149,12.8393275,50.89117043
3045,2.49113,3.22297,15.31803447,51.84394251
3046,11.53923,1.69883,10.09935592,47.15674196
3047,18.99455,1.42695,7.376583083,50.73511294
3048,12.1825,3.18884,14.62558008,52.27104723
3049,3.46363,1.7958,8.81910946,51.4825462
3050,3.79598,2.57577,11.76039302,52.27652293
3051,2.81048,0.474835,2.421741269,46.34086242
3052,8.13715,2.57715,13.19705214,50.61738535
3053,10.36605,5.09574,24.76454885,50.42299795
3054,5.32843,1.99955,11.75869803,47.90417522
3055,4.51605,2.88165,13.25323553,52.65160849
3056,9.37383,1.5053,7.756887754,50.52977413
3057,2.87188,1.67408,8.56950822,50.7980835
3058,8.02463,1.57838,7.682498098,52.8733744
3059,7.20898,1.89347,10.15492295,49.19644079
3060,13.96145,4.06784,21.00286923,49.43463381
3061,2.9535,2.49615,12.55912173,50.69952088
3062,18.8615,3.85879,18.36710954,52.29568789
3063,2.58478,2.39357,8.125280124,52.70362765
3064,15.95735,8.39978,42.18543049,48.05475702
3065,6.81065,1.94089,10.42088138,49.79055441
3066,3.56713,1.71819,9.643428873,48.37234771
3067,3.59085,1.56742,7.417653854,52.73374401
3068,14.43298,5.4085,28.57020323,48.37234771
3069,7.58083,2.68606,12.93604828,48.56673511
3070,6.542,3.35814,16.10234988,50.86652977
3071,4.227,4.7169,23.99623503,50.22313484
3072,12.33588,3.745,17.22151357,52.78850103
3073,3.83185,1.84536,10.40946691,48.66803559
3074,2.93858,1.15283,5.70336106,51.32922656
3075,3.90038,2.4888,10.6799532,52.58863792
3076,20.94805,5.84778,29.95606024,48.73374401
3077,6.1856,1.91786,10.31188086,49.77686516
3078,7.08645,1.91853,10.33041901,49.5578371
3079,4.93123,2.33275,11.27395626,51.57015743
3080,3.73048,1.38298,6.510410599,52.74743326
3081,19.84143,5.65966,24.88604247,52.29842574
3082,3.68908,2.717,12.49961948,52.42436687
3083,5.42623,3.90969,19.90278893,49.56605065
3084,5.85425,1.91905,10.83623548,48.11772758
3085,11.50065,2.98259,13.67496657,52.77481177
3086,4.11893,2.91248,13.91629439,51.6440794
3087,9.93865,1.49063,7.684975383,50.97604381
3088,4.9886,1.92842,9.798881445,50.22861054
3089,5.92028,2.43724,11.86548204,51.6550308
3090,8.57938,13.1252,52.73190665,51.85215606
3091,11.28853,3.22731,18.79512268,47.33196441
3092,9.95373,4.41748,22.96039818,48.10403833
3093,2.6783,1.73636,8.491337446,51.43052704
3094,6.16925,2.83015,13.61439755,51.02532512
3095,2.69393,1.12068,6.164100436,49.51129363
3096,3.9896,1.64867,9.662097405,47.43600274
3097,4.86663,2.51419,12.59634026,49.72758385
3098,17.79415,4.89859,22.78912181,51.80287474
3099,15.37828,1.88109,11.04879598,47.94250513
3100,11.57055,1.42104,7.291513841,50.29705681
3101,3.7451,2.59942,14.42905674,47.64134155
3102,3.29235,1.1302,6.802860565,47.93429158
3103,2.914,1.99848,10.70474975,49.03216975
3104,3.91483,2.53632,13.42866047,49.76043806
3105,13.79525,1.96291,10.5609013,49.84804928
3106,4.78923,2.83351,14.23988228,50.50787132
3107,3.5733,1.71705,8.344952447,51.27173169
3108,3.8164,0.975276,5.088769272,49.11704312
3109,2.29978,0.798563,4.38734214,49.61259411
3110,7.37105,1.66001,8.95624909,49.51403149
3111,21.96008,1.53852,8.77175658,47.37303217
3112,3.2519,0.876246,4.638045712,48.61601643
3113,19.36765,7.27344,32.55839437,51.56468172
3114,5.4316,1.41727,8.048223535,48.60780287
3115,4.96158,3.81861,18.11843283,51.22518823
3116,2.46985,1.29803,6.720730876,50.29158111
3117,5.96045,2.83897,13.20807547,51.09924709
3118,4.78455,1.50405,7.401545578,51.89596167
3119,15.91645,7.07726,34.5236278,49.12525667
3120,13.2235,2.12267,9.891477365,52.93086927
3121,4.5386,1.49142,8.047690148,49.93566051
3122,4.66783,1.33274,6.935045626,50.22313484
3123,9.9719,7.59159,33.00892828,51.78097194
3124,16.72815,7.15595,32.21963459,51.11019849
3125,3.68765,2.39325,11.5276468,51.70431211
3126,8.27433,2.6982,14.45003661,49.77412731
3127,6.86845,3.77999,21.31709322,47.1211499
3128,4.31313,4.29135,22.56498089,47.85489391
3129,7.86205,3.32082,16.94296722,50.45859001
3130,4.65545,2.48006,13.79717137,48.45995893
3131,19.21195,3.5857,17.00436595,51.61670089
3132,4.38113,3.98911,19.64059976,49.88090349
3133,4.08268,1.24331,6.102464647,51.61670089
3134,4.57725,1.94545,9.068959613,52.3340178
3135,10.02595,1.64692,9.331765135,48.64339493
3136,14.70395,4.73357,24.00310979,49.54140999
3137,6.3334,2.14227,9.556392027,51.11841205
3138,9.0108,3.59932,16.25632082,52.15058179
3139,9.5146,2.37208,11.31807326,51.40862423
3140,5.71798,6.55823,30.69118555,50.74606434
3141,1.98943,0.91917,4.779476141,50.90485969
3142,12.59843,2.06736,11.7351579,48.60780287
3143,2.48383,1.04747,6.296641088,47.11293634
3144,10.76478,2.40275,11.10239541,52.49281314
3145,25.17178,3.43956,17.66280212,49.88911704
3146,4.6671,14.5001,44.21787063,52.41067762
3147,6.42423,3.00458,13.68942727,52.33675565
3148,26.72615,5.1481,22.81010168,52.58316222
3149,11.70068,1.74075,8.562313427,51.52908966
3150,8.87053,8.37484,35.59004548,51.70704997
3151,5.5477,1.12816,6.281587732,48.83230664
3152,4.97183,2.88424,12.7542227,52.27652293
3153,12.04968,4.16788,17.76793855,52.92265572
3154,6.97958,5.09074,23.97134365,51.58932238
3155,7.0738,1.81315,9.257126565,50.02874743
3156,11.9739,2.70462,12.23292617,52.12594114
3157,3.3021,2.37114,12.06567982,50.05338809
3158,9.54693,4.38403,21.66035716,50.21765914
3159,9.71203,1.82779,10.94594718,47.74811773
3160,8.82028,1.35158,8.232348601,47.92881588
3161,11.8049,2.456,12.28780572,51.25256674
3162,3.36933,2.86718,13.86615604,50.51334702
3163,3.9283,3.01144,14.46212671,51.59753593
3164,4.77513,3.13936,16.53711926,47.68514716
3165,1.79265,1.42372,8.095469738,48.49281314
3166,6.5488,2.45923,13.10056843,49.47296372
3167,4.1569,1.67524,9.833610841,47.97262149
3168,4.61598,2.36048,11.73695957,49.98494182
3169,4.4965,3.05842,17.62416122,47.39493498
3170,9.8216,3.42746,15.267422,49.66187543
3171,3.3372,6.83235,25.93207293,52.08761123
3172,3.5623,2.72736,13.27137068,50.76796715
3173,11.99865,3.26217,15.68986422,51.80561259
3174,3.4498,1.18071,6.738036309,48.48733744
3175,8.08425,1.77216,9.596668644,49.83162218
3176,3.30615,2.43175,12.07042104,51.73990418
3177,9.28423,2.58144,14.3601906,48.77207392
3178,2.09408,1.6433,10.01327917,47.01163587
3179,3.0407,6.27638,31.39430767,49.79603012
3180,2.05695,1.69876,7.881960994,52.36687201
3181,12.39085,2.47186,11.32385754,50.72689938
3182,3.9851,1.28181,6.021306907,51.54825462
3183,4.59413,1.89901,9.641354592,50.77891855
3184,11.08038,3.96491,17.94158553,51.73169062
3185,5.91608,1.61335,7.231561183,51.21697467
3186,4.55235,2.21451,10.27014632,52.46817248
3187,2.75763,3.33272,15.92028724,51.03901437
3188,3.92543,4.10595,22.13613804,47.51266256
3189,10.98455,6.00803,24.47569035,51.20602327
3190,3.04958,3.16802,15.88140928,50.33812457
3191,9.86093,5.10242,24.739776,49.88911704
3192,10.17763,1.71883,8.357386282,51.40314853
3193,5.88463,4.35426,20.38532604,51.24709103
3194,8.23643,1.28596,6.683014514,50.47501711
3195,3.4309,2.24846,11.96919611,49.77686516
3196,3.8785,1.75007,10.90846788,46.80629706
3197,5.37033,2.90933,13.98729408,51.43874059
3198,7.39153,2.69703,12.61732013,51.49897331
3199,11.70068,1.50523,7.068878259,51.28268309
3200,9.13143,3.13252,17.22791421,48.33675565
3201,17.1032,5.30284,24.5453862,50.95687885
3202,19.0759,2.98562,14.27911583,51.06365503
3203,4.01355,2.09336,9.762954891,52.24640657
3204,3.24875,2.39946,12.25817313,50.39835729
3205,3.54835,2.75014,14.52862225,49.62902122
3206,3.4077,1.86798,9.018607915,51.96988364
3207,15.81325,8.88879,40.21794499,50.04517454
3208,1.8449,1.82472,8.927861068,51.29637235
3209,9.50278,2.9696,14.29760657,50.74880219
3210,3.94968,1.36491,7.770364657,48.95277207
3211,8.35863,1.61973,8.681946123,49.90554415
3212,15.59063,4.19755,21.10516093,50.32991102
3213,5.72988,3.25114,17.86276284,48.73921971
3214,2.17253,2.08426,9.701781371,52.96098563
3215,16.76143,6.83741,34.25930508,49.15537303
3216,8.98808,3.09019,14.42040402,52.64613279
3217,9.04048,2.57692,14.3601906,48.31759069
3218,5.6303,4.84699,21.88058657,51.8275154
3219,8.07408,2.99521,17.28066023,46.66666667
3220,6.1724,2.60378,13.16848632,50.70225873
3221,12.08678,3.41276,17.05865285,50.05338809
3222,11.44395,2.28392,12.78515913,48.62970568
3223,9.21468,2.04707,10.40276994,50.56262834
3224,6.26478,1.50385,7.399293501,51.76180698
3225,4.53833,2.0528,10.94090964,49.66735113
3226,6.17963,2.18537,10.63258846,51.24709103
3227,10.83623,4.33111,22.18473548,49.68377823
3228,15.82308,5.21956,22.47098631,51.51266256
3229,8.02863,1.44567,7.088423916,51.16495551
3230,16.4476,5.91098,28.27103259,50.0807666
3231,3.48903,4.16007,22.42831538,48.14236824
3232,10.85525,2.69344,14.08045894,48.7063655
3233,2.4367,1.29916,8.192747607,46.21492129
3234,6.89993,2.95421,15.64055559,49.54140999
3235,2.767,0.743836,4.085054154,50.33812457
3236,13.7538,7.39689,27.9154415,52.45448323
3237,6.1778,1.76773,8.625620495,51.50444901
3238,6.21823,7.51499,34.96444222,50.82546201
3239,5.00878,3.87602,17.37856631,52.55578371
3240,6.76515,1.64915,8.476568562,50.68035592
3241,15.41628,4.50248,21.95846102,50.92402464
3242,9.1014,3.8594,20.9562868,48.93086927
3243,5.38413,1.00936,5.247279927,50.97604381
3244,9.2402,3.4924,17.65379381,50.32717317
3245,2.11085,2.52601,13.36986941,49.70020534
3246,21.5865,1.61234,9.842251705,47.57015743
3247,11.12048,3.57897,18.40183893,47.49897331
3248,9.75833,3.66994,18.15529578,50.7980835
3249,10.41338,9.53256,39.89577946,49.99863107
3250,1.97008,2.3512,11.51405136,51.69883641
3251,7.0351,2.85543,13.1668269,51.79466119
3252,2.86275,1.11443,6.657708281,47.33470226
3253,11.90368,2.24897,13.19918569,47.33470226
3254,6.55138,2.20644,10.17085343,50.52977413
3255,10.7043,3.02733,14.49412991,50.0698152
3256,7.27698,7.28559,29.38735155,51.96714579
3257,4.83878,1.10226,5.480749184,51.88501027
3258,21.97675,1.32556,7.961874165,46.78986995
3259,6.23575,1.24372,7.188748016,48.99657769
3260,17.4747,6.2658,28.74515404,52.21902806
3261,11.5709,2.06882,10.58585194,50.61738535
3262,21.67365,2.18901,10.63938025,51.15126626
3263,3.66868,2.72538,15.15635905,49.04312115
3264,7.75365,2.31807,10.7184163,52.03285421
3265,3.98895,2.52334,12.72506423,50.21765914
3266,3.55708,1.19187,7.069257557,47.9835729
3267,11.759,2.12361,9.891477365,52.94182067
3268,2.90298,0.749738,3.906760781,50.04791239
3269,8.2949,1.28032,7.291051573,48.26009582
3270,3.89595,1.00985,4.788923011,52.28473648
3271,4.25035,1.53839,8.309428897,49.22655715
3272,3.48448,1.76214,8.215600261,52.91718001
3273,8.76,1.12296,6.105546436,49.79876797
3274,3.5964,2.64712,14.02842411,49.97672827
3275,3.45298,1.42014,7.381561358,49.77686516
3276,19.1774,6.43053,27.77201976,51.20602327
3277,14.09465,2.32932,12.52403674,49.18275154
3278,3.67748,1.19807,7.069257557,47.72895277
3279,5.11555,1.32631,6.522394018,51.02258727
3280,7.84828,2.18345,10.75109512,51.70431211
3281,3.93185,2.82872,13.62945091,51.30732375
3282,3.90505,4.33762,19.62246462,52.55852156
3283,8.63543,5.20689,27.46787085,48.92539357
3284,7.0673,2.1652,10.50891388,51.38398357
3285,19.90835,5.64937,25.78473969,51.68788501
3286,3.2039,0.851478,4.44866975,50.49691992
3287,5.10683,3.83951,20.57924171,47.9945243
3288,10.38963,3.78788,21.55308718,47.30184805
3289,5.94638,2.52022,14.07512507,48.40520192
3290,16.05465,5.33864,23.29287585,50.45037645
3291,5.9995,1.95929,11.47473484,47.39493498
3292,2.32353,2.65927,11.94525297,52.15605749
3293,4.2871,3.70654,18.58662777,50.29705681
3294,8.72638,2.51796,11.63465601,52.56125941
3295,4.86803,3.04589,15.91530897,49.73853525
3296,5.05798,4.24515,18.64245557,51.26078029
3297,12.60433,2.59679,13.15295885,50.01505818
3298,5.99305,0.815508,3.863354962,51.49897331
3299,3.8613,2.03852,9.42231048,52.61601643
3300,4.0406,1.85291,8.598251834,52.57221081
3301,9.55263,4.70844,22.84660903,50.5927447
3302,17.7619,5.87714,30.62966829,47.2991102
3303,3.01228,2.06752,9.607881617,52.06297057
3304,14.74838,3.24758,16.24980165,50.54620123
3305,6.44313,1.86529,8.641610241,52.5119781
3306,3.45605,1.95736,9.057616257,52.64613279
3307,18.19218,2.77919,13.98717555,50.26694045
3308,4.21513,1.69281,7.316061479,50.57905544
3309,7.38373,1.19735,5.473637362,51.59479808
3310,7.53305,3.25822,17.50160082,48.59137577
3311,14.04183,3.20927,16.09855691,50.85831622
3312,7.35285,2.75058,15.95537223,47.95619439
3313,14.59323,4.49432,22.03029042,50.275154
3314,5.19948,1.64228,7.751281268,49.724846
3315,17.24403,2.87549,15.11878493,49.27857632
3316,6.4324,2.79894,13.46327134,51.26078029
3317,8.1908,2.09677,11.23765041,49.54414784
3318,3.6962,1.61642,7.938417006,51.43052704
3319,10.51233,1.70883,8.934024647,49.30321697
3320,13.17465,2.37763,12.07990347,50.24503765
3321,23.10785,6.74698,34.35270701,48.67351129
3322,7.72133,8.48932,43.43877056,47.97535934
3323,5.14928,2.644,12.18314341,51.93155373
3324,2.36953,2.26679,10.48617976,52.14510609
3325,4.69538,2.06609,11.57164527,48.66803559
3326,15.34208,6.22795,27.06380084,52.11225188
3327,19.16423,8.45478,38.91612601,50.82819986
3328,11.25035,3.02287,14.49412991,50.0698152
3329,8.76683,8.43727,40.3823466,49.7303217
3330,3.51323,4.84918,21.73029007,52.61875428
3331,3.63395,1.5651,9.315822801,47.69609856
3332,6.50563,2.20036,11.20933351,50.0862423
3333,3.8965,0.895815,4.962261815,49.90554415
3334,18.19218,2.23897,13.08195916,47.80561259
3335,14.84408,1.4135,8.425375298,48.23271732
3336,8.41148,2.79211,13.93146627,50.69404517
3337,3.70288,1.70674,9.228122185,48.99383984
3338,3.52425,2.88736,13.21400198,52.28199863
3339,19.67655,3.34346,16.39737196,50.05612594
3340,4.40568,2.40077,12.26006962,50.65845311
3341,16.28375,4.98032,22.549809,51.95071869
3342,9.79655,2.12052,10.31122894,51.61396304
3343,9.57603,2.09016,10.66998479,50.91854894
3344,2.70043,2.96822,15.47544279,49.65366188
3345,3.3556,2.448,13.6352589,48.13689254
3346,5.22133,1.45354,7.876105594,49.57152635
3347,3.01428,2.22868,11.89641846,49.48665298
3348,21.19158,3.57997,19.62530935,48.66803559
3349,7.5738,3.07084,15.38737473,50.58453114
3350,5.65133,2.37927,11.5077574,51.56468172
3351,3.35718,1.41148,7.662513879,49.63997262
3352,4.96378,2.02071,11.9668255,46.88021903
3353,10.32633,5.3009,25.6739138,50.19301848
3354,10.92063,1.83778,8.562254162,51.86584531
3355,3.92223,2.0995,11.55799057,49.08418891
3356,6.8514,1.97598,10.60633399,49.69199179
3357,17.49223,5.24903,23.22270588,52.65160849
3358,6.8498,3.74016,19.52811445,49.98494182
3359,10.1101,6.62608,32.02903776,49.65366188
3360,13.63285,5.42882,22.06822014,52.22997947
3361,2.90543,2.10906,10.30608472,51.55373032
3362,9.89213,6.30196,29.87913403,51.17864476
3363,6.42495,1.94925,10.53192062,49.52772074
3364,13.25938,3.86932,20.06090843,47.4880219
3365,7.60615,2.81338,12.92798822,51.09650924
3366,2.55003,1.67259,7.838578881,52.27926078
3367,3.2993,1.6576,9.902263628,47.6440794
3368,8.23628,4.86614,23.5397746,50.52977413
3369,6.39035,2.8239,14.88931014,49.56057495
3370,5.13965,6.27684,28.86202498,50.16290212
3371,2.35803,2.01461,9.970655647,50.48870637
3372,4.67023,2.8786,14.48761074,50.85284052
3373,3.8695,3.12811,16.47263874,49.28405202
3374,8.18723,4.16579,23.17209341,47.19507187
3375,3.48883,3.32723,16.10175723,50.86652977
3376,6.71518,2.72436,13.87978704,49.4017796
3377,15.75713,5.60405,30.24788199,46.92950034
3378,5.1208,2.39825,11.07844042,52.66255989
3379,3.59005,1.54024,7.204927411,49.98767967
3380,10.88225,1.70517,10.15066771,47.00068446
3381,6.1254,1.61407,8.551728666,50.34907598
3382,9.54625,2.07487,11.11158151,49.50855578
3383,5.48313,0.806938,3.850091414,52.83778234
3384,9.50338,2.5131,12.53316358,50.80629706
3385,9.87135,10.2576,45.0827867,50.94592745
3386,3.2411,2.19287,12.29230988,47.52087611
3387,4.4456,2.05193,9.613049541,51.73990418
3388,12.08795,8.79983,39.27124297,50.69130732
3389,2.85783,1.12003,5.58363354,51.96167009
3390,11.63578,1.44274,7.833363545,49.44558522
3391,3.35513,1.56528,7.788239036,51.56468172
3392,4.20493,4.17859,21.31377437,50.55441478
3393,4.70165,3.11061,14.26275864,52.05475702
3394,4.90478,2.71613,12.45197028,52.01368925
3395,22.34198,1.93407,11.38728314,47.16769336
3396,2.5344,3.67582,16.60005888,52.3613963
3397,6.30903,4.96272,26.3641161,48.20807666
3398,9.8576,4.01745,18.96236902,51.25804244
3399,2.8819,2.11489,10.33194805,51.58110883
3400,4.9705,1.56305,9.255964968,47.35112936
3401,2.00653,0.847773,4.254599986,51.86036961
3402,10.92063,3.93059,20.30176213,49.90554415
3403,3.54835,3.28311,17.9110047,47.4880219
3404,5.5526,15.8555,44.8696691,51.04175222
3405,9.33888,1.73208,9.724598466,48.40246407
3406,9.1818,2.73392,11.19999331,52.05201916
3407,6.9197,3.61936,17.13901644,51.56194387
3408,17.61215,4.96351,23.12076977,51.4825462
3409,5.97983,2.09078,9.784835597,52.3559206
3410,4.8073,1.79415,8.810741216,51.68240931
3411,17.61215,11.4909,44.94872886,52.84599589
3412,2.91808,0.804612,3.50357975,52.7063655
3413,5.57678,1.53661,7.942245537,50.1026694
3414,10.25815,2.64345,12.99365404,51.41683778
3415,2.29335,0.829251,4.325030728,52.30390144
3416,2.8036,1.2152,6.293606711,50.50239562
3417,15.35745,4.87085,21.70871755,52.62149213
3418,5.26595,2.09177,10.34885048,50.64476386
3419,4.22473,1.71831,10.70022189,46.98151951
3420,6.28668,1.92625,10.84069222,48.13689254
3421,5.04023,1.08882,6.434231134,47.08008214
3422,10.3833,2.57963,12.47686165,51.89322382
3423,9.35443,4.95291,23.07963973,51.67145791
3424,7.93263,1.52647,9.209702567,47.39493498
3425,20.15348,2.83345,12.99009813,51.62217659
3426,4.49538,5.02245,23.49508865,51.34565366
3427,2.3075,2.69985,12.42210063,52.0109514
3428,3.95733,2.70848,16.41740359,46.95687885
3429,15.09253,4.93457,21.81966197,51.05270363
3430,7.55278,3.01752,15.85711056,48.92813142
3431,3.21708,3.41435,17.7685312,49.76865161
3432,3.17385,1.38681,7.770151302,49.72210815
3433,17.08633,2.04686,11.4858767,47.28268309
3434,4.96363,4.96657,26.23776273,48.73921971
3435,8.13508,1.81983,8.885830202,51.84668036
3436,3.9532,1.90195,10.23929286,49.94934976
3437,4.52735,2.41689,11.68337199,51.89869952
3438,23.83898,3.11153,14.91965391,51.83572895
3439,5.93535,2.05471,12.14236897,47.09377139
3440,6.94988,2.51358,11.48492845,52.52019165
3441,3.55148,4.33738,20.61183756,51.96167009
3442,10.7717,2.36938,13.92447298,47.94798084
3443,8.3844,3.12807,14.26548484,52.33675565
3444,4.02583,2.01538,9.609967751,51.81382615
3445,6.78795,4.90145,19.58939465,50.55441478
3446,4.65838,1.59515,8.690752929,49.68377823
3447,10.58243,1.90513,10.77224094,47.94250513
3448,5.29798,2.31868,13.40258379,47.19507187
3449,4.43085,2.0824,10.65219338,49.18001369
3450,22.9042,7.71212,37.61833706,49.7522245
3451,7.34673,3.73302,19.33360612,49.81793292
3452,3.52645,1.70995,10.15513631,47.77549624
3453,12.43948,5.02344,22.53878568,50.36276523
3454,3.3297,2.20112,12.82048118,47.75085558
3455,8.17298,2.95233,13.53012246,52.10677618
3456,4.45203,2.24203,10.96136798,50.62286105
3457,3.99658,1.40347,6.927969363,51.99178645
3458,13.92753,8.89823,38.70715697,50.33538672
3459,9.80888,2.37433,11.72216698,51.21423682
3460,10.23133,2.13581,9.665724434,50.71868583
3461,2.3781,1.2375,6.415610014,50.97330595
3462,20.94298,8.84742,45.50594009,47.97535934
3463,7.11258,4.26774,19.80986112,51.68514716
3464,22.26085,3.11915,16.38563745,49.60985626
3465,8.37873,3.5617,19.42831188,48.53114305
3466,3.81038,1.84424,9.020101397,51.41683778
3467,7.66688,2.20852,10.95358054,50.57084189
3468,3.98448,2.12026,9.86944257,52.04380561
3469,9.5877,4.64018,25.86474768,47.90965092
3470,3.6973,1.89861,9.654878906,50.30527036
3471,19.50098,8.37986,40.90873995,49.34154689
3472,12.2743,3.2088,16.80784261,49.50581793
3473,4.09745,1.79983,8.457165142,52.45448323
3474,3.55543,1.6672,7.936840552,52.75564682
3475,3.59128,1.75449,9.916392447,48.84052019
3476,5.31918,2.95343,12.85639588,51.77275838
3477,5.14308,2.27232,13.32115343,47.41409993
3478,4.43018,3.15637,14.45335546,52.79397673
3479,4.52048,1.74402,10.78389247,46.77344285
3480,4.43858,2.83569,12.90866777,52.61875428
3481,2.48005,1.36477,7.172722711,49.17453799
3482,8.85808,2.34282,11.00230837,52.3504449
3483,5.20108,2.11303,10.14285656,50.6255989
3484,6.93238,9.18428,35.85899087,50.90485969
3485,10.72653,2.6944,14.88539864,49.51403149
3486,7.67198,1.87849,10.15116554,49.30595483
3487,14.4653,1.50837,8.976932639,47.321013
3488,2.54873,1.59307,7.802557503,51.74537988
3489,3.71143,1.26505,5.98872291,52.80219028
3490,5.9721,2.18922,10.73651589,51.1211499
3491,5.38283,1.62058,9.630947626,47.90417522
3492,12.23745,2.83217,13.55572502,50.72416153
3493,4.00625,1.32296,6.809853856,51.24982888
3494,5.56373,1.66743,7.642008126,52.28747433
3495,8.3832,1.19032,7.3655242,47.11293634
3496,2.21068,2.77152,14.58634653,49.45106092
3497,10.91268,3.38399,17.84687977,49.89459274
3498,2.85578,2.15827,10.79303116,50.71321013
3499,3.42885,1.58123,8.437548367,49.89185489
3500,8.38323,3.17043,15.93190322,50.37371663
3501,24.38535,6.93092,30.58664177,50.93497604
3502,11.3351,1.40157,7.592083137,50.28610541
3503,22.22848,6.0495,29.95819378,48.59958932
3504,2.97038,1.327,6.567471116,51.1211499
3505,7.34673,3.73302,21.06320119,47.2936345
3506,7.20858,6.53424,30.61840791,50.4476386
3507,3.5475,1.76351,8.24065758,52.41615332
3508,10.25815,2.64345,12.79120418,51.30732375
3509,9.83918,4.55469,22.21496073,50.9705681
3510,6.47818,1.41258,6.891248657,51.07460643
3511,3.43973,1.40207,7.293635535,50.07802875
3512,5.41978,0.995534,4.706769616,52.43531828
3513,13.42423,5.89792,30.23140627,48.35318275
3514,11.90368,2.49942,12.16571945,51.4934976
3515,3.6145,1.52885,7.530328818,51.17864476
3516,14.19703,3.55883,16.13541985,52.81040383
3517,11.7929,7.2825,31.25361213,52.09856263
3518,3.60828,1.89588,9.285147143,51.35112936
3519,15.52823,8.39643,36.08834712,52.183436
3520,18.20098,4.35379,20.32214935,51.84120465
3521,9.47073,3.46504,20.78098039,47.54277892
3522,8.68693,4.66634,21.80816452,51.60848734
3523,2.05253,1.11433,5.082499016,52.62149213
3524,5.35205,1.28096,6.35762496,50.75701574
3525,4.91263,5.5593,30.27692193,47.16221766
3526,5.10045,3.81774,17.16959727,51.95071869
3527,5.36145,2.53267,12.92834381,50.36550308
3528,5.24708,2.37323,12.08132583,51.03080082
3529,4.77398,3.15738,15.01684881,51.6386037
3530,2.53248,1.70456,10.61567418,46.4366872
3531,9.20998,3.72579,17.62570211,51.08008214
3532,5.95365,5.60384,21.07659512,50.31622177
3533,6.77178,2.57727,11.48492845,52.52019165
3534,4.64755,2.0506,10.56390012,50.91033539
3535,3.96478,2.77577,12.71937478,52.54757016
3536,11.61758,2.95761,14.89203634,50.85557837
3537,3.42928,1.45228,7.506065652,50.51334702
3538,3.50078,3.31914,15.13881656,52.40246407
3539,3.0422,1.52994,8.27219851,49.63997262
3540,4.46628,2.09564,9.846732152,52.55304586
3541,4.79238,1.54891,8.331582222,49.90554415
3542,10.57538,3.9069,19.07722494,47.07186858
3543,4.6724,1.45189,7.876105594,49.57152635
3544,3.32983,2.62151,13.27220039,50.38193018
3545,21.11958,6.25004,28.74515404,52.21902806
3546,24.99138,2.8778,15.11700697,49.78234086
3547,3.99725,2.27566,11.06381378,50.53798768
3548,11.12053,2.46128,12.28780572,50.71868583
3549,2.4528,1.60015,7.910420134,51.74537988
3550,11.21558,1.19649,6.457581616,50.49965777
3551,5.69518,1.63562,7.751281268,52.36960986
3552,13.13175,3.51811,15.9845307,52.12320329
3553,4.54113,3.74589,19.04178437,49.33880903
3554,12.57065,2.0197,10.33847907,50.9596167
3555,2.14603,1.93368,9.083775909,52.98288843
3556,6.3265,1.44983,7.86109965,50.40383299
3557,17.11125,1.98725,10.5542636,49.54688569
3558,7.30005,1.08236,5.904056671,49.88090349
3559,7.5912,2.00188,11.30170422,46.275154
3560,3.01605,3.30369,16.43589432,50.02874743
3561,8.26413,1.88338,10.66460351,48.39425051
3562,4.74195,1.34957,6.292990353,52.06844627
3563,8.51638,2.0139,10.36589514,50.34907598
3564,20.69568,1.96175,10.03575252,50.20944559
3565,3.49925,1.04573,5.43752116,50.54072553
3566,6.52475,3.25795,16.98018575,49.63449692
3567,11.25988,4.15684,20.23882251,50.40930869
3568,5.67588,6.52058,30.7276929,49.045859
3569,3.494,1.83663,9.99369795,49.85900068
3570,5.15275,2.644,12.18314341,51.93155373
3571,12.24703,1.71017,10.15066771,47.00068446
3572,8.5838,2.79038,12.81739939,52.06844627
3573,4.84595,2.03528,9.914495961,51.10198494
3574,16.39088,3.82074,21.68524853,47.03627652
3575,10.67463,1.59385,9.145802848,48.01916496
3576,10.81255,1.89238,9.706415908,50.44490075
3577,3.90875,1.84189,9.43413981,50.770705
3578,4.66398,0.693919,3.170865019,51.9945243
3579,1.63198,2.40924,11.61320201,51.53182752
3580,3.13985,0.914892,4.768488377,50.06433949
3581,6.9083,1.70379,8.348970626,51.52361396
3582,2.72963,1.29808,8.192747607,46.82819986
3583,9.60743,3.35002,17.52637367,49.09514031
3584,9.9245,2.26295,10.99721157,51.9890486
3585,7.01805,2.28933,10.64770108,52.02737851
3586,3.84315,2.25653,12.61198627,48.53114305
3587,25.85078,6.84507,32.26586143,50.90759754
3588,6.2922,4.22902,22.10223835,48.72826831
3589,3.61368,2.0251,10.94447741,47.98631075
3590,3.68348,1.88157,9.285147143,51.58658453
3591,11.42875,1.94302,10.0528446,50.83093771
3592,4.03473,2.67251,16.41740359,46.62833676
3593,3.61085,0.715158,3.770628659,50.16837782
3594,7.26528,1.36977,6.809924974,51.43600274
3595,7.75878,3.10532,13.57421576,52.3394935
3596,14.68895,2.84263,14.99812102,49.84531143
3597,20.115,4.52436,20.57272254,52.07939767
3598,6.20405,1.95444,10.41209828,49.69746749
3599,11.34843,5.57098,27.10552353,49.908282
3600,3.81713,1.5636,9.315822801,47.87953457
3601,8.48705,2.42852,12.30439997,50.19028063
3602,4.2196,2.15923,12.71996743,47.05544148
3603,4.19235,1.57875,8.088879449,50.52429843
3604,15.39393,1.95307,10.68355652,49.84257358
3605,4.21975,1.12829,6.435926118,48.52019165
3606,11.36103,3.01759,17.47007175,47.75085558
3607,5.98085,2.2846,12.33746995,49.56605065
3608,5.70033,1.65306,8.171341023,50.80629706
3609,16.22895,9.25756,38.30498345,52.32032854
3610,3.45013,1.33461,7.201537442,49.91649555
3611,10.20055,4.66472,21.87928274,51.56468172
3612,3.08258,1.71917,9.704756483,48.20533881
3613,2.3843,1.80143,10.14480046,48.26283368
3614,5.97615,2.84202,14.96232485,49.98494182
3615,8.60598,3.55391,20.24451196,47.2991102
3616,2.9089,2.16907,11.04670985,50.46954141
3617,5.57818,1.81813,10.71000064,47.21697467
3618,2.74575,1.26485,5.977320289,52.50924025
3619,6.02893,2.2841,12.21538367,49.98767967
3620,16.31893,2.49318,13.56354803,48.29021218
3621,3.1157,1.98819,11.17005254,48.41889117
3622,5.80365,3.70365,18.58662777,50.29705681
3623,12.4112,2.20659,10.11471745,52.57494867
3624,4.92238,1.38514,7.078609602,49.15537303
3625,8.4999,4.56123,24.20555965,48.51471595
3626,5.37958,1.51539,7.602916812,50.06160164
3627,13.2258,2.12267,11.36352966,49.01574264
3628,12.2887,4.22568,22.17181568,48.71731691
3629,9.7773,3.35376,14.50361234,48.39698836
3630,14.40808,3.78976,17.87224527,51.49897331
3631,8.85853,1.99849,10.50267918,49.77138946
3632,3.95545,3.91414,19.60077356,50.1026694
3633,6.4522,3.18181,15.22261752,51.77002053
3634,3.5778,1.83115,8.641740624,52.5065024
3635,7.93828,2.80935,16.31961604,47.95619439
3636,7.53715,1.56403,8.530808057,49.53045859
3637,7.22983,4.40112,19.99192376,51.98631075
3638,3.12193,2.26581,10.43322039,52.82409309
3639,8.61918,3.04226,13.93751132,52.0109514
3640,2.27533,5.00491,23.84380498,51.07460643
3641,17.12548,8.07041,40.25160761,49.91101985
3642,3.26688,6.56983,28.56498789,51.43600274
3643,4.01198,1.42839,8.508974764,47.72347707
3644,11.9739,2.90652,14.38685993,50.69952088
3645,11.69403,1.61355,9.417818179,48.15605749
3646,3.64978,1.83136,10.32251303,48.43805613
3647,2.28288,1.54042,9.491508506,46.6091718
3648,21.4343,2.32497,11.23363223,51.80835044
3649,12.8827,1.53131,7.869124156,50.55989049
3650,15.241,2.03413,9.910205162,51.95345654
3651,6.4522,3.18181,15.80744634,50.90485969
3652,14.76998,2.12513,9.913571424,51.51813826
3653,4.06248,3.89285,19.31618216,50.08350445
3654,7.49548,3.53485,17.63222128,50.42299795
3655,11.3969,1.3415,7.59287729,48.26009582
3656,6.0466,2.55205,11.77837407,52.23271732
3657,17.03495,2.64873,13.71348894,49.38809035
3658,3.50548,2.81829,13.51898061,51.77002053
3659,5.78848,1.73643,8.928584104,50.23134839
3660,2.62705,1.60566,7.479491145,52.85420945
3661,4.5936,1.89901,9.990710985,49.34428474
3662,4.3593,3.66361,16.98741611,51.92060233
3663,3.89328,0.895815,4.284268136,50.72142368
3664,19.92595,2.35829,13.80689086,47.55646817
3665,4.12945,1.3817,7.523181437,49.17453799
3666,13.46738,2.36008,12.06461305,50.15468857
3667,2.9952,1.40803,8.365161874,47.55920602
3668,7.72555,7.46161,22.00101342,52.03559206
3669,5.3666,3.30926,15.00037309,52.62696783
3670,4.30785,1.82328,10.0055984,48.34223135
3671,2.6068,0.358872,2.426067627,51.26078029
3672,11.2853,3.88911,18.14996191,51.94798084
3673,3.48903,4.16007,20.60188101,50.56262834
3674,6.41745,2.71458,14.205627,49.83983573
3675,2.68393,0.901192,4.322707533,52.15058179
3676,5.6213,1.77772,9.602962607,49.12251882
3677,3.543,1.44853,7.494271881,50.36002738
3678,7.53895,2.80662,12.8767831,49.17727584
3679,19.69063,1.84412,8.570681671,52.13963039
3680,3.8433,0.912515,4.768488377,50.60643395
3681,14.9114,5.11645,28.20595942,47.77823409
3682,15.38503,11.3416,46.37476766,52.47364819
3683,14.46485,4.39876,18.08891877,51.67967146
3684,2.57245,1.54386,9.155996459,47.27446954
3685,9.09193,3.13067,14.99124625,51.39219713
3686,3.87068,1.26678,6.271014824,51.16495551
3687,19.1757,8.45478,40.90873995,49.66461328
3688,4.50908,3.38106,16.75213333,50.57357974
3689,3.4426,1.00843,4.987449517,51.04996578
3690,5.04623,4.67295,21.85273194,51.34839151
3691,3.9085,10.8598,35.40869402,51.00068446
3692,5.58895,5.79342,25.29497222,52.07665982
3693,4.10035,0.932207,4.745434221,50.82272416
3694,17.88388,11.1002,46.8027808,52.47364819
3695,3.8289,2.21517,11.31735023,50.48049281
3696,3.84053,1.19189,7.084085705,47.16495551
3697,2.61855,3.88629,17.48168772,52.95550992
3698,2.54113,2.48449,11.63969355,52.04380561
3699,6.85315,1.91892,10.33041901,49.29500342
3700,2.5639,2.60907,12.61032684,51.96167009
3701,18.363,2.24515,13.19918569,47.41136208
3702,5.00898,3.78501,19.51720965,49.9192334
3703,3.6518,3.00633,15.82629267,49.97399042
3704,3.49738,1.98829,10.66639332,49.41273101
3705,3.39823,1.25748,6.534330026,50.2532512
3706,3.6484,2.4179,12.30854854,47.28542094
3707,2.38583,2.74103,13.07567705,52.77481177
3708,3.41393,1.66245,7.936840552,52.56399726
3709,6.63008,6.80321,31.89936555,50.72689938
3710,7.91538,2.21649,10.88525964,51.57289528
3711,13.50153,1.64259,9.753377638,47.51266256
3712,18.3227,5.41222,23.8590954,52.53661875
3713,17.64828,4.26548,22.66466493,48.29842574
3714,3.48253,2.35452,10.8946828,52.72279261
3715,21.20635,4.62586,25.84898314,47.46885695
3716,5.19363,1.81124,8.374988041,52.71457906
3717,13.66108,5.25331,24.29173123,49.77138946
3718,6.33625,3.19137,15.32562041,51.77002053
3719,22.17788,3.79803,17.14624679,52.76659822
3720,4.47278,1.41242,6.616969396,52.62696783
3721,4.91515,1.26719,6.888403928,49.99315537
3722,10.4354,2.2614,12.04327758,49.79055441
3723,2.22748,1.14591,5.417951797,52.56399726
3724,5.83268,7.75016,30.18956505,52.22176591
3725,11.01078,2.14372,12.58863579,48.74743326
3726,5.9719,1.96172,9.499734513,51.07460643
3727,5.50163,2.10216,10.35889,49.36344969
3728,12.8615,1.93614,10.37198761,49.76317591
3729,3.84428,2.04109,10.94447741,49.47843943
3730,7.86513,3.86931,17.33933276,52.05201916
3731,17.73698,6.11571,26.58576788,52.32306639
3732,7.37825,4.75192,24.19133601,49.76043806
3733,14.38723,6.5349,29.41437648,51.08281999
3734,3.03273,6.47667,28.41362462,51.1156742
3735,4.95588,1.64406,7.715935514,52.3504449
3736,6.8342,3.9323,18.69129008,49.89459274
3737,4.65505,4.35238,24.12128456,48.05749487
3738,1.7561,0.839742,4.37922281,50.98699521
3739,4.14225,2.937,14.90317819,50.40383299
3740,4.75598,1.8617,9.114676774,51.95619439
3741,14.3171,11.4766,48.48140781,51.73169062
3742,10.16985,2.19648,11.76335628,49.81793292
3743,6.63353,2.65852,14.73083505,48.05475702
3744,5.07343,4.44082,18.53483,51.95071869
3745,2.87275,2.02165,10.28150153,50.35728953
3746,8.70445,4.0592,24.13930118,46.6036961
3747,3.93368,2.82872,13.58073493,51.67693361
3748,5.85933,2.43079,11.21946785,52.66529774
3749,2.80158,3.0303,13.71680779,52.08213552
3750,13.91788,5.44177,23.3746618,51.86036961
3751,4.99023,2.82884,14.91858714,49.46748802
3752,3.15868,6.01684,23.46616724,49.07871321
3753,3.1912,0.769389,3.81353665,50.80629706
3754,20.31758,2.24548,11.91727981,49.16358658
3755,5.08493,2.11865,10.14531014,52.42436687
3756,4.59968,1.87705,9.990710985,49.68377823
3757,4.60485,2.33547,12.80625753,48.37508556
3758,7.45848,2.18284,12.24217153,48.15879535
3759,7.98918,1.53728,7.579376682,51.95893224
3760,4.72088,3.67284,16.60005888,52.53114305
3761,12.3536,7.75836,40.14990856,48.39151266
3762,13.44533,3.52236,18.42921945,47.49897331
3763,10.28818,2.12926,9.89739203,51.24435318
3764,8.74815,3.43642,18.61649742,47.96714579
3765,13.9866,3.01084,15.13419387,50.69678303
3766,6.00923,3.54792,17.64620787,50.49418207
3767,4.56258,2.37234,12.13075299,47.96167009
3768,3.77093,1.37283,6.790829733,52.13963039
3769,2.76168,3.2341,14.77872131,52.80766598
3770,8.6799,2.06092,11.03800972,49.62354552
3771,8.2045,1.78575,8.382645102,51.57563313
3772,21.46995,3.17144,15.17911688,50.89390828
3773,6.07165,2.66143,13.46730137,50.18480493
3774,15.43295,5.01582,23.29915796,51.96714579
3775,6.43585,1.91639,8.946008067,51.89322382
3776,3.67275,3.66039,16.55620264,52.39972621
3777,21.5182,2.03594,11.49943657,48.53935661
3778,9.45665,2.81193,14.8430833,49.85626283
3779,3.07173,2.48197,12.30914119,50.43942505
3780,11.7615,5.08485,29.22057933,47.87953457
3781,2.6066,0.358872,1.807623603,51.26078029
3782,9.2234,5.90105,25.99299753,52.47638604
3783,2.96385,1.94324,9.372504021,50.45585216
3784,6.81428,1.72432,8.401135839,51.95619439
3785,8.03223,2.47345,12.01020761,51.14579055
3786,3.2684,1.88222,9.250880015,51.93976728
3787,5.1208,3.85793,18.27738205,50.34360027
3788,4.75058,2.42595,11.75472727,51.23613963
3789,4.4965,2.82753,16.31179303,46.38466804
3790,2.54703,0.805773,3.850091414,51.49897331
3791,5.78065,1.62189,7.66501487,51.52361396
3792,3.73273,1.29225,6.621947671,50.90485969
3793,6.77335,1.573,8.478299106,49.45927447
3794,4.7234,1.4996,7.744821363,50.81998631
3795,10.72653,4.16219,18.89101374,52.45448323
3796,8.9785,2.34689,13.56105889,47.69336071
3797,2.49175,1.11556,6.195214656,48.81040383
3798,5.41845,2.8583,12.9966173,52.17522245
3799,6.70533,2.5529,11.83950018,52.23271732
3800,9.664,2.68945,12.14260603,52.06297057
3801,4.82493,2.13236,10.33959326,51.89322382
3802,4.11393,1.53117,6.699051672,52.72826831
3803,3.92615,2.32439,13.64568957,47.19507187
3804,5.99085,4.44884,23.51523882,47.53456537
3805,4.07735,2.56532,12.93901154,50.23408624
3806,5.47243,2.20776,12.29207282,48.42984257
3807,2.10543,2.30778,10.70952652,52.10130048
3808,17.59458,3.09011,14.1380647,52.15605749
3809,9.81518,1.53008,8.341787686,49.18548939
3810,2.56803,1.42188,8.509674093,47.57015743
3811,12.7855,10.4216,39.67033471,51.12936345
3812,2.63183,1.9295,9.002914495,52.64613279
3813,2.65318,1.04242,6.285985208,47.14852841
3814,3.32915,2.4795,11.95592071,51.02532512
3815,5.99955,3.05094,14.67228105,51.35386721
3816,13.59673,2.26006,11.01308278,51.29637235
3817,16.1819,5.43745,23.95297145,51.18138261
3818,6.53865,2.94512,15.53293002,49.0403833
3819,8.27775,3.42779,18.96236902,46.77344285
3820,2.73783,1.49298,7.258349045,51.23340178
3821,10.21738,2.03731,10.96262441,49.60438056
3822,3.86083,1.41469,6.903848434,52.13963039
3823,10.78585,1.78831,10.11943496,48.44626968
3824,3.65705,2.91463,14.0170452,51.78918549
3825,3.01093,2.74025,15.97232207,47.67419576
3826,9.9354,1.24999,6.902094185,50.4421629
3827,16.36278,3.12321,17.12953401,48.0164271
3828,8.4171,2.13093,10.8683335,51.45790554
3829,16.1329,4.69222,20.97027338,52.82683094
3830,6.7425,2.52451,12.36982874,51.96988364
3831,11.77278,5.90257,27.67446927,51.42778919
3832,4.38603,1.39619,8.379219575,47.36481862
3833,6.38975,1.2961,7.43243459,47.26899384
3834,12.7873,2.94866,13.50831288,52.00273785
3835,6.59865,1.749,8.56353429,51.76728268
3836,13.80623,1.20433,7.517646069,47.73716632
3837,4.50398,2.03078,10.37862531,50.23408624
3838,3.15758,4.97405,28.77478663,46.72416153
3839,4.86803,0.940915,5.977118787,46.89390828
3840,4.94998,1.58281,8.194620387,50.7652293
3841,9.56603,3.33202,17.58789093,49.0513347
3842,3.5454,2.75014,13.27137068,51.70157426
3843,7.68983,1.84131,10.91218974,47.75359343
3844,14.3912,4.26794,19.87043014,52.52019165
3845,4.09745,1.70294,7.903118664,52.40246407
3846,12.79515,2.66583,13.45841159,50.31895962
3847,2.15083,0.544529,3.028936762,50.01232033
3848,3.1755,1.75165,9.421753387,49.99315537
3849,6.50185,1.84939,10.9481637,47.54825462
3850,6.99265,1.944,10.39913106,49.84531143
3851,8.85843,2.35513,10.92994559,51.56468172
3852,2.53778,0.6742,3.345744718,52.39151266
3853,8.00955,1.97205,10.01497415,50.275154
3854,6.70318,6.80321,32.13370008,50.4476386
3855,17.7619,3.4309,19.70365792,47.09650924
3856,6.731,1.62518,9.676700346,47.57289528
3857,12.2254,3.7457,19.4939777,49.16358658
3858,3.8886,0.772122,4.120684381,50.84462697
3859,2.276,3.25581,16.47477228,49.04312115
3860,5.39615,1.09702,5.515715641,51.88501027
3861,7.72828,3.25723,15.40752489,51.07460643
3862,5.9281,2.2453,10.98174335,51.18138261
3863,19.0759,4.03001,19.78982949,50.99520876
3864,15.83645,10.0135,42.04343112,51.99178645
3865,3.95123,0.983875,5.253597595,50.81724846
3866,7.73398,1.93598,10.16244963,48.86516085
3867,13.6421,2.99596,13.8039276,51.69062286
3868,2.63543,2.56377,12.88318374,50.02053388
3869,2.53778,1.91839,10.69405831,49.67008898
3870,18.3227,5.4414,25.32756807,51.24982888
3871,13.2933,6.07289,26.51737586,52.41889117
3872,2.87168,1.52777,7.258692784,52.38603696
3873,4.66923,2.01755,11.33581726,48.14510609
3874,9.02425,1.54392,7.967267297,50.88569473
3875,8.82053,2.3547,10.74238314,52.38056126
3876,9.79708,1.88202,8.783621469,52.73374401
3877,4.619,2.06568,10.48201934,50.02874743
3878,5.67008,3.02703,13.8905733,52.09856263
3879,14.8289,2.33251,11.36298442,51.16769336
3880,3.69048,2.46619,10.07695368,50.32169747
3881,18.8911,1.54106,7.295697963,52.79671458
3882,8.50788,4.94253,21.83649328,50.75427789
3883,15.7338,3.31319,16.61155632,50.27789185
3884,5.12028,1.04095,4.953087565,52.81314168
3885,14.86215,18.8524,74.12154045,48.28747433
3886,5.65323,2.00423,11.85765903,47.61943874
3887,8.70878,2.05585,12.13502008,47.97809719
3888,3.96083,1.94665,9.536478926,51.25530459
3889,5.27418,2.02089,11.91870217,47.30732375
3890,2.91545,1.01354,4.386761341,52.25188227
3891,3.2863,3.79514,16.66856943,52.15331964
3892,3.40615,2.79722,13.75118159,51.45516769
3893,3.42913,1.45228,7.476255266,50.93497604
3894,2.99068,1.68355,9.068355108,49.28131417
3895,8.46898,2.0528,10.9971523,49.86173854
3896,10.29055,1.3964,7.289332882,49.94113621
3897,4.0662,1.90989,9.746491024,50.15468857
3898,7.91008,7.44582,22.00101342,52.27926078
3899,6.08535,1.5708,7.754481588,51.56468172
3900,4.10005,1.79734,9.225502664,50.99520876
3901,6.4594,1.81835,8.866177867,51.8275154
3902,4.62123,3.31716,15.82463324,51.80287474
3903,5.99085,4.44884,22.75818538,49.75496235
3904,2.71568,3.6222,19.69737581,48.97741273
3905,2.97038,1.22979,6.658632818,49.9247091
3906,10.81618,2.31809,13.50191224,47.62217659
3907,15.38253,5.60832,30.24788199,46.7761807
3908,7.17733,3.08261,14.73996188,51.63039014
3909,20.77325,4.55103,24.20555965,48.59411362
3910,10.03295,1.92528,11.94406767,46.55167693
3911,3.18828,5.01737,28.77478663,46.98151951
3912,3.25823,2.19242,11.70021515,48.98288843
3913,6.87965,0.840761,4.862399984,47.65776865
3914,3.99953,1.5131,7.090687846,52.38877481
3915,9.19698,7.60724,37.06871176,49.0513347
3916,9.20953,4.09815,23.61409314,47.10198494
3917,1.80275,0.766484,4.901918007,47.20876112
3918,3.08818,1.154,6.269367252,49.44284736
3919,17.69698,3.83743,20.89714015,48.09034908
3920,3.779,1.32461,6.847297598,50.85284052
3921,29.55585,6.12252,26.67751038,52.42436687
3922,10.0653,3.2012,17.52672926,48.8843258
3923,6.67283,3.39422,15.50969806,52.38329911
3924,7.7777,2.65223,14.07607332,49.84804928
3925,14.30545,2.21162,10.78396359,51.70431211
3926,3.94068,1.70529,9.206146656,49.41273101
3927,7.97498,2.44673,12.51692492,50.97878166
3928,14.39705,4.57423,24.49453668,48.97741273
3929,5.61668,6.26195,29.87759314,49.98220397
3930,8.18723,2.1073,12.40763992,47.09924709
3931,6.91783,3.61936,17.2934615,51.50718686
3932,7.20695,1.895,9.706415908,50.42299795
3933,7.37438,1.66001,9.37878613,48.53661875
3934,3.2292,2.23255,10.77616429,49.97672827
3935,6.22253,1.78038,8.921258927,50.32717317
3936,4.97063,2.37792,12.73134634,48.26283368
3937,10.4618,3.06286,14.73202035,51.44147844
3938,2.55485,1.20267,5.715024448,52.44353183
3939,4.09875,1.70294,7.925686845,52.44626968
3940,10.26085,2.64345,12.99365404,51.32648871
3941,12.21395,1.97538,9.570034872,51.08008214
3942,3.70353,1.50137,7.034753368,52.91991786
3943,4.5386,1.80448,9.257470303,50.85284052
3944,4.4005,1.69368,9.122523484,49.62354552
3945,2.1745,1.2381,7.431450788,47.25804244
3946,5.84765,1.35256,6.65524285,51.4880219
3947,3.84795,5.74391,25.87043714,52.21355236
3948,3.04065,3.58448,15.78753324,52.24366872
3949,2.11203,1.88925,9.637988329,50.38193018
3950,16.53163,4.47837,20.08864454,52.27378508
3951,18.66503,1.6384,9.259082316,48.68172485
3952,6.7398,1.40305,6.891248657,51.17316906
3953,13.1191,3.38281,17.64881553,49.724846
3954,6.64198,2.57414,11.83950018,52.37234771
3955,4.16535,1.30419,5.977047669,51.54825462
3956,9.9742,7.28121,30.15779892,52.45448323
3957,6.052,2.7445,13.87978704,49.30047912
3958,5.43013,1.75486,8.587975251,51.84394251
3959,2.9846,2.56967,12.30914119,51.43874059
3960,13.74333,2.01205,9.396992394,52.33675565
3961,2.25763,0.667914,3.915520175,49.72758385
3962,3.8733,3.28607,17.09077458,49.10882957
3963,5.20728,3.01528,14.36552447,51.85489391
3964,6.66463,3.80345,18.74403609,50.34360027
3965,4.96158,3.66606,18.18646926,51.18685832
3966,11.4788,3.11939,15.68737508,50.4257358
3967,13.09133,2.0166,10.81971235,49.12799452
3968,4.04548,1.90762,10.72978336,48.48733744
3969,4.30835,2.60697,13.87765349,49.51403149
3970,2.6303,0.853174,4.006195903,52
3971,12.7873,10.4216,36.88937532,49.49486653
3972,6.43518,1.91639,9.799260742,49.29500342
3973,6.02783,1.68632,8.671681394,50.85284052
3974,4.89035,2.33922,10.85656344,52.49555099
3975,2.4753,1.5735,7.651206082,51.18138261
3976,21.13668,12.5049,53.55284794,50.72416153
3977,2.51958,1.06142,5.76387081,49.97946612
3978,10.22775,3.10838,15.58721692,50.42299795
3979,6.70533,1.28108,8.088583124,46.67761807
3980,3.68355,1.88157,8.785529808,52.22450376
3981,5.90963,2.0185,9.028173315,52.43531828
3982,6.71285,3.21602,16.07994764,50.23956194
3983,2.5388,0.964168,4.52982749,51.88774812
3984,8.00445,3.18299,15.24039708,51.01163587
3985,2.67183,1.68331,7.921348634,52.38603696
3986,3.63648,1.57822,9.374554596,47.26899384
3987,4.92545,1.9008,10.76242662,48.8569473
3988,2.23563,2.07607,10.80067637,50.39561944
3989,8.35018,2.5811,14.34241104,48.79123888
3990,9.72745,7.03019,30.99308239,50.01232033
3991,4.17283,1.95942,10.03182917,50.44490075
3992,3.68263,1.51548,7.982083592,49.92197125
3993,2.9877,1.97481,10.60764967,49.19917864
3994,2.53745,1.85828,10.35586748,48.66803559
3995,5.9209,2.35611,12.55461757,49.60711841
3996,8.37163,4.94141,22.85372086,51.19780972
3997,15.41885,1.96893,10.5609013,49.77960301
3998,2.41208,0.957216,5.617983639,47.72895277
3999,7.8452,2.05556,12.16963095,47.25804244
4000,5.0633,2.67882,12.31364534,52.75564682
4001,16.16353,1.80245,9.119204634,50.12457221
4002,10.80098,5.32782,30.61461494,47.15400411
4003,5.22243,2.24631,10.40867275,52.3559206
4004,3.9187,1.60899,8.679456986,49.38261465
4005,7.09155,1.46756,8.744340507,47.97809719
4006,4.16813,4.59725,22.9983279,48.28199863
4007,3.24025,3.2342,16.40365407,50.66392882
4008,5.67713,3.08291,14.78405518,51.6386037
4009,19.02823,2.01781,10.78904854,49.48665298
4010,2.4459,6.1855,27.49880727,50.14099932
4011,19.1757,1.36609,8.298429279,47.95345654
4012,6.41393,1.94158,12.08405203,46.55167693
4013,9.3431,1.7733,8.674502416,50.96235455
4014,8.73393,3.12102,14.95687245,51.57837098
4015,4.7077,2.66893,12.32300924,52.37782341
4016,5.60585,1.74308,8.123383638,52.53661875
4017,20.43898,8.57496,38.91612601,50.81724846
4018,6.33968,4.69609,24.72448558,48.22176591
4019,16.98038,2.36322,11.77488928,50.63928816
4020,5.22633,2.40061,13.39179753,48.98288843
4021,8.58293,1.64435,8.093051718,49.61806982
4022,3.6482,5.56156,30.19359509,47.91786448
4023,2.59373,1.2386,6.720114518,47.42505133
4024,4.5473,5.3103,23.36873529,52.65982204
4025,4.1569,0.533804,2.797435109,51.95345654
4026,2.20353,1.29681,6.517759481,50.40657084
4027,4.30565,2.56154,11.79481424,52.41889117
4028,3.58423,3.01843,13.83095253,52.37782341
4029,4.3316,1.5175,6.872900156,51.3045859
4030,7.50193,2.36229,12.88472463,48.28473648
4031,4.18263,2.77598,15.24347887,48.07392197
4032,5.73168,5.69636,25.23950001,52.31759069
4033,13.77645,1.96291,9.672255457,51.8110883
4034,20.80095,5.97653,26.21808669,50.47775496
4035,4.10423,1.54921,8.349918869,49.47022587
4036,9.67195,1.50287,7.415555867,51.37577002
4037,26.14025,3.62956,16.65884994,50.72689938
4038,3.5338,1.55904,6.734326308,52.72826831
4039,3.32368,1.02719,5.326707124,50.22587269
4040,2.2586,2.11061,11.27565124,49.8973306
4041,9.08675,2.59702,13.15532945,50.49965777
4042,2.96005,1.61248,7.547954283,52.89527721
4043,6.34658,3.64089,17.27828962,51.86310746
4044,4.27265,2.15032,10.39623892,51.4934976
4045,4.2145,1.96367,10.53967251,49.84531143
4046,6.4026,2.319,11.19561954,51.51813826
4047,4.58505,1.67972,8.688666795,50.66119097
4048,4.65953,3.00583,14.43948741,50.7926078
4049,6.11758,4.2824,19.13518629,52.58863792
4050,4.64908,6.18316,27.57324434,51.84120465
4051,3.21128,3.20707,16.04569237,50.40383299
4052,3.3334,1.27535,6.998649019,49.10609172
4053,5.48313,2.6152,15.89764794,47.81930185
4054,3.9836,5.85032,24.59635426,52.55852156
4055,16.3057,3.42635,18.79879712,46.77344285
4056,4.4373,2.83569,13.62945091,51.55646817
4057,9.86673,2.70141,12.93592975,52.23271732
4058,4.18543,1.25926,7.530731821,47.39767283
4059,3.50015,3.31914,15.82463324,51.18412047
4060,5.69975,1.65306,8.214675724,50.62833676
4061,2.57365,4.80204,20.54178612,50.84188912
4062,5.98085,1.66805,8.179081056,51.24982888
4063,3.6487,1.33756,7.149550025,49.17453799
4064,15.74755,3.29112,16.58417581,50.27789185
4065,20.1871,2.15056,12.65607956,47.65229295
4066,4.87035,2.49361,14.54983918,47.01711157
4067,6.66828,2.57414,14.07631038,48.81587953
4068,2.64905,1.79999,9.217501865,47.07460643
4069,3.92223,2.8813,15.09958301,49.82888433
4070,3.45483,2.69137,15.63806645,47.44695414
4071,3.31498,1.68447,7.893648088,52.62422998
4072,14.52583,3.30338,15.84146455,50.40930869
4073,6.29215,3.4864,16.55383204,49.43189596
4074,5.39305,2.55493,13.62340586,49.5742642
4075,10.97268,2.50116,12.06105714,51.78370979
4076,4.86175,2.37577,12.13288654,48.35865845
4077,2.34218,2.25317,12.01672678,49.81793292
4078,9.2046,6.91174,30.58664177,51.79192334
4079,7.35215,1.25496,6.187545742,51.09377139
4080,3.04968,1.78715,9.169971189,50.48596851
4081,3.71133,2.15299,12.12067791,48.22724162
4082,3.34483,1.55477,7.324121544,52.77481177
4083,3.02885,2.24569,10.54559903,51.46338125
4084,5.78903,2.0381,9.455463422,52.13415469
4085,6.5495,2.07211,10.65411358,50.16016427
4086,2.23345,2.07607,11.16803753,49.25667351
4087,5.31283,2.30195,11.17993797,51.34017796
4088,12.64305,2.43758,12.30191084,50.33264887
4089,3.51095,2.91067,13.35386781,52.57768652
4090,3.72045,1.98561,11.97867854,46.99794661
4091,7.73323,2.66815,13.54529435,50.9650924
4092,16.9336,5.45995,27.69284148,49.77960301
4093,11.73443,1.1249,6.312856042,48.96919918
4094,11.1227,1.24696,6.475503407,49.89185489
4095,5.1828,1.87881,9.640027051,50.5982204
4096,5.38883,2.83695,14.91858714,49.56057495
4097,4.17918,2.04907,9.493025695,52.5174538
4098,10.8325,2.65816,14.81878458,48.54483231
4099,12.82158,3.52379,17.64454844,50.20123203
4100,6.862,1.44031,8.598856338,47.68788501
4101,3.93258,1.79744,8.398919321,52.91991786
4102,3.93438,2.16364,10.49148992,51.1430527
4103,3.10073,1.71772,9.285905737,49.908282
4104,3.5183,1.79,9.176039944,50.22861054
4105,5.79968,1.13314,6.334487833,47.08008214
4106,25.38228,6.06827,23.34775541,52.85968515
4107,4.88925,2.33922,11.38912036,51.24161533
4108,9.41025,2.88164,14.44126537,50.28062971
4109,5.43423,2.29269,11.99788045,48.77481177
4110,5.55165,8.17317,30.18956505,52.862423
4111,7.58943,1.8507,8.637200911,51.96714579
4112,4.31865,4.35133,19.46280422,52.84052019
4113,7.73478,2.47197,12.45007379,50.4202601
4114,8.40558,1.49827,6.963125469,52.89253936
4115,5.5901,2.28576,11.68254228,50.09445585
4116,3.4803,0.896856,4.904691617,49.70294319
4117,3.30713,2.32594,12.42660478,49.5523614
4118,6.42783,1.49554,7.373679089,51.00068446
4119,6.0618,2.81021,13.25299847,50.06160164
4120,5.63665,2.04353,9.509999243,52.81587953
4121,15.54198,3.78599,18.02230471,51.56468172
4122,3.05938,0.762594,4.016259131,49.7467488
4123,15.57938,6.90562,26.4773126,49.78234086
4124,8.53743,2.15949,11.06063716,50.62286105
4125,8.45748,2.70361,14.28670177,47.66324435
4126,8.49215,2.40113,11.20001702,51.69062286
4127,5.49348,1.80204,9.673073317,49.82340862
4128,4.47893,0.764366,4.447662242,47.77823409
4129,4.0123,2.56363,11.84842552,52.79945243
4130,9.19233,4.23837,21.77189423,47.86584531
4131,12.71218,2.31813,11.24428811,51.6495551
4132,8.78935,3.9235,15.71285911,52.41067762
4133,15.76405,1.35765,7.270356171,48.91991786
4134,3.27683,1.49513,7.689657332,50.93223819
4135,15.70968,2.92344,17.68781202,46.82272416
4136,8.70173,9.59277,37.86962143,52.22997947
4137,3.74558,2.22441,10.8369111,51.08281999
4138,6.3253,4.02284,20.45549601,49.49760438
4139,6.06128,2.59052,11.77837407,52.45995893
4140,1.97405,4.17809,21.03807275,49.46748802
4141,4.84595,2.74807,13.86177042,50.58453114
4142,4.31598,2.91957,14.14055384,50.82272416
4143,3.56898,1.42238,8.484035975,47.86584531
4144,6.5569,1.6605,9.809786238,48.13141684
4145,7.62418,2.63657,14.67583696,48.23545517
4146,2.45113,1.93383,10.37324403,49.34428474
4147,6.47948,4.29109,19.04391791,52.67351129
4148,10.92855,4.36985,20.4960334,51.00616016
4149,10.49708,3.12372,15.57702331,50.91307324
4150,14.82595,7.15563,33.28960818,50.51608487
4151,4.2542,2.4896,11.50177162,52.95550992
4152,8.11153,4.63054,20.50101167,52.58590007
4153,4.47673,2.89444,13.29223202,52.73374401
4154,2.52565,1.87822,11.37368771,46.69952088
4155,19.9497,6.27821,27.2701622,51.68788501
4156,2.007,0.968931,4.423482048,51.88774812
4157,3.8746,1.65661,8.207990612,50.15468857
4158,7.95905,2.89523,14.03375798,50.08350445
4159,6.04403,3.04728,13.88796563,52.11498973
4160,4.3539,1.80049,9.285917591,50.93771389
4161,14.87108,4.50729,21.9899901,50.40109514
4162,3.85358,3.44538,16.58903555,50.7871321
4163,2.78465,4.77915,21.16608554,52.01368925
4164,21.354,6.28173,30.77332709,50.06433949
4165,4.6244,3.5936,16.50511606,51.77002053
4166,4.69453,1.69446,8.252309115,51.92881588
4167,7.59945,1.38308,7.120450821,49.54140999
4168,4.60668,1.76475,9.050362199,50.87748118
4169,5.01895,3.65707,17.26702923,51.73442847
4170,7.7514,1.67349,8.284075252,49.0568104
4171,6.57765,3.20692,15.26125842,51.87679671
4172,5.35328,2.03513,9.942955101,51.2881588
4173,3.26538,1.10374,5.272538748,52.34223135
4174,8.0586,1.61702,8.681946123,49.30869268
4175,18.6231,4.43025,19.86379244,52.0164271
4176,16.3509,6.98274,34.08873989,48.44353183
4177,3.2219,1.12823,5.300677856,52.62970568
4178,4.76445,2.30114,13.46410105,47.26899384
4179,3.1551,4.48589,21.76407122,50.95687885
4180,6.49805,1.48987,7.673383113,50.48870637
4181,4.94698,1.68239,9.491105503,48.3504449
4182,4.47428,3.514,16.6458116,51.63039014
4183,3.3278,1.44031,7.094231904,51.87679671
4184,3.9338,2.33461,10.7412571,52.66529774
4185,6.0907,4.06606,20.84806858,50.70773443
4186,7.14013,2.55187,13.55999211,49.62354552
4187,3.94713,2.44663,13.6352589,48.09034908
4188,4.03195,1.63292,9.715661276,47.4825462
4189,4.56613,4.98731,20.93518839,52.21629021
4190,20.2127,3.24278,18.70160222,47.33744011
4191,3.65018,1.33756,8.338753309,46.45859001
4192,7.0496,1.85614,9.944247082,49.61533196
4193,7.89458,1.61201,8.681946123,48.46543463
4194,25.33195,6.06827,29.99173788,47.6440794
4195,19.4371,8.37986,39.79704367,50.12183436
4196,18.28353,2.62446,13.25785822,50.74332649
4197,4.23095,2.12648,10.90782782,50.4366872
4198,4.8499,1.32044,6.890110765,50.22313484
4199,8.38868,3.1607,14.26868516,51.46885695
4200,5.69798,5.46451,20.70855834,52.28473648
4201,20.69568,1.54877,9.141571314,47.41136208
4202,6.3696,2.25732,13.25299847,47.41409993
4203,26.4135,2.01819,10.80638953,48.58042437
4204,6.65728,7.22485,32.38083588,50.99520876
4205,7.95563,2.88308,13.88180205,50.08350445
4206,6.95848,3.07698,15.41594055,50.55441478
4207,4.48605,3.17681,14.44399157,52.98015058
4208,2.8296,2.05489,10.47317698,50.48596851
4209,2.76155,1.90927,8.940034137,50.48323066
4210,3.1232,1.75438,9.304159413,50.64750171
4211,3.26278,1.11578,6.086949022,49.97946612
4212,6.56855,1.02185,6.317206106,47.50444901
4213,2.8207,0.907563,4.322707533,52.40793977
4214,10.9187,8.29559,38.00723518,49.22108145
4215,2.99848,0.922224,4.776370646,50.2696783
4216,7.17853,2.98539,13.67152919,52.41341547
4217,20.27635,2.19195,13.52621096,46.82272416
4218,4.87305,1.89717,9.613819988,50.21218344
4219,2.54158,1.30591,6.463816313,51.84394251
4220,7.03888,1.41843,8.067769192,48.38603696
4221,9.11183,5.28041,25.80583809,50.89117043
4222,3.14043,3.00789,12.65501279,49.87542779
4223,15.41608,4.56542,23.08165475,49.93566051
4224,2.03123,2.75164,13.19717067,51.79466119
4225,8.3844,3.12807,15.65750543,50.35455168
4226,6.5505,2.85055,14.26987046,50.51608487
4227,2.64095,1.58411,8.437548367,49.25667351
4228,9.11605,4.08,21.1983258,48.88706366
4229,4.78733,1.50405,6.458446887,50.30800821
4230,4.3079,2.85389,14.29571008,50.84188912
4231,7.20308,3.14632,15.07220249,51.3155373
4232,19.85123,3.954,22.27541121,47.59206023
4233,21.15103,6.70782,34.25100796,48.42436687
4234,23.4756,15.275,57.46494259,52.26557153
4235,5.38185,2.03108,11.41957081,48.44079398
4236,2.93915,1.96889,9.619414621,51.91512663
4237,8.24665,2.11508,10.30012265,51.47980835
4238,3.9375,1.11659,5.531017911,51.93155373
4239,2.85648,3.18822,15.31803447,51.21149897
4240,4.4564,1.80863,11.30107601,46.89664613
4241,2.99785,2.29899,12.83209715,48.31759069
4242,21.04125,2.62809,14.49638199,48.04654346
4243,4.2891,1.59546,7.855090161,52.49007529
4244,6.3384,2.15417,10.03393901,52.40520192
4245,11.7014,3.3298,18.21716863,48.41889117
4246,7.11878,2.06921,10.84672542,49.86995209
4247,13.28273,3.68342,17.36054969,51.87405886
4248,2.57223,1.35079,6.352753362,51.83025325
4249,2.77023,1.17826,6.703567679,48.45448323
4250,9.62353,1.82447,8.914609374,50.75975359
4251,2.21385,0.66056,4.219728353,47.90417522
4252,3.80025,1.20518,7.079131136,47.41136208
4253,5.94098,1.64351,10.29212185,46.75701574
4254,3.40963,1.6291,8.80166179,49.76591376
4255,5.9209,3.9205,20.18619503,49.85626283
4256,4.17915,2.2062,10.22837622,52.46817248
4257,5.1556,7.00912,33.91675233,50.72689938
4258,15.35135,6.22795,28.3452326,51.16221766
4259,2.9434,1.31697,6.179118233,52.31759069
4260,20.69568,1.77619,9.166996077,50.80629706
4261,3.1566,2.5102,12.17982456,51.03353867
4262,4.96308,3.81861,17.27034808,52.68720055
4263,4.47928,1.30753,7.830578081,47.52361396
4264,15.81498,5.64933,26.94278134,50.34086242
4265,4.7979,2.20323,11.22175549,50.00958248
4266,22.53575,4.87364,23.70310944,50.52977413
4267,3.8205,1.29455,8.224976013,46.65297741
4268,8.0147,3.69445,17.57603789,51.27173169
4269,3.75615,2.18494,10.15620308,52.1889117
4270,7.28258,3.40276,15.3833447,52.32854209
4271,2.74205,2.39091,12.04161816,50.19301848
4272,8.0507,3.05925,17.55007974,47.70704997
4273,3.35865,3.3843,19.45877419,47.11293634
4274,11.57078,1.42104,8.863439816,46.28884326
4275,6.97333,7.79492,33.17463373,52.03285421
4276,7.08808,2.85611,13.1668269,52.5174538
4277,6.85035,2.69732,12.47425399,52.678987
4278,7.38988,1.1008,6.095163176,49.79876797
4279,4.9804,1.80804,9.801903969,48.64887064
4280,2.7285,1.91181,10.19081394,49.16084873
4281,5.57468,1.12015,6.442006726,48.62696783
4282,4.00925,1.71059,7.69081893,52.61054073
4283,5.45235,2.00501,12.41984855,46.83915127
4284,5.19143,3.42101,16.22692529,50.69404517
4285,4.8073,2.95416,16.28085661,48.12867899
4286,4.31758,2.59863,12.55793642,51.23613963
4287,4.2954,1.59979,6.898621245,51.3045859
4288,2.4367,1.07561,5.738943875,49.61806982
4289,2.32418,0.979488,5.617983639,47.72621492
4290,9.4704,1.746,9.346012485,49.69746749
4291,8.38353,3.17043,15.17615362,51.00889802
4292,2.7502,2.99009,13.64663781,52.15058179
4293,14.75383,4.77246,23.24913815,50.83093771
4294,10.29535,5.91302,31.96491284,47.86310746
4295,3.61478,2.25907,10.89685191,51.24161533
4296,2.21133,2.16349,9.294807368,52.39425051
4297,3.48665,2.95447,16.28085661,48.31485284
4298,5.0252,1.85807,8.620014008,52.28473648
4299,5.93223,2.00575,10.76348154,49.85352498
4300,7.04438,3.50381,17.74162481,49.25667351
4301,2.10865,3.92106,20.18619503,49.73853525
4302,8.9545,1.92219,10.34845933,49.10335387
4303,2.63215,1.29696,8.173000448,46.51882272
4304,5.1021,7.08984,32.00663553,52.04928131
4305,3.93438,2.16364,11.04427997,50.7816564
4306,5.2271,2.66989,12.28792425,52.61054073
4307,10.1254,9.34229,38.51395248,52.66255989
4308,10.9634,1.7682,10.47766928,48.15879535
4309,20.52073,4.79516,22.26296552,52.72826831
4310,5.1947,1.86265,10.51804072,48.93360712
4311,5.52515,2.85308,14.352012,50.45037645
4312,19.1774,6.43053,31.69845658,49.93292266
4313,4.54458,2.16325,10.02616342,52.1889117
4314,17.3965,5.42654,31.58988277,47.04722793
4315,7.72743,2.01726,10.78901298,49.90006845
4316,3.21128,1.66218,7.776303028,51.58658453
4317,3.74078,2.26539,10.99423645,51.87132101
4318,11.7638,2.13677,12.32194247,48.74743326
4319,6.5013,2.47526,11.74269643,51.36481862
4320,11.7876,5.27267,23.11697679,52.97741273
4321,3.96615,3.16911,16.48295088,49.86447639
4322,9.09295,3.13067,14.90175583,51.78644764
4323,4.46268,0.96951,5.152834933,49.9192334
4324,9.33213,1.64736,8.941420942,48.15605749
4325,5.0589,1.68157,9.519967646,48.44900753
4326,14.29353,6.75001,31.65175562,50.2642026
4327,3.81693,2.21249,10.74314173,51.25256674
4328,6.94783,2.21118,12.43833929,48.86516085
4329,2.96005,2.4066,13.56319243,48.13689254
4330,9.87528,2.46599,13.06145341,49.01848049
4331,2.28288,1.12416,5.351610353,50.76249144
4332,5.28633,2.25052,10.31422776,50.84736482
4333,9.71868,1.87343,9.628126603,50.31895962
4334,3.9358,2.58412,13.67567775,49.81793292
4335,11.3591,12.5282,51.73767396,51.04996578
4336,13.8582,5.86548,30.62966829,47.2991102
4337,12.81793,1.20751,6.585025463,50.94592745
4338,10.44193,2.70728,15.30499613,48.96646133
4339,8.54755,1.72682,8.881006016,50.98425736
4340,1.95953,0.787368,4.156622787,50.82819986
4341,4.32885,2.0086,9.774061187,51.12388775
4342,6.4389,1.91639,11.83518568,46.69952088
4343,11.14965,5.74295,27.02966409,50.54893908
4344,5.65593,3.36913,16.8839391,50.07802875
4345,10.82663,7.89085,38.71640234,49.34154689
4346,9.70708,1.69901,7.940787613,52.36960986
4347,8.94875,5.33776,26.74637652,49.64271047
4348,5.21473,0.939352,4.937927531,50.61190965
4349,3.34483,1.77078,8.653166951,51.17043121
4350,4.9609,3.86009,19.31618216,49.9247091
4351,11.37183,2.56032,12.33367697,51.50992471
4352,13.8087,2.45294,11.86868236,51.51813826
4353,19.65798,1.41283,7.362703178,50.73511294
4354,1.74545,1.61523,8.724510377,49.3908282
4355,3.14088,3.81658,18.2580616,50.43942505
4356,5.9209,1.82808,10.89192104,47.67419576
4357,3.66595,1.86239,9.442685849,50.35728953
4358,5.2683,2.97622,14.96374721,50.19849418
4359,6.5243,1.96028,9.978834243,50.33264887
4360,10.87688,3.16407,17.31325608,48.96919918
4361,2.74478,1.26485,6.241477057,51.77002053
4362,6.75723,1.19568,7.195575365,47.72895277
4363,4.2017,2.12657,11.39608995,47.14579055
4364,6.52303,3.42422,16.34071444,51.53182752
4365,13.90648,2.23504,11.3861334,50.23408624
4366,11.71813,2.53599,13.32328698,50.9596167
4367,7.05215,0.792259,4.355635268,49.13073238
4368,2.49555,1.24333,6.438047812,50.34086242
4369,6.1712,1.51599,8.369772705,48.15058179
4370,4.7179,2.24476,13.17950965,47.60301164
4371,6.69723,1.96127,9.157892945,52.61875428
4372,3.3319,2.70339,14.2657219,49.97125257
4373,4.19705,2.08768,10.65219338,50.38193018
4374,2.30378,0.588182,3.030856954,51.56741958
4375,3.95545,3.61093,16.21258312,52.77754962
4376,4.65563,1.59515,8.75950054,49.41273101
4377,10.36563,8.04911,35.38972916,49.79055441
4378,2.81463,1.17092,7.163358812,47.53456537
4379,4.51753,1.46775,7.654074517,50.94045175
4380,3.74963,4.75997,19.50891253,51.79466119
4381,3.79395,2.659,12.73833964,51.63312799
4382,3.2289,1.05649,5.76387081,49.82340862
4383,7.41865,2.27597,11.57182306,50.56810404
4384,2.51813,11.0525,35.4187691,51.55099247
4385,10.6649,7.08815,31.98909303,50.90759754
4386,5.31363,2.68102,13.84707266,49.44558522
4387,2.36368,2.65188,15.14343924,48.49555099
4388,3.34515,2.79437,13.34320008,51.80835044
4389,9.37115,1.38464,7.537144313,48.61327858
4390,6.76515,1.98956,9.705823256,51.1266256
4391,24.58598,2.90173,13.52787039,51.1156742
4392,3.7809,1.83472,8.677382704,52.5065024
4393,21.09498,21.9131,72.79044447,50.89664613
4394,3.20943,1.90508,10.11631761,49.02121834
4395,8.9718,3.27511,14.94134497,51.56741958
4396,5.00833,2.06098,10.94090964,49.34702259
4397,4.68983,1.30221,6.742125606,50.25051335
4398,14.38958,2.80805,14.07453242,50.77344285
4399,16.4233,8.17745,29.20588157,52.19438741
4400,12.09323,9.94951,42.04343112,51.95345654
4401,12.26345,3.2088,16.77192791,49.36071184
4402,4.87338,1.58321,8.99270903,48.5284052
4403,1.64408,1.33517,6.601667126,51.73990418
4404,4.24255,0.570544,2.725522737,51.87953457
4405,5.31283,1.67524,8.610045605,50.42847365
4406,2.26388,2.24161,10.08628202,52.59958932
4407,4.53203,3.11363,16.26935916,49.10609172
4408,17.10998,2.3666,13.10625788,48.76112252
4409,4.51763,1.46311,8.352099828,48.36960986
4410,10.34128,2.51953,11.56405932,52.39698836
4411,4.57805,1.44948,7.827152554,49.32238193
4412,3.73048,1.69489,9.54562947,48.73374401
4413,4.08265,1.28303,8.063288744,46.83915127
4414,12.7873,6.73752,29.42575539,52.35318275
4415,3.72923,1.00696,5.797580846,48.64065708
4416,4.25795,3.17864,15.94683804,50.6255989
4417,5.91555,1.59923,7.941000968,51.09103354
4418,4.03028,4.73689,23.99623503,50.95687885
4419,18.78363,2.61148,15.23494468,47.44695414
4420,5.63968,3.02032,15.15280314,50.76796715
4421,8.7858,2.82336,12.44829584,51.49897331
4422,3.29223,1.70918,8.019254714,52.21902806
4423,7.99468,9.23229,42.73612256,51.01984942
4424,5.8097,7.02091,31.50039234,50.72689938
4425,4.10815,3.62607,18.18066128,49.80698152
4426,6.9473,3.77416,21.31709322,47.78644764
4427,4.50565,2.2185,12.46536421,48.40246407
4428,11.29998,1.56225,8.512945531,49.33333333
4429,9.54078,1.69354,8.294897074,51.40314853
4430,2.29978,3.87678,17.48168772,51.81930185
4431,4.95645,3.74493,20.39646789,47.18412047
4432,4.77643,1.36502,8.140001595,47.50171116
4433,7.75448,2.89435,14.03375798,50.08350445
4434,4.53828,1.52536,7.155998077,52.40793977
4435,6.3207,6.0233,27.90655172,51.52635181
4436,4.67178,3.27236,16.98551962,49.24845996
4437,2.3405,1.89347,9.286225769,51.76728268
4438,4.32578,2.17844,11.1326088,50.92676249
4439,10.19453,1.85724,10.51296762,48.44353183
4440,5.77868,1.56741,9.476905565,46.91307324
4441,18.93573,2.11863,10.19033982,51.54004107
4442,5.78108,2.66574,14.80124208,47.07734428
4443,3.73495,3.01174,14.51273918,50.00684463
4444,3.11308,3.65755,17.27248163,51.76454483
4445,3.4308,3.64736,17.34158483,51.58384668
4446,2.42455,2.09254,10.72082246,50.57905544
4447,12.51008,3.70431,18.39057855,50.35728953
4448,2.65958,1.41211,7.243165306,50.89117043
4449,3.88225,2.69895,14.41649252,48.04654346
4450,12.29568,2.27097,12.71558181,48.09856263
4451,3.80133,1.20546,6.858593542,48.48733744
4452,4.24255,1.90303,10.23929286,49.53867214
4453,2.13263,1.36226,6.821849129,50.85284052
4454,10.60395,4.43689,21.72471914,50.51882272
4455,3.82775,1.87262,9.000105325,51.91786448
4456,10.3139,1.4124,8.429784628,47.83025325
4457,5.40343,3.11023,17.1154289,48.18617385
4458,10.71403,1.50002,8.113450794,49.27036277
4459,8.31263,2.81911,14.18855863,50.73237509
4460,6.26478,3.08587,14.11803307,52.46817248
4461,19.69845,2.00899,8.594079565,52.24640657
4462,9.67743,2.22219,12.41143289,48.58590007
4463,3.27245,1.29437,6.621947671,50.85284052
4464,13.23588,2.12267,11.89167725,48.63791923
4465,16.75515,6.83741,34.14824213,49.15537303
4466,4.95318,3.02193,15.16228557,50.48596851
4467,11.227,2.34837,12.4497182,49.95482546
4468,3.9836,3.83179,17.30875192,52.53114305
4469,8.47763,8.01149,39.37886854,50.17111567
4470,4.91263,1.4776,6.869261274,52.95550992
4471,7.9811,2.22409,10.68714799,51.2936345
4472,8.28835,2.56689,12.53423035,51.2881588
4473,4.11893,1.73404,8.531732594,50.90759754
4474,3.82755,2.24947,12.02940953,49.49486653
4475,6.32118,3.83863,18.13218236,51.54825462
4476,5.3328,8.6315,34.60790288,52.25735797
4477,5.59913,1.52714,7.217835367,52.09034908
4478,3.84883,3.31927,17.27935639,49.21013005
4479,2.97303,1.30411,6.776629795,50.54620123
4480,2.7502,2.20389,11.19237181,50.92402464
4481,4.39488,4.42956,19.67331414,52.49281314
4482,7.49135,2.76341,13.93146627,50.03422313
4483,3.26278,1.18892,5.947320254,50.16563997
4484,3.30823,1.13348,6.467158869,48.99110198
4485,8.28853,1.13009,5.685806713,50.49691992
4486,3.70763,2.57674,13.73103143,49.69472964
4487,9.81818,2.37433,11.56383412,51.40588638
4488,6.74615,4.34312,19.428786,52.32580424
4489,3.28308,1.89515,9.063329421,51.89322382
4490,7.32903,2.38296,11.50103673,51.40588638
4491,3.4369,2.10564,10.33184137,50.16290212
4492,3.5454,1.23425,6.39568506,50.32443532
4493,8.65655,2.57272,12.47295015,51.05544148
4494,3.81535,2.21249,11.21173967,50.56536619
4495,12.08678,2.21574,10.74610499,51.6550308
4496,4.19473,1.78431,9.582930975,49.65092402
4497,3.84883,3.25816,17.01740429,49.02121834
4498,4.23623,5.27365,16.60065153,51.55099247
4499,12.94778,3.61667,20.68994907,47.54277892
4500,4.5443,2.2155,10.29698159,52.1724846
4501,4.61763,3.03447,15.16228557,50.75427789
4502,8.3745,3.09168,14.85078777,51.35660507
4503,7.02888,1.23723,7.820431882,46.88843258
4504,9.41025,3.18255,17.57283757,48.8843258
4505,9.67798,1.50287,7.399293501,51.65776865
4506,22.4108,6.50854,32.10833458,49.93292266
4507,4.29555,1.20862,6.601145592,49.61533196
4508,5.37905,2.80864,13.86260013,48.55578371
4509,3.93845,1.70529,9.211871672,48.99383984
4510,3.11268,1.4271,7.382165863,50.0752909
4511,13.49265,9.37407,38.51395248,52.40793977
4512,2.64523,1.00978,4.853012379,51.01984942
4513,2.68823,1.15211,5.989493357,50.69952088
4514,8.78818,4.30542,20.2801896,51.46885695
4515,7.1775,5.30721,24.53388876,51.08281999
4516,3.74573,2.07244,10.04259173,51.69062286
4517,2.73773,0.748216,3.906760781,51.18412047
4518,2.41383,2.57099,12.81147287,50.30800821
4519,6.663,1.24142,6.756977461,49.36618754
4520,2.94143,2.09183,10.69165214,50.43394935
4521,4.01768,1.64289,8.463506516,50.2642026
4522,13.40855,2.76572,15.41428112,48.59958932
4523,2.9295,1.96251,9.247004072,51.55373032
4524,16.0968,4.95418,23.08841098,51.4825462
4525,21.9297,3.57761,19.62530935,48.38603696
4526,3.0222,3.65332,17.27248163,51.58110883
4527,10.19398,1.85724,10.94594718,47.42778919
4528,15.20433,6.0357,29.57972633,49.26488706
4529,5.49733,1.90722,8.662033022,52.18069815
4530,9.0217,2.93228,16.8573883,47.70157426
4531,4.7169,0.911581,5.50341219,48.80219028
4532,16.0035,3.40696,20.45810368,46.83915127
4533,7.04493,1.35939,6.753409697,50.80082136
4534,12.6045,1.70466,8.797928084,50.31074606
4535,7.33603,2.02746,10.44622317,50.01779603
4536,3.97478,3.35626,15.20791976,52.50102669
4537,4.5183,1.82373,8.740381592,51.48528405
4538,4.54823,1.8852,8.556422468,52.90896646
4539,14.8997,3.46387,18.12886351,49.75496235
4540,4.45435,3.89995,21.78564375,49.00479124
4541,3.35865,2.5789,12.51123546,51.8384668
4542,2.7285,3.32114,16.61131926,50.7871321
4543,4.2813,1.11272,5.786687905,50.46680356
4544,13.8667,2.3891,11.59631144,51.47433265
4545,4.61275,2.13981,9.85429439,52.89527721
4546,16.88905,3.17162,16.55181702,49.26488706
4547,7.5405,2.35213,13.75781929,47.94798084
4548,10.0566,5.19302,22.89674738,52.31211499
4549,3.51098,3.40945,15.51206867,52.5229295
4550,8.106,4.58458,22.40958758,50.92676249
4551,6.03675,1.67086,8.688465293,50.60643395
4552,4.4762,3.514,16.58867996,51.60027379
4553,4.5948,3.60716,18.73810957,49.98767967
4554,5.43735,1.03018,5.358935529,50.13004791
4555,5.80588,4.92747,26.08248796,48.99931554
4556,4.33968,1.55592,8.842128057,48.07392197
4557,8.9199,5.12128,28.20595942,47.77823409
4558,8.81763,2.37331,13.91416084,47.06913073
4559,1.9977,2.88392,15.7955933,48.55578371
4560,3.8746,1.68609,7.928733075,52.96372348
4561,20.34718,2.31027,13.85655508,47.17864476
4562,2.97033,1.327,7.594714511,48.89801506
4563,4.4612,2.60692,12.02099388,52.18617385
4564,3.1232,2.80796,12.88816201,52.97741273
4565,4.18543,1.87319,9.598138421,50.79534565
4566,7.31878,1.5329,8.837766139,47.18412047
4567,3.44663,4.24492,22.26095051,48.92539357
4568,4.5392,1.49142,8.047690148,49.53593429
4569,6.55335,2.97186,14.20088579,51.38124572
4570,15.68595,3.49395,20.01740779,47.82477755
4571,8.17123,2.35605,11.99207247,50.45037645
4572,2.87468,3.13493,16.52692564,48.65708419
4573,10.12595,3.94904,16.32412019,52.14236824
4574,12.0024,1.54062,9.684997471,46.57631759
4575,15.9613,3.90472,18.41274373,51.18138261
4576,2.93598,2.28774,11.57358917,50.14099932
4577,7.7705,3.17675,15.19535554,51.30732375
4578,4.4832,2.19211,11.73624838,49.33607118
4579,7.55765,3.35202,19.11254699,47.4715948
4580,11.29365,1.48295,7.655888032,50.2642026
4581,5.13965,5.9909,28.37676167,51.34565366
4582,8.82053,3.52416,16.60503715,51.36481862
4583,4.70498,2.28584,10.75586004,52.37234771
4584,12.9895,3.80699,19.30587002,49.9301848
4585,4.54923,4.17354,18.64245557,52.34770705
4586,3.90045,2.4888,13.26982979,49.73853525
4587,4.99873,1.60107,9.600888325,47.39493498
4588,4.18913,2.88114,15.09958301,49.63449692
4589,9.22363,4.23837,19.16244828,51.37850787
4590,4.43085,1.78232,9.58845449,49.16084873
4591,10.09773,1.71638,8.896628318,50.5982204
4592,6.94095,1.56444,8.496706871,48.3504449
4593,3.17548,1.75165,8.577283812,51.14579055
4594,4.02943,3.29085,14.92415807,52.96919918
4595,11.64988,2.94221,15.13834244,50.47501711
4596,3.80165,1.5207,7.872348181,50.4476386
4597,3.82955,1.22421,7.722976217,46.88843258
4598,4.65648,2.48006,12.61186774,50.84462697
4599,4.41713,3.00211,14.4347462,51.4825462
4600,8.04968,1.44567,7.088423916,51.6495551
4601,3.13323,1.25032,6.477459158,50.22039699
4602,4.22798,3.5936,16.21258312,50.87200548
4603,4.7482,1.54828,9.127608437,47.33196441
4604,4.48733,1.13707,5.360867574,52.38329911
4605,4.82215,2.80896,13.50523109,51.25256674
4606,4.82868,4.67232,21.52084692,51.09377139
4607,3.05228,1.64033,8.05905721,52.40520192
4608,6.4286,3.28268,15.6199313,51.69062286
4609,5.1675,1.07365,5.372566521,50.0807666
4610,17.88198,4.04232,19.95861673,50.99520876
4611,2.01085,1.03326,5.652985655,49.7467488
4612,4.52063,2.75514,12.68583068,52.79397673
4613,15.83543,10.0135,42.38539122,51.60027379
4614,6.08858,1.76732,8.603170844,51.99726215
4615,2.5801,2.33642,11.88658044,50.73785079
4616,14.20425,3.92522,18.63724024,51.3155373
4617,16.30113,2.70631,13.31416014,51.92060233
4618,13.1313,4.80366,21.38074403,52.62149213
4619,3.2804,2.11273,9.890766182,52.01368925
4620,12.3972,2.05196,10.03035939,51.93155373
4621,4.89628,2.40333,11.7470465,50.16290212
4622,7.77273,3.5333,16.31641572,51.00616016
4623,3.3372,2.50643,12.23671914,51.70704997
4624,2.32625,2.69129,14.2657219,49.97125257
4625,3.0022,1.66535,8.180017446,51.22245038
4626,1.98845,0.849924,4.458531476,50.86926762
4627,7.81713,3.19983,17.64845994,48.37782341
4628,6.48628,1.62528,8.654470785,49.68377823
4629,12.04503,2.78689,16.79101129,46.93497604
4630,5.71908,1.55529,7.290530039,52.88980151
4631,4.5455,1.78558,11.10612912,46.63107461
4632,18.47668,2.91947,13.9955912,51.73716632
4633,7.4674,3.67589,19.76470105,49.57152635
4634,14.3532,4.89149,21.94968977,52.06570842
4635,12.05725,5.82957,27.67861783,50.67761807
4636,5.50705,1.00571,5.265142453,50.91307324
4637,4.66718,1.33274,7.977425349,47.39219713
4638,2.80908,0.474835,2.418493537,46.34086242
4639,8.38323,2.63972,12.86113709,51.25804244
4640,8.0994,3.22745,16.99523911,48.64613279
4641,6.77425,1.87625,8.777872746,52.13689254
4642,5.9225,2.35611,13.79349693,48.48733744
4643,3.21563,1.05649,5.76387081,49.61806982
4644,13.37903,2.79959,15.41428112,48.59685147
4645,7.8782,4.77627,26.38236978,47.58110883
4646,2.99905,1.49809,6.970521764,52.13141684
4647,4.48023,0.981948,5.652345591,48.59411362
4648,4.19715,2.6157,14.52933343,48.0054757
4649,4.61598,4.15395,19.42357067,51.16495551
4650,6.6145,2.55475,12.42447123,51.76454483
4651,2.8695,2.53106,14.68911236,47.38124572
4652,5.73735,1.97635,11.1484326,48.21629021
4653,12.21395,1.6576,7.688223115,51.54277892
4654,7.19895,3.14632,15.68275239,49.70020534
4655,3.23783,2.16703,10.49271078,51.38398357
4656,9.38593,3.82947,19.87979404,48.63791923
4657,9.08413,2.94883,15.56351085,49.28131417
4658,3.98278,1.7611,8.563273523,51.30184805
4659,3.20578,0.756021,3.965006602,49.51676934
4660,3.95193,4.34662,19.46280422,52.26830938
4661,2.43015,2.27373,11.06381378,50.53798768
4662,3.48665,1.15267,6.587348658,48.85420945
4663,5.91318,2.64144,12.79630098,52.94182067
4664,5.5058,2.768,14.07702156,50.22313484
4665,4.87873,0.793016,4.355635268,49.36071184
4666,6.13825,2.14847,10.01260354,52.25462012
4667,5.6059,2.62888,12.10123893,52.6954141
4668,6.77715,1.53718,8.149815909,48.39425051
4669,14.8107,2.28408,11.09511765,51.16221766
4670,5.86408,2.77486,14.67168839,49.98494182
4671,2.41005,0.795109,4.429811569,49.66461328
4672,6.42495,1.61141,8.33657235,50.27789185
4673,5.51588,3.09376,16.29022051,49.73853525
4674,7.99153,1.82983,9.049034659,51.09924709
4675,6.29978,1.75245,9.89391909,48.40793977
4676,8.0784,2.28635,12.74651823,48.28199863
4677,11.22603,3.75435,16.92791386,52.21355236
4678,2.6116,1.89074,9.261642572,51.67967146
4679,9.9927,2.46755,12.41617411,50.62286105
4680,3.5707,6.10292,27.4895619,50.14099932
4681,4.61805,3.05581,16.24055629,49.28405202
4682,1.99103,0.831684,3.805998119,51.74811773
4683,3.11928,3.04607,15.78101407,49.77412731
4684,5.1725,3.03384,13.89970014,52.19986311
4685,9.34713,3.28523,15.706577,51.59479808
4686,4.60108,0.849106,5.128879947,47.19507187
4687,8.93383,1.24247,7.454101941,48.06844627
4688,6.95518,2.21118,12.41901884,48.47638604
4689,18.2911,2.46488,12.6281064,50.12731006
4690,3.5475,1.96,9.99943482,50.54346338
4691,12.62038,4.60707,25.71741444,47.44969199
4692,8.08063,1.9039,10.69690304,48.39425051
4693,17.88388,3.13508,15.76382716,50.30253251
4694,2.15233,2.74016,12.64055209,52.5229295
4695,7.97718,1.8442,10.78896557,47.62491444
4696,2.80908,3.11511,16.76932024,48.3340178
4697,4.21763,2.15923,11.65191403,49.24572211
4698,15.64375,4.96427,25.10793131,48.58042437
4699,4.0561,2.59512,12.54383131,51.66872005
4700,6.18335,1.50122,7.373679089,52.73648186
4701,10.36605,2.68407,13.63739244,49.89459274
4702,18.09068,3.74058,17.26442157,51.50444901
4703,1.97638,2.92388,13.36287612,52.82683094
4704,10.05068,2.66545,14.10783946,48.06844627
4705,4.0306,1.91151,9.746491024,49.29500342
4706,4.38905,2.86621,13.86615604,50.85284052
4707,8.02863,11.0251,45.6999743,50.56810404
4708,6.9473,3.77416,19.66750616,48.74469541
4709,3.76683,3.51655,15.89658117,52.13415469
4710,9.50278,5.81324,29.4773161,48.45722108
4711,16.38575,3.0309,13.80748351,52.0109514
4712,3.24573,1.59037,7.802557503,50.29979466
4713,22.64428,2.26117,11.00463157,51.90143737
4714,6.02183,1.16861,5.606462488,51.97809719
4715,5.92475,1.67931,8.63032615,50.42847365
4716,5.82288,1.04117,5.726130743,49.13620808
4717,3.86083,3.69619,19.12499268,49.53045859
4718,13.31005,3.6472,17.32712413,50.85010267
4719,12.34223,1.71337,7.830447698,51.02258727
4720,2.35145,1.37958,8.237255759,47.65776865
4721,16.08048,5.79862,25.84068602,51.26899384
4722,2.40298,1.67063,8.56950822,50.57631759
4723,9.3056,3.31778,18.18907693,48.31759069
4724,14.5876,3.99227,20.60128836,49.81245722
4725,2.9793,1.59787,8.69645424,49.75496235
4726,8.66648,2.65267,12.806139,51.9890486
4727,9.92283,3.0585,16.11432145,49.70568104
4728,2.79338,4.84073,21.99010863,51.42505133
4729,4.46763,1.9249,8.970389763,52.1615332
4730,5.10575,2.72282,13.75722664,50.54620123
4731,2.5027,2.30015,11.67505116,50.13826146
4732,7.95523,2.45835,14.32368325,47.91238877
4733,9.24645,4.27627,18.35466385,51.18412047
4734,5.78358,1.70856,9.206146656,49.50855578
4735,3.386,1.13939,5.661910992,51.87679671
4736,2.9824,2.57981,12.47840255,52.21902806
4737,8.40775,3.59784,18.32728334,49.75496235
4738,15.65725,3.76498,17.78654782,51.53456537
4739,18.50613,4.15168,15.65205303,51.50718686
4740,26.59863,7.18615,33.6308571,48.1670089
4741,10.27463,3.18875,13.36998794,50.90485969
4742,15.14285,4.85882,25.69276012,49.24298426
4743,12.32643,6.06028,27.55985041,51.15126626
4744,14.7448,2.36449,11.45824727,51.9835729
4745,7.61943,1.23953,5.879248266,52.57494867
4746,6.16485,1.8971,8.844593488,52.62970568
4747,3.64863,1.72377,8.449199902,51.50992471
4748,3.36408,2.7997,13.50345313,51.69883641
4749,11.82785,1.57149,8.485446487,49.31690623
4750,18.64518,2.65498,13.50274195,50.07802875
4751,18.72923,5.15391,26.02500073,49.31143053
4752,9.4704,1.9575,11.0289777,48.83230664
4753,9.59763,2.83301,15.59290638,48.56947296
4754,14.5782,3.99227,20.60128836,49.76865161
4755,6.72043,2.19252,11.3389346,50.9705681
4756,4.79078,1.22891,6.720470109,49.69199179
4757,2.99288,1.25585,6.863714053,49.2183436
4758,17.3402,2.90382,15.90179651,48.72826831
4759,5.14448,1.81359,9.180390008,50.6091718
4760,4.12188,2.64435,13.31368602,50.59000684
4761,3.6573,2.91463,14.03494328,51.6440794
4762,12.59843,3.42178,16.98694198,50.23134839
4763,4.48733,1.13707,5.255102931,52.5229295
4764,4.6724,1.80609,9.361942966,50.90759754
4765,3.55743,1.98703,11.17005254,48.88706366
4766,3.00968,1.86469,9.570200814,50.34360027
4767,2.85193,1.5589,8.814095626,48.59685147
4768,6.595,3.41265,18.96236902,47.84668036
4769,2.1257,2.34167,13.08207769,48.26283368
4770,7.1202,1.58173,7.810724245,51.01163587
4771,4.52985,1.14946,6.27966754,49.64271047
4772,4.86695,2.38206,12.13288654,50.09993155
4773,4.2637,2.14958,10.39623892,51.90691307
4774,2.51958,1.01474,4.660009388,51.09103354
4775,5.4316,1.41727,7.672328193,49.27857632
4776,2.8738,1.46455,7.561526009,50.94592745
4777,5.19868,1.64228,8.047713854,51.24435318
4778,7.17775,1.80011,8.81059898,51.31279945
4779,13.50238,6.95701,33.73812708,49.12525667
4780,3.4704,1.35099,7.007017263,50.29431896
4781,13.31005,2.72061,14.37429571,49.82340862
4782,2.6259,2.69991,14.95165711,48.63791923
4783,22.7551,9.55456,40.28467758,51.17316906
4784,8.94855,5.27845,27.81362392,48.80219028
4785,6.734,1.62472,8.381791684,50.66119097
4786,12.21395,2.36009,10.92884325,50.31895962
4787,7.32375,1.91644,10.80105567,48.16427105
4788,16.37068,4.12196,20.26098769,50.7816564
4789,24.0782,8.72715,36.19881742,52.64613279
4790,10.7222,2.77715,14.61716443,49.96851472
4791,5.90963,3.50133,15.91957606,52.6899384
4792,6.3894,1.64714,8.536651604,50.03422313
4793,7.82283,1.91278,10.2503636,49.8973306
4794,5.17935,3.5733,19.38374446,48.65708419
4795,13.2933,2.82674,14.43498326,49.7467488
4796,7.14725,3.16769,15.17615362,51.87679671
4797,5.28025,1.86991,10.54267133,48.36687201
4798,10.37615,2.64861,14.78097339,47.96988364
4799,9.04753,2.07099,11.11158151,49.25393566
4800,11.85273,3.35611,16.00432527,51.95345654
4801,6.12385,5.12727,23.80634939,51.07460643
4802,5.06558,1.50221,7.744821363,50.81998631
4803,4.88543,8.31614,37.71873227,52.1779603
4804,6.20285,3.1595,14.36374651,52.91718001
4805,3.2107,2.4421,11.30211907,52.59137577
4806,15.035,2.39296,13.20179336,48.678987
4807,6.77078,2.55231,11.48492845,52.57768652
4808,6.22338,7.30027,31.27589584,51.81382615
4809,6.24003,3.36279,16.81696944,50.09445585
4810,10.4488,2.34423,11.93778556,50.20944559
4811,14.92635,5.11645,25.77822052,50.83915127
4812,1.68068,1.42888,6.715491834,52.40246407
4813,16.3132,2.71635,13.71348894,50.50513347
4814,4.95215,3.28204,16.40424672,50.49691992
4815,2.86918,1.4012,8.400768395,47.51813826
4816,5.09668,2.68793,13.01072241,51.19507187
4817,4.93633,2.91336,15.38109262,49.48665298
4818,3.86855,1.26678,6.233559229,51.94524298
4819,13.4122,12.8091,46.15311588,49.24298426
4820,2.78743,2.30542,11.2479507,51.75359343
4821,10.82858,8.31661,37.02260345,50.49691992
4822,8.74448,2.1855,13.04154031,47.72073922
4823,2.4325,1.5523,7.594797482,51.45242984
4824,2.67235,3.51909,19.78437709,47.79466119
4825,6.81603,2.15956,10.41892563,51.70157426
4826,3.49218,1.59298,8.195556777,50.08350445
4827,5.80165,3.05626,14.62889893,51.50444901
4828,2.87078,2.87648,15.80317924,48.00821355
4829,1.95355,5.27316,25.51769078,50.30527036
4830,9.52845,3.12067,15.68737508,50.83641342
4831,13.77133,5.95963,28.47099331,50.06707734
4832,3.03585,1.61426,7.547954283,52.91991786
4833,2.87335,3.13493,16.52692564,48.11772758
4834,3.2519,6.4099,21.66083128,51.75633128
4835,2.8044,2.79316,13.75118159,50.16563997
4836,10.19398,1.54732,9.684997471,46.81177276
4837,3.5474,3.37278,16.07188758,51.59753593
4838,4.80823,4.40616,21.42756352,50.95687885
4839,5.54943,3.60769,17.83893824,50.15742642
4840,6.79573,2.09945,10.25406175,51.12936345
4841,13.75085,5.64287,29.4745899,48.14236824
4842,3.3334,0.800616,4.38734214,49.84531143
4843,4.54133,6.37838,30.30560628,49.045859
4844,7.48045,5.60176,24.48979546,49.97399042
4845,8.35698,2.43792,12.33723289,50.28336756
4846,20.80095,2.11395,10.37320847,49.54962355
4847,2.5027,1.29969,6.109742411,52.46269678
4848,3.9044,1.70211,7.890364797,52.27926078
4849,2.6021,0.358872,2.578473969,50.68583162
4850,3.04968,2.26309,13.2172023,47.37029432
4851,5.6534,3.36913,17.72562321,49.54688569
4852,13.1437,2.7499,15.88686168,47.67145791
4853,2.70928,1.22857,5.788216947,51.14031485
4854,4.0123,1.86858,9.179145439,51.72073922
4855,10.33195,2.43666,13.53391544,48.02737851
4856,15.37925,5.60832,30.24788199,47.00889802
4857,10.76003,3.12476,16.39097132,49.48939083
4858,2.96365,1.51164,7.559119843,50.06160164
4859,11.16645,2.13599,10.91165635,50.42847365
4860,10.10803,2.18899,12.8927847,47.22245038
4861,3.71773,0.870636,4.088764154,52.22450376
4862,8.2949,3.3693,16.8839391,50.72142368
4863,3.8308,0.951215,5.378090036,48.98836413
4864,2.62175,1.97701,10.63161651,49.03216975
4865,4.36793,2.77152,15.95371281,47.69062286
4866,3.6879,3.24607,16.17844638,50.57905544
4867,3.1664,0.826608,4.999918911,47.20876112
4868,5.34635,1.12192,5.917426896,50.6036961
4869,8.10488,1.40759,7.275500389,50.73511294
4870,3.26673,1.89425,9.063329421,51.50444901
4871,7.05995,3.83411,19.75012182,49.17453799
4872,2.94363,2.02933,9.862129247,51.68514716
4873,10.07035,1.12643,6.433389569,47.69609856
4874,4.12048,1.99514,10.68947118,49.65366188
4875,11.53315,3.20229,16.80784261,49.84257358
4876,3.28015,1.13476,5.255102931,52.62970568
4877,2.86815,0.90723,4.412150545,51.59479808
4878,4.2336,1.57815,9.387948527,47.89322382
4879,11.16645,2.13599,10.91165635,50.65571526
4880,3.95665,3.91414,20.18619503,49.53319644
4881,6.3376,2.54243,11.74269643,52.23271732
4882,4.8323,3.08219,14.0994238,52.46817248
4883,18.72835,3.26113,14.50361234,51.20328542
4884,7.0619,2.68753,12.99815819,51.09377139
4885,11.16698,1.80028,10.22209411,48.6844627
4886,6.28785,1.24098,7.188748016,48.59958932
4887,18.72853,3.26113,15.56149583,51.49897331
4888,6.49675,3.33812,17.44861775,49.69199179
4889,11.57495,2.09709,12.26089933,47.01711157
4890,21.67365,4.01343,18.93558116,51.19780972
4891,3.74148,2.42377,13.56828924,48.05749487
4892,21.30918,5.56978,24.44262038,52.183436
4893,7.55533,3.01752,16.07425819,48.56125941
4894,6.0892,2.43914,10.59747977,50.31895962
4895,15.7338,3.20212,16.58761319,49.72758385
4896,3.44645,1.25317,5.471254902,51.00068446
4897,2.33575,1.05742,5.76281589,49.9247091
4898,16.2958,3.42635,16.27801188,51.91786448
4899,4.65243,1.79626,9.801903969,48.95277207
4900,2.2905,0.810541,4.791400296,48.54483231
4901,2.40198,1.72499,10.23272628,47.79466119
4902,4.07803,1.57134,8.162996486,50.49691992
4903,10.85993,1.44399,7.509028911,50.6146475
4904,6.2885,1.9055,9.759387128,50.95140315
4905,9.8885,1.69716,9.54590209,48.78576318
4906,6.43358,2.79894,13.46327134,51.26078029
4907,3.08748,1.5239,8.274948414,49.41546886
4908,4.66408,1.17816,6.143713213,50.68583162
4909,8.94855,2.1887,11.32964182,49.94113621
4910,2.6778,1.02944,5.908537119,48.48459959
4911,9.8256,6.11337,27.2740737,51.95071869
4912,10.58168,2.50607,13.37188443,49.41273101
4913,5.74378,2.3454,11.83941721,50.93223819
4914,12.88223,1.66508,9.942255772,47.51266256
4915,2.51548,2.76412,12.65833164,52.3613963
4916,11.2885,6.10083,26.43736787,52.79397673
4917,3.88443,2.66747,13.49847486,50.52703628
4918,3.31955,1.01909,4.688812266,52.77207392
4919,5.57933,2.26466,12.65797605,48.07665982
4920,15.33533,2.52285,13.55856975,48.29021218
4921,5.38885,4.74763,20.53728196,50.05612594
4922,6.22678,1.79122,10.68097256,47.70704997
4923,5.71785,2.84932,14.94620472,49.54140999
4924,5.91678,2.92073,16.91499405,47.23613963
4925,11.7479,2.13677,12.05086353,47.06913073
4926,3.71773,2.20112,11.22633076,50.41478439
4927,2.04555,1.40086,7.294761573,50.4421629
4928,18.5775,2.95681,14.33506216,50.87474333
4929,13.72165,4.08184,21.91496038,49.42368241
4930,9.96313,5.66029,27.35775614,50.06160164
4931,12.4137,2.29144,11.76801452,50.40657084
4932,5.76823,2.4975,12.76560162,49.80150582
4933,10.19453,3.23877,14.44043566,52.12594114
4934,16.4259,8.17745,33.97068365,51.87132101
4935,2.80858,2.0697,10.59322453,50.11909651
4936,10.69778,4.12725,22.22965849,48.53114305
4937,18.24098,6.17113,30.61568171,49.58247775
4938,3.36465,1.14413,6.236830667,49.44284736
4939,3.5707,6.10292,26.47363816,49.60438056
4940,8.22675,3.35471,16.6645394,49.9192334
4941,8.76398,2.43123,12.30439997,50.10814511
4942,6.32585,4.02284,20.78109892,49.7412731
4943,7.86285,3.86931,16.20073008,51.59479808
4944,12.81915,2.34063,11.78011647,50.6036961
4945,4.28998,1.28162,6.608518181,50.14373717
4946,6.61593,6.54166,32.18348283,49.47843943
4947,10.43193,1.15534,5.847505835,50.06160164
4948,5.28633,1.9164,9.571528354,50.32443532
4949,8.8781,3.24306,16.14371698,50.65571526
4950,5.97755,2.09078,10.30550392,51.67419576
4951,7.57848,1.92415,9.436154826,51.41683778
4952,4.57778,1.47225,6.869261274,52.68172485
4953,7.34518,2.45832,12.47567635,49.14442163
4954,10.00085,3.41251,16.23771156,51.6550308
4955,12.68408,3.69432,20.09492665,48.3613963
4956,6.21113,2.21334,11.8280383,49.63175907
4957,6.9236,5.56176,24.28213027,51.52087611
4958,4.45263,1.86829,9.632132929,50.27789185
4959,3.30703,2.25725,12.09543094,49.62628337
4960,3.71843,2.63991,12.87227895,51.16769336
4961,16.20983,2.17311,11.08168816,50.25598905
4962,4.4089,3.7174,16.64841927,51.23340178
4963,2.6957,1.54437,9.184668954,47.27446954
4964,7.45993,1.7558,9.029820887,50.15195072
4965,3.0347,2.63808,12.77046136,51.37850787
4966,5.66133,1.00529,4.629843411,52.43258042
4967,20.7741,1.7554,10.42574113,47.17316906
4968,6.06978,2.14096,9.941414207,52.11498973
4969,10.60678,1.70474,9.347754881,49.70294319
4970,2.67785,2.20126,11.24540229,50.21492129
4971,3.12473,6.41047,29.45396562,51.13483915
4972,3.67263,6.8962,34.0669303,49.82067077
4973,4.69648,0.974757,6.085348862,46.89390828
4974,8.56565,2.19097,10.9030629,51.95619439
4975,3.11968,1.70795,8.737987279,50.98425736
4976,15.76405,2.0204,10.33847907,50.4202601
4977,6.44098,5.7563,28.32958659,50.86652977
4978,2.3426,0.864657,4.939669928,47.27720739
4979,8.45578,3.12428,14.36718389,52.65434634
4980,3.64978,1.83136,9.115411663,49.47296372
4981,14.22765,2.29985,11.27192939,51.6386037
4982,5.12853,3.05387,15.35418623,50.55441478
4983,2.80493,1.93819,10.33127243,49.69746749
4984,12.9569,5.14534,22.81010168,51.51266256
4985,5.31718,2.59268,12.5293706,51.24982888
4986,8.90385,1.95768,10.02322386,50.91854894
4987,3.93368,2.22338,10.80778819,51.96440794
4988,3.28743,1.37184,7.488037184,49.14168378
4989,2.80213,2.46224,12.53458594,50.40657084
4990,5.52483,1.9553,9.205767359,50.45585216
4991,7.53473,3.63423,18.98323037,49.54140999
4992,13.23588,2.54289,12.19072936,51.19507187
4993,8.36683,3.10827,17.58362383,48.33675565
4994,3.50015,1.83568,11.58311901,46.17659138
4995,3.5964,2.1604,12.04861145,48.22724162
4996,4.47695,1.74279,8.957683308,49.60438056
4997,5.66013,2.84909,14.36362798,48.82135524
4998,20.59983,3.2461,17.50337878,49.61259411
4999,3.30163,4.23085,22.01073291,49.42642026
5000,3.2847,1.89515,9.250880015,51.35112936
5001,3.0449,2.20346,11.19237181,50.56536619
5002,6.3795,6.64325,32.38877742,48.77207392
5003,3.16028,2.67737,12.34327793,52.70910335
5004,27.03815,1.51938,9.600568293,46.57631759
5005,4.3768,3.06803,16.83735667,48.96372348
5006,6.42255,3.01489,13.73067584,52.36960986
5007,3.5255,3.02058,14.51226506,51.78918549
5008,10.34793,2.36473,11.45875695,51.34839151
5009,8.67735,1.9891,10.66985441,49.70568104
5010,10.12073,6.25135,30.51327148,50.06433949
5011,5.1858,2.37308,11.50499564,51.15400411
5012,6.07173,2.27694,10.99338304,50.96783025
5013,3.89563,1.00985,6.082160395,46.96235455
5014,8.4018,8.40898,43.43877056,47.97535934
5015,6.15128,2.29066,12.22794789,49.91649555
5016,6.54988,1.04735,5.167177107,51.51540041
5017,8.69813,4.0592,24.13930118,47.09377139
5018,3.04455,3.49343,16.64782661,51.80835044
5019,17.04313,4.06797,23.15170619,47.71252567
5020,5.85158,1.72798,8.885130872,50.54346338
5021,2.3405,2.52521,13.3690397,49.31416838
5022,4.84633,2.288,11.06702595,51.37577002
5023,7.45905,1.46512,8.805668117,46.50239562
5024,5.88835,1.7893,9.739960001,49.08145106
5025,10.48595,2.26333,13.28950583,47.9945243
5026,14.74135,2.23572,11.95390569,49.67282683
5027,5.36623,2.11394,9.095249648,51.23613963
5028,10.8474,1.44399,7.082580369,51.70978782
5029,8.31685,1.26506,5.950911724,51.51540041
5030,6.70718,2.46579,13.10056843,49.70294319
5031,11.83535,2.5806,12.47686165,51.1211499
5032,16.14423,4.84108,23.54747907,50.85831622
5033,6.18223,2.90444,15.26054724,49.0403833
5034,5.00278,7.96839,35.13595565,51.04996578
5035,5.08335,2.60249,13.16789367,49.80971937
5036,5.0299,5.70589,25.87043714,52.20260096
5037,3.35148,2.6485,14.73711715,48.57494867
5038,13.26833,2.18905,12.34244822,48.63244353
5039,3.94838,1.29698,5.924147568,52.15605749
5040,7.0745,2.05559,9.565992986,52.06023272
5041,7.43005,2.43663,12.36295397,50.28336756
5042,3.97668,1.99939,11.22956664,48.62149213
5043,4.61763,1.67232,9.90430235,47.88227242
5044,14.00078,2.58073,13.57196368,50.73785079
5045,5.28725,3.3362,16.66643588,50.29979466
5046,28.12055,2.66321,13.60076656,49.38809035
5047,2.31348,3.12653,14.22103595,52.05475702
5048,5.61973,1.77772,9.475708409,49.27583847
5049,12.9228,2.66279,13.45841159,50.75427789
5050,3.05773,1.07251,5.601875363,50.41478439
5051,5.66843,2.25386,11.36387339,51.78370979
5052,6.97408,8.04809,25.9464151,50.46954141
5053,4.14933,1.55631,8.817758214,48.25735797
5054,10.26705,2.71859,14.29985864,49.95756331
5055,17.32728,1.53124,7.295697963,52.39151266
5056,2.58478,1.33297,6.618012463,51.34839151
5057,9.87178,1.69716,9.97812306,47.32648871
5058,7.2321,4.65459,25.34534763,48.59958932
5059,8.2167,1.07348,5.594882071,51.24982888
5060,2.88555,0.697796,3.51486384,51.14031485
5061,14.9195,4.28085,23.39753816,48.23271732
5062,3.4834,3.51923,17.14541708,51.80835044
5063,3.28488,2.7366,15.82913739,47.67419576
5064,4.7823,4.03689,18.42483382,51.56194387
5065,2.14288,1.93368,9.941722386,50.21492129
5066,18.56743,4.47148,24.97873321,47.57015743
5067,23.714,3.11153,15.72589745,50.19849418
5068,5.08145,2.47986,10.967093,52.68172485
5069,4.0221,1.60085,8.274023877,50.15468857
5070,7.0509,5.56832,27.10552353,47.43874059
5071,8.8604,1.36668,7.679333338,48.06023272
5072,13.19208,5.82529,27.96000892,51.4661191
5073,2.6066,2.66223,12.83944604,51.79739904
5074,8.6552,4.08242,22.84601638,47.8329911
5075,23.896,4.20747,20.84048263,50.66392882
5076,6.21233,6.65199,27.55783539,51.18412047
5077,11.92438,4.91515,19.45889272,52.8788501
5078,4.37355,2.77152,14.67168839,49.35797399
5079,6.05065,2.24886,10.91911191,51.15400411
5080,5.25665,1.53266,7.967705859,50.29158111
5081,8.28333,1.01892,5.832571009,50.06160164
5082,3.9836,3.83179,17.30875192,52.20260096
5083,14.7052,5.43451,22.12878915,52.65982204
5084,5.15275,1.40147,8.050926027,48.65982204
5085,6.4414,1.11224,6.094795732,49.5687885
5086,3.22905,1.73708,8.643080017,50.59548255
5087,17.2455,3.50687,16.02174923,52.61327858
5088,3.65188,2.20048,10.14493084,50.20944559
5089,13.6968,4.7141,20.85849925,51.42505133
5090,4.31538,3.20924,15.30013638,51.35660507
5091,8.87393,3.94167,14.08448897,51.46885695
5092,6.60973,1.77,9.994231337,48.64887064
5093,9.93373,3.72547,17.51772095,51.82477755
5094,9.18003,2.8595,13.78259214,51.69062286
5095,3.6425,2.70632,13.6602688,50.07255305
5096,6.3153,2.13129,10.86417309,50.11909651
5097,5.17328,2.08052,10.14567758,51.20054757
5098,6.15128,2.74365,14.54699445,48.66255989
5099,5.2267,2.40061,14.05675287,47.38672142
5100,4.4118,2.4997,11.59606252,52.64613279
5101,7.60425,1.45914,6.875413,52.65434634
5102,2.69193,1.12068,6.193033697,48.81861739
5103,5.31975,1.40691,7.29994135,50.37645448
5104,8.33688,3.03156,15.91447926,49.45106092
5105,6.80908,1.67937,7.931139242,50.30800821
5106,7.75373,2.71709,16.46505279,46.78986995
5107,8.25425,1.40769,7.34479324,50.84188912
5108,5.07448,1.21265,5.680911409,52.69267625
5109,9.30925,2.65426,15.45066994,47.33196441
5110,3.3114,2.18264,10.59852284,51.61396304
5111,13.92753,8.89823,45.50594009,47.97535934
5112,2.83415,3.14576,17.08781132,49.91101985
5113,4.00218,0.704163,3.682809512,48.7063655
5114,2.52328,1.19338,5.703811475,52.03832991
5115,3.36975,2.25363,11.00953872,51.24161533
5116,9.03328,1.79002,9.156411315,50.80629706
5117,4.4256,1.58619,7.817693831,50.65845311
5118,9.01403,2.19729,11.90779738,49.3963039
5119,8.58855,2.57216,12.33403257,51.42505133
5120,20.3749,6.477,28.33563164,49.49760438
5121,3.36228,1.31474,6.490841236,51.02532512
5122,5.3903,2.60703,13.06785405,50.73511294
5123,10.50815,2.14798,12.62775081,47.71252567
5124,7.69698,1.88352,8.793898052,52.61601643
5125,9.30925,2.46733,14.31183021,47.09377139
5126,12.221,3.34634,18.15636255,48.81861739
5127,6.15663,4.45994,20.71792224,51.24709103
5128,3.352,1.44757,6.648640709,51.6440794
5129,3.47398,1.47289,6.923453356,52.76659822
5130,7.7041,4.5773,22.43981283,50.54346338
5131,8.58378,2.08999,9.495894129,50.62833676
5132,2.04555,2.19623,10.35915077,52.89253936
5133,6.55703,2.74699,13.25323553,51.62765229
5134,3.2261,1.65094,8.565573012,49.91101985
5135,4.58505,1.37365,7.854758276,48.87063655
5136,4.41358,1.71074,9.246482539,49.62354552
5137,3.37498,1.93569,9.042681432,52.57221081
5138,9.40665,2.9708,14.95616127,50.51882272
5139,5.11555,3.53092,18.2912501,49.25667351
5140,7.6973,2.4546,12.45007379,50.47775496
5141,5.98803,4.44884,23.51523882,48.27378508
5142,5.59825,2.63943,13.28547579,50.97878166
5143,2.7274,1.91181,9.264167269,51.07186858
5144,6.12063,4.20195,21.72898624,49.36344969
5145,9.2789,7.60724,33.89695776,50.68583162
5146,3.41573,1.41991,6.989320679,51.44147844
5147,5.40835,2.69252,13.60550777,50.54620123
5148,3.94183,2.7016,13.1297269,51.816564
5149,4.65243,3.48281,17.52957399,50.36002738
5150,4.82148,6.23889,25.28596392,51.19233402
5151,8.31078,3.03634,16.69523876,48.16427105
5152,5.60735,1.6416,7.671960749,52.82135524
5153,2.50723,2.3408,12.47709871,49.49760438
5154,2.94478,1.99064,10.19439356,50.35728953
5155,4.01925,1.55327,7.06634171,49.58795346
5156,3.9375,1.11405,6.365447964,48.42710472
5157,3.50683,2.88153,15.09958301,49.17727584
5158,7.53023,2.9218,14.02794999,50.32991102
5159,7.54013,1.69413,8.720764817,50.92402464
5160,24.53415,9.77905,42.11893496,49.19644079
5161,17.91138,3.72089,17.70250979,51.9835729
5162,13.8417,2.27219,12.13905012,49.27857632
5163,13.93555,2.50627,15.44794374,46.96783025
5164,3.3678,2.11284,11.17190162,49.53319644
5165,6.35985,4.43567,22.69986844,49.44832307
5166,5.67753,6.52058,32.28375952,49.11430527
5167,3.74635,2.07244,11.6917995,48.55852156
5168,2.18488,4.73543,19.91653845,52.54757016
5169,10.06818,2.13566,10.89791868,50.72963723
5170,6.59015,8.02409,42.13055093,49.36618754
5171,2.99683,2.02452,12.51502843,46.71594798
5172,2.74575,0.681814,3.543453364,51.11019849
5173,6.0565,3.02453,11.84808178,51.67145791
5174,10.37463,2.41381,14.17338675,47.68514716
5175,8.12178,2.82977,12.44829584,49.96030116
5176,16.05778,6.94104,30.58664177,51.82477755
5177,10.19935,3.18405,16.72119691,49.724846
5178,5.99955,2.43365,14.01443753,47.38398357
5179,4.8056,2.44625,11.32031348,52.11225188
5180,5.8884,9.79397,35.85899087,52.27652293
5181,5.08293,3.92172,22.25265338,48.80766598
5182,6.42258,1.57673,8.123383638,50.49691992
5183,5.39495,2.8807,15.09507885,49.92744695
5184,3.89083,1.78918,8.601392888,51.76728268
5185,5.41845,0.995534,4.62015948,52.25188227
5186,20.50815,5.41869,26.63400974,50.89390828
5187,3.78168,1.83472,7.996449472,52.29568789
5188,6.00073,2.95122,14.17990592,51.63312799
5189,5.26595,2.97622,14.93399609,50.49144422
5190,12.61978,3.85876,21.73147537,47.38672142
5191,9.179,2.59492,13.15532945,50.57357974
5192,13.51895,9.37407,42.73612256,50.61738535
5193,4.4253,1.62092,7.583276331,52.862423
5194,6.7165,1.52558,8.149815909,48.77481177
5195,6.97713,5.14922,24.01472577,48.24093087
5196,11.07778,3.84863,19.23273678,49.91649555
5197,2.66908,1.15989,5.991022399,50.69952088
5198,15.9049,1.41163,8.425375298,47.85215606
5199,8.53833,1.22257,6.071682311,50.97604381
5200,11.73938,7.9704,38.71640234,49.94113621
5201,6.99713,2.2463,10.27635731,52.36413415
5202,3.16435,1.34653,6.244262521,52.19712526
5203,10.34835,3.09112,15.3646169,50.4476386
5204,14.40318,3.78976,17.85849575,51.77275838
5205,6.44723,2.04926,11.41506666,48.1779603
5206,4.97633,2.12115,10.32996859,51.23887748
5207,19.91475,4.18588,21.92622076,49.89459274
5208,5.20443,2.49893,12.2486907,50.09993155
5209,3.4341,3.23542,16.15663679,50.55167693
5210,11.22548,4.32742,22.28347128,49.06776181
5211,5.30125,1.18853,6.214487693,49.5578371
5212,2.79948,3.44693,17.44233564,49.43463381
5213,3.79313,7.91434,34.85883166,52.55030801
5214,5.47423,1.20536,5.973610289,51.98083504
5215,11.82785,1.58417,9.903614874,46.85284052
5216,5.25938,3.16069,14.95687245,51.63586585
5217,7.39153,2.42905,11.76566762,51.91786448
5218,3.12175,2.26581,10.52958558,52.99931554
5219,6.06383,2.53231,12.22142872,51.72073922
5220,4.24245,1.90303,8.871642117,52.63791923
5221,6.78663,2.37509,13.3077595,48.47638604
5222,2.34048,2.1202,9.858810396,52.83230664
5223,10.1658,5.00996,26.65522667,48.27652293
5224,10.67303,2.0498,10.98670978,49.50855578
5225,4.67088,2.01755,11.37426851,48.55030801
5226,2.70895,1.63115,9.276091423,48.14236824
5227,12.83975,3.72775,18.48137281,50.73785079
5228,2.6133,1.73692,8.177326807,51.38672142
5229,5.99395,2.37588,11.22987482,52.16974675
5230,3.65543,2.374,12.04161816,50.05338809
5231,10.58465,1.90513,8.886814004,52.33127995
5232,6.7425,1.40305,6.942655275,50.41204654
5233,6.30355,3.12538,15.63107316,49.12525667
5234,3.02885,2.59789,15.94387479,46.75701574
5235,6.80388,1.71368,8.816193613,47.03353867
5236,2.08503,1.07166,5.377367001,50.55715264
5237,7.0745,2.8452,13.72107488,51.43326489
5238,13.77133,2.57174,13.30681126,49.94661191
5239,19.69845,1.62603,7.98976436,51.69336071
5240,7.78985,2.45802,12.47543929,50.06707734
5241,5.22095,1.45354,7.443031205,50.59548255
5242,5.54943,2.68719,12.31364534,52.94729637
5243,2.77335,3.15949,15.08974499,51.23066393
5244,11.67553,1.75438,9.014814943,50.30253251
5245,4.4635,0.96951,6.085348862,46.62286105
5246,6.0907,2.55562,12.36722107,51.35934292
5247,17.0501,11.1152,44.29325595,52.84599589
5248,9.11238,3.25231,14.71222578,51.78918549
5249,3.77183,2.99893,15.7612195,49.09787817
5250,11.7876,2.34411,11.35522068,51.68514716
5251,4.35358,3.28241,17.15063242,49.10882957
5252,9.4713,1.43672,7.414595771,50.0698152
5253,4.24255,1.02268,4.846339119,52.72826831
5254,3.9103,2.74736,15.15635905,49.27310062
5255,4.49258,2.21525,10.74812001,51.04996578
5256,16.67595,1.78229,9.119204634,50.80629706
5257,3.68355,0.987104,4.891688837,51.72895277
5258,3.98123,1.47507,8.071005071,49.89185489
5259,4.61525,3.03447,15.91530897,48.50102669
5260,3.33028,1.57803,7.788239036,51.4934976
5261,3.23735,4.87051,22.09820832,49.35523614
5262,6.80388,1.53655,7.858847573,50.75701574
5263,12.83215,5.28907,25.63219111,50.96783025
5264,6.524,2.51716,12.79724923,50.93497604
5265,8.09488,2.10116,9.739628116,52.5338809
5266,2.92625,2.68555,14.32261647,49.61533196
5267,3.85793,3.19371,15.29847696,51.02532512
5268,6.23643,1.50385,7.429305389,51.25804244
5269,15.95735,3.75083,16.91558671,52.44626968
5270,5.0252,1.45944,8.710014113,47.56741958
5271,4.6014,1.49726,8.085572452,49.84531143
5272,16.391,2.22808,11.35813652,50.17385352
5273,4.04695,1.38149,7.526713641,49.09514031
5274,15.08208,3.30475,15.65027508,51.59479808
5275,7.56398,1.58636,7.810724245,51.321013
5276,5.1387,6.27684,29.53610716,50.0807666
5277,7.91443,1.37665,8.232348601,47.83025325
5278,3.59585,0.3977,2.267023585,46.34086242
5279,3.63103,1.07418,5.333143322,50.0807666
5280,19.97158,3.63449,16.48378059,52.06844627
5281,12.0118,3.13994,14.38294843,52.65434634
5282,7.6747,2.09306,10.19770056,51.34017796
5283,2.36063,2.45198,13.01321155,49.9247091
5284,8.35953,0.739943,3.940968644,48.09034908
5285,10.2089,3.23877,18.46667504,47.33744011
5286,3.53595,2.58661,15.07670665,47.22245038
5287,2.75763,1.60322,8.703198617,49.10609172
5288,6.2513,1.95669,9.063353127,52.50376454
5289,5.42573,3.99975,16.25715054,51.81930185
5290,13.23588,5.39076,31.58988277,46.86926762
5291,6.57698,1.74306,9.381654565,49.09240246
5292,5.33055,4.69959,24.55996544,48.1615332
5293,18.24098,6.17113,32.20469976,47.86310746
5294,2.02653,4.48599,22.84909817,49.41273101
5295,5.96413,1.43255,6.717044581,52.51471595
5296,3.25803,2.89371,13.27540071,52.87063655
5297,6.9361,1.3245,6.884302777,50.96783025
5298,4.8426,1.63413,8.04761903,51.26078029
5299,3.45013,1.58001,8.535063297,49.31416838
5300,4.33308,2.77599,14.01609695,50.39288159
5301,7.23935,2.73791,16.7028247,46.85557837
5302,4.1377,0.739853,4.114319301,50.33812457
5303,5.06673,2.37212,12.06567982,50.33264887
5304,15.1928,3.44723,18.92171311,47.66324435
5305,17.47775,7.31826,31.27601437,52.6954141
5306,8.82515,2.69264,12.98108982,51.68514716
5307,12.6465,2.81995,12.96757736,52.79397673
5308,3.31093,1.45594,7.528444185,50.99247091
5309,13.99518,3.27326,16.28299016,50.48870637
5310,4.61895,1.32351,6.522394018,51.78370979
5311,5.04548,3.01209,16.61131926,48.19438741
5312,2.1605,1.16278,5.764878318,51.35934292
5313,4.3735,1.85416,10.51574123,48.48733744
5314,2.9511,2.49615,12.55912173,50.37919233
5315,3.11598,0.86533,4.939669928,48.3613963
5316,4.13988,1.09296,5.984526935,48.23545517
5317,18.58095,2.35512,13.20440102,48.5119781
5318,7.03485,1.34313,7.260150707,49.74401095
5319,3.58423,4.27094,21.6464891,49.10335387
5320,2.79715,1.94122,11.46396043,47.80013689
5321,5.33108,2.63587,12.11024724,52.45722108
5322,8.092,2.27997,11.63924313,50.77344285
5323,5.02525,2.65444,12.6241949,48.03559206
5324,15.4305,5.91958,27.01378102,51.36755647
5325,4.14518,2.937,15.51242426,49.63175907
5326,4.26968,2.29401,11.22096133,51.96440794
5327,9.09193,4.92117,22.02578627,52.20807666
5328,4.61493,2.84479,13.68753079,51.08008214
5329,3.24428,1.59037,9.034811015,48.61327858
5330,3.07828,2.74072,15.82913739,47.04449008
5331,3.30508,4.23085,22.26095051,49.63449692
5332,12.20748,1.64595,9.883203945,47.89869952
5333,15.48903,0.974808,4.88889152,51.04175222
5334,14.57063,2.84241,14.3641021,50.05065024
5335,5.97983,1.7258,8.066477211,52.53661875
5336,5.59493,1.716,8.403684242,51.96167009
5337,5.87413,2.57258,11.84115961,52.27926078
5338,15.3484,3.60254,20.49188483,47.50718686
5339,8.52035,3.10616,16.32720198,49.18275154
5340,17.85618,2.8718,13.83391579,51.69062286
5341,4.816,2.21767,10.76661074,51.40588638
5342,5.30675,2.45338,13.67224037,48.47638604
5343,18.32255,2.81531,14.20396758,50.16290212
5344,4.07525,2.4547,11.87923156,51.88227242
5345,3.63088,1.21867,7.014543941,48.1670089
5346,5.21455,1.22397,6.08022835,51.6495551
5347,19.1774,6.43053,27.58853476,51.52635181
5348,5.8097,3.84217,18.13218236,51.83572895
5349,3.19575,1.25704,6.216431591,50.36550308
5350,9.09898,1.87657,9.623598743,50.24503765
5351,18.81085,2.88869,15.15707023,49.60438056
5352,3.82955,3.05143,14.70298041,51.89048597
5353,10.8076,4.0914,21.91496038,49.65092402
5354,3.74148,1.73588,8.491337446,51.39767283
5355,12.37195,2.41015,12.22771083,50.47227926
5356,6.73178,2.18761,12.95833199,46.67214237
5357,3.59743,1.73214,8.895549691,50.4257358
5358,5.7905,2.84934,14.33921072,48.70910335
5359,1.7989,0.766484,4.016259131,50.92950034
5360,3.5733,1.63394,8.410073029,50.04791239
5361,16.88033,7.1228,30.65918235,52.29568789
5362,8.16173,2.67876,14.05936054,49.44558522
5363,9.78208,2.74414,13.27137068,51.17316906
5364,5.20503,2.11303,10.14285656,52.42436687
5365,12.76138,1.98101,10.63350115,49.2128679
5366,2.10805,2.30778,12.29693256,49.15263518
5367,5.40343,6.71003,27.77119005,51.88774812
5368,6.59245,7.12438,30.51599767,50.73785079
5369,20.4757,3.73242,18.5402824,50.47501711
5370,7.6481,3.41113,18.58319039,47.76180698
5371,10.68255,6.42034,30.9591827,50.30527036
5372,20.2623,2.68471,15.4789987,47.57837098
5373,2.6016,1.6068,8.252842501,50.88843258
5374,3.35965,3.64921,19.73803172,48.57221081
5375,24.915,7.81125,33.00122381,52.73921971
5376,2.31183,1.77086,8.207611315,52.08761123
5377,4.14093,1.09296,6.26491051,48.81040383
5378,2.76083,2.44138,14.25043148,47.45516769
5379,6.11075,3.27373,14.69752801,52.5119781
5380,3.7451,2.62469,13.27113362,50.19301848
5381,2.5257,3.07979,16.14359845,48.10951403
5382,10.44005,2.68429,13.04438503,50.00684463
5383,19.46763,4.01626,18.15019897,52.07665982
5384,2.4233,3.04719,16.07864381,49.91101985
5385,10.1644,5.80565,28.32093387,48.41615332
5386,5.12518,2.2376,11.93553348,50.28336756
5387,10.57428,3.9069,18.79381885,50.46680356
5388,5.57703,1.49197,7.307657677,51.38398357
5389,8.85225,5.69571,28.33219426,48.30116359
5390,14.22475,6.21763,33.40647912,47.59753593
5391,2.47235,2.62701,12.0105632,52.15605749
5392,8.33688,3.98714,17.98354528,52.5065024
5393,7.7896,1.81372,10.18270647,48.95824778
5394,17.40198,2.4047,14.80467946,46.78986995
5395,14.20735,2.28503,11.09511765,51.38124572
5396,4.29738,4.46333,26.30959213,46.95140315
5397,3.97583,1.21592,6.981699177,48.35865845
5398,16.48583,2.25085,12.66034666,48.65708419
5399,4.80848,8.85083,29.58826052,52.44900753
5400,3.3334,0.800616,5.092147387,46.85557837
5401,6.70833,5.29846,24.53388876,51.07186858
5402,3.953,4.78899,24.41038012,48.99931554
5403,5.0055,2.94755,15.36769869,49.0403833
5404,3.49925,1.21911,6.139552797,51.93976728
5405,2.82505,1.98549,10.62919849,49.84257358
5406,11.00255,3.43839,16.34107003,51.6550308
5407,9.8904,3.27543,17.95426828,49.83436003
5408,13.4772,2.36008,11.45875695,51.84394251
5409,3.92178,4.1948,19.71420712,51.94524298
5410,3.46425,1.77316,8.321945703,50.03148528
5411,3.43843,2.30068,11.69224991,50.67488022
5412,6.1712,1.69065,8.319266917,51.51813826
5413,8.70445,1.28138,7.306816111,48.74195756
5414,2.70415,2.59881,15.12755617,47.22245038
5415,4.49685,1.28247,6.608518181,50.03148528
5416,15.25065,2.24695,11.97701911,49.16358658
5417,2.57158,1.35079,7.02589915,50.25051335
5418,6.3895,2.36521,10.91265201,52.31485284
5419,6.26783,3.52083,17.31420432,50.07802875
5420,7.7803,1.80485,9.257126565,50.80629706
5421,2.87335,1.76134,9.532946721,49.76317591
5422,18.3451,8.94511,37.86665817,50.82819986
5423,4.91408,1.77993,9.58845449,49.62628337
5424,2.72235,1.98671,10.62919849,49.03216975
5425,16.45468,1.77504,9.166996077,50.42847365
5426,2.86395,1.58323,8.437548367,49.80971937
5427,3.84315,2.23075,10.9376145,51.05544148
5428,5.92243,2.2453,10.98174335,50.62286105
5429,4.33903,1.55592,8.525841635,49.42094456
5430,3.22313,1.93851,9.489789816,51.54825462
5431,4.45118,2.16672,9.139520739,51.97262149
5432,6.5283,1.43915,8.18624029,48.28473648
5433,16.42438,2.22808,11.35813652,50.48870637
5434,3.41118,6.25024,29.53610716,50.48596851
5435,2.22573,1.37943,7.467081016,49.77686516
5436,21.07638,3.68297,20.12100333,48.17522245
5437,8.38868,2.54382,12.93201825,50.31348392
5438,3.90325,1.96698,11.61719649,47.58658453
5439,3.56318,7.44153,34.93101665,51.74811773
5440,4.93998,2.64816,11.9789156,51.44421629
5441,3.90875,1.22592,6.301524539,50.22039699
5442,1.98118,0.607248,3.395717119,50.41752225
5443,9.8885,2.27413,11.50469932,50.69130732
5444,4.6234,1.7348,8.283162568,51.53456537
5445,4.1492,2.42162,11.74486554,51.23613963
5446,4.35555,1.16054,6.686617837,48.82135524
5447,18.8911,2.97129,14.2829088,51.86858316
5448,4.4314,1.38845,6.500098457,52.37234771
5449,11.3902,6.57049,35.40454546,47.42778919
5450,16.2736,2.54535,14.90697117,46.85557837
5451,17.21673,2.30707,12.08310379,49.45379877
5452,3.30153,1.45242,7.110186091,51.40314853
5453,5.75675,1.90902,8.883779626,52.93086927
5454,3.25235,0.886668,4.145255725,52.22450376
5455,12.94778,3.08304,16.85798095,49.045859
5456,5.01733,3.15596,17.37631423,48.3559206
5457,3.35865,1.61502,7.563706968,52.91991786
5458,18.32908,8.45572,38.84168894,51.74264203
5459,5.00753,1.46259,8.294612601,48.10130048
5460,2.99778,0.922224,4.665995171,50.82272416
5461,8.08183,2.0508,12.08642264,47.79192334
5462,15.11673,4.17259,22.48651379,48.27652293
5463,5.16465,3.31359,15.06722422,52.82683094
5464,5.58895,3.61291,14.4441101,52.5119781
5465,4.54343,2.16325,11.05877624,50.7816564
5466,4.2889,5.89967,27.04910307,52.21355236
5467,3.00415,0.810021,4.677137026,48.54483231
5468,10.58465,2.0538,9.99943482,50.45585216
5469,2.89533,1.69783,7.913347834,50.96783025
5470,8.5196,2.94262,14.15311805,51.69883641
5471,2.7802,1.65798,7.796654691,52.87063655
5472,4.59688,3.60716,17.07904008,51.74811773
5473,8.40775,2.61759,12.64114474,51.96440794
5474,7.7025,5.07241,25.77442754,48.27652293
5475,2.4404,1.21153,5.938620125,52.29842574
5476,8.0509,1.66766,8.179081056,51.20054757
5477,7.56235,1.869,9.594653628,49.71937029
5478,8.08425,2.10681,9.739628116,52.46269678
5479,8.92368,3.4975,17.26774042,49.60711841
5480,8.84463,4.08994,23.10050107,47.71252567
5481,4.6998,1.83727,9.714535238,50.14373717
5482,13.91138,2.36927,11.49006082,51.40862423
5483,12.3221,1.93886,10.37198761,49.77686516
5484,4.54,1.52536,7.523074759,51.14852841
5485,10.1008,1.91656,9.888525959,50.0862423
5486,3.48088,1.54227,7.271019941,52.09034908
5487,1.9151,2.61145,12.02312742,52.8843258
5488,5.5477,2.607,13.17749463,50.70225873
5489,12.05238,6.0776,27.30631396,50.85557837
5490,4.8421,2.27254,10.94835335,51.77002053
5491,11.42735,3.24436,16.12842656,50.84736482
5492,7.37048,2.56929,12.41664823,51.52087611
5493,3.14083,1.55159,8.912890684,48.94729637
5494,8.2156,3.29741,14.96445839,50.93497604
5495,7.6014,1.38308,7.491403446,49.4072553
5496,5.33168,2.16155,10.97250984,50.65571526
5497,12.8615,1.6333,9.365332934,48.68172485
5498,9.78683,2.39776,11.94063029,50.12731006
5499,10.00608,2.63211,13.98978321,49.69746749
5500,3.91255,3.46785,15.706577,52.85968515
5501,3.0516,1.76044,9.481279336,49.16906229
5502,5.47998,2.13111,9.363768333,52.05749487
5503,4.21768,1.98522,9.741939458,51.75633128
5504,20.50815,2.20668,12.85058789,47.42505133
5505,5.61303,3.752,16.9132161,52.54757016
5506,4.51985,1.89695,10.17628212,49.19644079
5507,11.53923,1.69883,7.940787613,52.07392197
5508,8.06495,4.53504,24.31579289,47.1156742
5509,2.6773,7.46821,32.53551801,51.19233402
5510,21.9437,3.57761,20.32961677,47.01984942
5511,8.14463,8.09022,36.49941042,50.47501711
5512,3.63395,0.871773,4.50785196,50.14647502
5513,6.9197,2.94029,15.50246771,49.76591376
5514,7.1413,2.55187,12.85615882,50.12731006
5515,5.79998,2.07907,10.68694649,49.18001369
5516,11.7344,3.33199,18.17106032,48.45174538
5517,13.48818,1.66447,7.793561049,52.96372348
5518,3.48863,1.15267,6.587348658,48.85420945
5519,3.3264,1.2682,6.770027654,50.98973306
5520,3.27003,2.82672,13.604441,51.92334018
5521,3.6337,1.02976,5.886703826,48.01916496
5522,7.30088,1.08236,6.491505006,47.84941821
5523,4.02953,1.06455,5.813274266,49.63997262
5524,4.49685,1.28247,6.758044234,50.14373717
5525,5.15733,5.1853,20.50705672,52.84325804
5526,11.40418,6.20147,28.175023,51.10472279
5527,3.75603,2.86165,13.11088057,52.93908282
5528,2.08753,2.3099,10.61992942,52.31485284
5529,4.9705,2.17493,10.58429919,51.8384668
5530,3.6769,1.63227,8.804636903,49.33880903
5531,13.38228,3.56214,19.29555787,48.81587953
5532,6.6273,1.62272,8.76816511,49.41273101
5533,11.61285,1.94434,9.518521576,51.10472279
5534,9.3347,1.97947,10.65924594,49.87268994
5535,2.62705,1.75036,9.801133522,48.47364819
5536,4.1452,2.41166,12.31862362,50.34360027
5537,5.48618,1.44005,7.807251306,50.85010267
5538,12.3257,3.93117,22.19243996,47.80835044
5539,4.5615,2.37234,11.56472309,51.93702943
5540,2.30378,2.40233,11.12354123,52.93086927
5541,3.34328,0.961737,5.257627628,49.50855578
5542,4.23,2.12648,9.932631107,52.39425051
5543,2.78023,0.879077,5.287995107,47.00889802
5544,6.83148,2.14294,10.41892563,51.19780972
5545,3.41598,5.43253,25.7867547,50.37645448
5546,4.10815,2.2157,10.29244188,52.14510609
5547,10.6463,6.23101,23.08947775,52.03559206
5548,3.74225,2.73703,13.81554358,51.83572895
5549,6.72795,4.29006,16.97105892,52.11772758
5550,7.1874,5.45234,29.97668452,47.59479808
5551,5.07943,2.9937,14.38448932,51.57563313
5552,18.847,2.75001,13.77939182,50.04791239
5553,4.86695,1.84084,9.063767983,51.18138261
5554,5.64355,2.3571,12.0066517,50.59000684
5555,15.9613,2.39854,12.16465268,50.9431896
5556,3.67818,2.25976,10.89685191,51.95893224
5557,4.75548,2.42595,11.75472727,51.2991102
5558,5.31933,4.54685,21.47936129,51.09377139
5559,4.778,1.36502,7.364089983,49.57152635
5560,5.80655,3.10344,12.13336066,51.10472279
5561,7.1427,3.21876,16.18188376,50.98425736
5562,4.87873,2.26938,12.66805113,48.03285421
5563,5.10065,3.81774,17.16959727,50.65023956
5564,7.91698,2.21398,11.25149476,50.84462697
5565,2.74205,2.68038,13.82395923,49.60438056
5566,12.9077,6.03581,26.51737586,51.15400411
5567,3.42558,1.9135,8.947323754,51.89322382
5568,3.03698,2.51544,11.60201275,52.74195756
5569,3.19523,1.51204,6.839569418,52.21902806
5570,3.85375,2.40488,12.30854854,49.9247091
5571,3.83663,2.2658,12.66805113,48.31485284
5572,3.38173,4.50252,22.80014513,49.75496235
5573,3.83873,1.59406,7.543118244,52.20807666
5574,3.73495,3.93665,18.68453385,51.137577
5575,3.26968,1.93804,8.711187564,52.79397673
5576,2.4738,2.39129,12.08345938,50.19301848
5577,7.54328,1.69413,9.116419171,49.5687885
5578,12.74883,1.63934,9.894914745,47.11019849
5579,3.76168,2.61132,12.02312742,52.25188227
5580,3.8158,2.27249,13.32115343,47.90417522
5581,3.28878,1.89197,10.45988972,47.49623546
5582,2.32548,1.16753,6.206024625,49.63449692
5583,18.46528,2.43728,12.30191084,50.09445585
5584,10.8497,3.53714,17.47587973,50.20123203
5585,9.87135,2.92539,14.07441389,51.49623546
5586,3.41595,1.5085,8.560393236,48.92265572
5587,3.10358,2.8215,12.95821346,52.38329911
5588,7.29848,1.38144,7.491403446,49.67556468
5589,4.09085,0.88819,4.858464776,49.90554415
5590,4.9992,2.58812,9.779537289,52.13963039
5591,2.82015,0.907563,4.293999479,52.15058179
5592,2.8003,3.0303,14.69361651,51.54825462
5593,6.01233,2.80959,13.56603716,51.02532512
5594,18.2443,4.9827,23.12076977,51.75085558
5595,3.39608,2.59224,11.96836639,52.25188227
5596,8.4019,7.62593,33.00501678,51.78097194
5597,4.97063,1.95453,10.44002403,49.53319644
5598,3.9028,1.39201,7.213094153,50.36550308
5599,6.34085,2.06424,9.699446323,50.25598905
5600,3.28248,1.89515,9.068615875,51.29637235
5601,7.3195,2.78005,12.29195429,52.39151266
5602,4.14973,2.42162,11.71491292,51.89869952
5603,11.69403,1.50523,7.068878259,51.74811773
5604,17.49578,1.70798,10.17472937,47.15674196
5605,4.67655,3.27236,14.51416154,50.48596851
5606,4.46668,2.95818,14.24403084,51.17864476
5607,14.4641,3.27619,15.32609453,51.96440794
5608,9.30925,6.71649,28.62899429,52.36687201
5609,2.05695,0.653433,3.392742007,50.45859001
5610,2.747,1.26485,6.268241213,51.91512663
5611,3.11288,1.60937,8.251372725,50.19301848
5612,18.70268,4.67255,24.79299613,48.10677618
5613,6.37535,2.82136,14.22151007,50.66940452
5614,3.63315,4.08435,19.05102973,51.93702943
5615,11.4976,1.11385,6.676495344,46.72689938
5616,7.53895,1.69413,8.730567278,50.92402464
5617,7.22705,1.84244,10.78896557,47.47433265
5618,16.96998,3.96194,18.72092267,51.3155373
5619,13.97958,4.06784,20.80468646,49.50581793
5620,20.92075,6.17884,29.24369275,50.98425736
5621,25.0634,3.43956,17.98330822,49.89459274
5622,26.89575,2.00832,10.26998037,50.52156057
5623,13.57935,3.51326,15.97635211,52.25735797
5624,14.8177,2.98362,13.59578828,52.42162902
5625,3.40238,4.19277,22.65660486,47.85489391
5626,11.33988,6.1706,28.96680582,50.83915127
5627,2.9114,2.16907,11.60892307,49.89185489
5628,6.93355,3.81376,17.16793785,52.36960986
5629,7.22155,1.60142,9.364479515,48.82135524
5630,4.3134,2.1324,10.34879121,51.70978782
5631,6.97493,4.81816,20.57853053,50.19028063
5632,8.91133,2.83653,14.8352603,49.63723477
5633,22.46063,9.91386,41.69637421,50.2477755
5634,15.1154,7.82048,37.52896516,49.99315537
5635,3.9441,1.19944,6.459774427,49.90006845
5636,4.89023,0.944091,6.17684245,46.89390828
5637,12.8374,2.34063,11.94869035,50.31074606
5638,3.59005,1.49589,7.722822128,50.05065024
5639,5.59288,3.57619,18.1331306,50.0752909
5640,6.16323,0.981723,5.187303563,50.275154
5641,2.6075,1.6068,7.910420134,51.92334018
5642,10.2299,5.85456,22.12333676,51.32375086
5643,6.16355,2.75881,12.70171375,52.31485284
5644,12.64693,1.79627,9.178386845,50.12457221
5645,6.04105,2.77104,14.01609695,50.81177276
5646,6.03253,1.67086,9.481468984,48.73374401
5647,3.58943,1.56742,7.417653854,50.15742642
5648,8.53785,1.80906,10.73406231,47.17590691
5649,8.42798,3.044,14.61123791,51.35660507
5650,8.37163,1.56596,8.133660221,50.11635866
5651,8.9387,2.1887,11.3182155,50.33538672
5652,10.89865,3.72012,19.22906234,49.81793292
5653,12.76138,2.28266,12.1916776,49.14168378
5654,3.2039,1.52643,7.492908782,51.86858316
5655,15.0892,3.27905,15.78042141,51.1156742
5656,2.44545,2.77895,14.67702226,49.88637919
5657,20.31758,6.53098,34.85598693,47.38398357
5658,6.2136,1.0738,6.520319737,47.87132101
5659,23.52553,3.49095,16.65979818,50.99247091
5660,18.8911,1.8374,9.925886729,49.76043806
5661,2.51243,1.25375,6.198604625,51.94524298
5662,5.58728,3.6236,17.29358003,51.50718686
5663,4.4323,0.995866,5.453416082,49.75496235
5664,1.96263,2.80673,12.84798022,52.6954141
5665,9.01403,3.59932,16.25632082,51.60574949
5666,8.57783,4.26625,22.84696463,48.42162902
5667,10.39175,1.93161,11.0289777,48.14510609
5668,11.4507,2.41866,11.68108435,51.60848734
5669,11.4049,4.11415,22.22965849,48.56947296
5670,3.8613,2.55126,14.87603474,47.00342231
5671,4.02005,1.73986,8.12838562,52.42710472
5672,13.22683,2.23839,12.56315176,48.73100616
5673,8.43043,2.17673,12.24217153,48.15879535
5674,3.48665,4.16007,24.92835781,47.77823409
5675,5.7389,1.97635,9.649983602,51.27446954
5676,2.99288,2.6602,11.75032979,52.04106776
5677,14.34208,5.49425,23.28374902,52.65982204
5678,2.35145,0.915231,5.762875155,47.10198494
5679,2.88863,1.42515,7.382165863,50.0752909
5680,2.35515,0.687968,3.900597202,48.81040383
5681,2.82683,1.49417,7.413991266,50.7652293
5682,2.56288,1.44313,7.429435772,50.56262834
5683,7.70348,1.24215,6.187545742,51.74811773
5684,6.18575,3.96451,16.73459084,51.07460643
5685,5.53645,1.59256,7.44855472,51.38124572
5686,9.47273,4.38263,21.54040443,50.4202601
5687,3.3241,1.27007,5.966664409,52.8788501
5688,2.41208,0.795109,5.092147387,47.79739904
5689,6.28873,5.016,24.30548075,50.76796715
5690,5.817,2.87408,13.83190077,51.6440794
5691,6.3384,5.17133,26.18430554,49.76317591
5692,4.39905,2.94012,14.80491652,50.30800821
5693,4.5421,4.15443,20.60116983,49.86721424
5694,3.8502,2.53463,12.89337735,50.30800821
5695,3.21723,2.82309,13.604441,51.4770705
5696,3.7017,1.68057,8.623190622,51.24435318
5697,4.85693,2.51376,12.32727633,51.72073922
5698,4.93418,3.07965,16.2956729,49.48391513
5699,14.4374,3.27619,16.00408821,50.33538672
5700,15.51338,5.89301,25.97675887,52.93086927
5701,2.72423,1.93046,9.375941402,51.46338125
5702,10.90218,3.33309,19.01464091,47.09650924
5703,25.23693,6.7323,33.28131106,49.20465435
5704,18.46528,2.21922,13.05647513,47.81930185
5705,3.36588,2.36491,10.95281009,52.66803559
5706,3.3966,2.59224,11.96836639,52.20260096
5707,9.9927,1.97225,9.209572183,52.22724162
5708,10.64688,3.81276,18.82594057,50.41478439
5709,5.84555,1.78706,11.20008814,46.97604381
5710,6.01438,2.10725,10.69698601,50.36276523
5711,7.58195,0.920836,4.810720745,48.71457906
5712,5.55073,2.10349,9.920872895,51.91512663
5713,5.5058,2.768,14.61194909,49.65639973
5714,16.72815,5.22443,21.92124249,52.14784394
5715,13.34693,3.11436,17.13332698,48.33675565
5716,4.64725,2.35588,11.98519771,50.57905544
5717,14.28718,6.75001,31.72903741,50.0698152
5718,21.21518,2.59543,12.5082722,51.87679671
5719,7.40008,1.47974,7.647389405,50.28610541
5720,6.02265,1.67696,8.20380649,51.2936345
5721,5.39158,1.98765,10.61234348,49.65366188
5722,4.88225,2.86612,13.78579246,51.08281999
5723,4.11353,2.4572,11.87923156,51.94524298
5724,7.45488,2.63542,13.93668161,49.36344969
5725,5.27365,1.80029,9.32038622,50.26694045
5726,3.3101,2.97059,13.65920203,52.56673511
5727,2.44398,6.1855,25.29485369,51.78918549
5728,11.9718,1.94054,8.94258254,52.64887064
5729,3.51533,1.66098,7.756970726,52.18069815
5730,13.09035,2.03136,11.38250637,48.85968515
5731,9.8885,2.15568,11.09675337,50.06707734
5732,24.58598,2.33001,12.4083511,48.06844627
5733,3.99638,3.26568,17.01740429,49.10882957
5734,9.08078,2.96265,13.091086,52.88706366
5735,3.2433,1.93055,9.454704828,51.93155373
5736,5.43918,2.04839,9.974104881,51.79192334
5737,12.75088,2.90258,15.47153129,49.60438056
5738,4.47428,5.2352,16.60065153,50.84736482
5739,3.99405,2.51237,12.14924373,51.03353867
5740,2.7631,1.60671,7.34092915,49.50034223
5741,5.59118,3.06306,13.89970014,52.15605749
5742,3.5494,3.71447,16.64841927,51.23340178
5743,6.7068,3.62685,17.34466662,51.50718686
5744,2.23448,3.09141,16.05292272,49.48391513
5745,4.47665,1.30981,7.449325167,48.42162902
5746,5.09213,1.89433,8.860986237,52.30663929
5747,4.94393,1.42447,8.513028502,47.91786448
5748,18.67073,3.61033,20.49188483,47.55099247
5749,5.77408,2.51262,12.68464538,47.64134155
5750,2.69675,3.94469,17.79377817,52.43805613
5751,10.98575,5.08812,25.71563648,49.5578371
5752,5.73233,2.86491,16.57315249,47.37850787
5753,21.21848,3.88672,18.53660796,50.71321013
5754,10.34128,2.29933,12.11368462,49.14168378
5755,2.98645,2.63197,13.20914224,50.7652293
5756,18.55648,7.34637,32.93674329,50.51608487
5757,22.8926,4.23847,21.49915586,49.43189596
5758,4.05025,3.90574,17.46153756,51.99178645
5759,7.78718,2.99795,15.77971023,48.32032854
5760,3.6707,0.880092,5.347580321,47.87405886
5761,19.16683,8.45478,40.90873995,49.10061602
5762,4.47673,5.2352,23.36873529,52.75017112
5763,17.58158,2.33739,13.65683142,47.8384668
5764,2.92628,0.836598,4.180945218,51.80835044
5765,4.43275,0.866771,4.533466372,50.84462697
5766,9.50158,1.4295,7.063994808,51.70978782
5767,5.2289,3.52845,19.28453455,48.37234771
5768,17.855,3.59557,18.8436016,49.12525667
5769,2.62275,1.73059,9.801133522,48.37234771
5770,9.664,4.54616,21.27074785,51.38398357
5771,15.9539,2.50799,13.35884609,49.9137577
5772,6.3974,1.78618,8.769599327,51.43326489
5773,11.34455,6.1706,30.47759384,48.59958932
5774,2.91,1.68545,9.107434569,49.65092402
5775,4.0978,1.86738,10.01075447,49.80150582
5776,3.47955,1.94188,9.991220665,49.99041752
5777,7.17853,2.98539,13.67152919,52.3394935
5778,3.58958,1.24193,5.876877659,52.12046543
5779,3.64933,0.945184,4.891688837,50.85010267
5780,15.93735,11.3816,48.50037267,49.72210815
5781,2.23563,2.07607,10.80067637,49.99863107
5782,17.82605,2.67446,16.38611157,46.71868583
5783,3.09728,3.21488,17.49128868,47.4880219
5784,13.1313,4.80366,19.11230993,50.84462697
5785,3.98115,1.50279,7.76678504,50.35728953
5786,5.2842,4.14361,18.66047219,52.42984257
5787,6.15945,5.19137,20.50705672,52.84325804
5788,2.22945,3.75759,17.5186692,52.30390144
5789,3.71773,2.3404,11.35933368,51.38945927
5790,4.05423,2.81717,14.227081,50.28884326
5791,18.5463,3.35597,17.56051041,49.7522245
5792,6.084,2.53798,14.03079472,48.93360712
5793,2.61968,0.65895,3.463433515,48.43258042
5794,3.29683,1.06995,5.551985933,50.17111567
5795,3.0222,4.33774,24.12128456,48.27378508
5796,3.51323,2.61302,12.62763228,51.96167009
5797,2.32428,3.03339,17.32985033,47.24709103
5798,4.97575,1.21113,5.695941059,52.04654346
5799,2.43678,1.21039,6.889589232,49.25119781
5800,11.16155,1.80028,8.791136294,50.75975359
5801,6.14975,2.38017,12.59562908,47.28542094
5802,4.97868,1.96973,10.08775179,50.31074606
5803,14.02108,3.93922,22.23392559,47.43874059
5804,7.01965,1.80841,8.439847856,52.71457906
5805,3.38903,2.42663,12.07042104,51.02258727
5806,8.25425,2.00681,11.20254172,46.275154
5807,5.00278,6.85976,28.59213134,51.96714579
5808,2.0094,1.56891,7.080968356,50.4476386
5809,3.9375,1.11405,5.788963688,50.4421629
5810,2.85578,2.91328,12.0972089,52.89801506
5811,15.63003,2.07766,10.70158499,50.62833676
5812,4.7335,2.06005,9.807368219,52.32032854
5813,3.41525,1.66245,7.778460281,52.03832991
5814,2.8899,1.87036,9.093649488,50.48323066
5815,14.91475,2.65962,12.82794859,51.02806297
5816,6.60343,2.5529,12.35359008,51.76454483
5817,6.67468,1.35085,6.65524285,51.80835044
5818,5.32923,2.12344,10.25041101,51.13483915
5819,19.4007,3.99063,18.86268499,51.00616016
5820,5.60243,2.13199,9.642693985,52.65982204
5821,4.42918,2.60636,13.87765349,49.14989733
5822,5.74473,1.07948,6.491505006,47.87132101
5823,3.39138,1.95939,9.060816577,52.08213552
5824,3.26538,2.17353,11.09090982,50.47227926
5825,10.38755,5.02571,22.25988374,52.14510609
5826,4.6972,3.47049,15.706577,52.99383984
5827,5.31338,2.66386,13.50772022,48.08213552
5828,7.12895,1.98186,9.209785538,51.74811773
5829,12.09075,2.21574,10.11471745,52.96919918
5830,16.08048,5.14198,25.12357732,50.83915127
5831,7.3928,1.84287,10.90872865,47.62491444
5832,17.30168,3.48452,18.20116703,49.98494182
5833,5.29798,2.31868,13.10329462,48.97741273
5834,10.2972,2.33272,12.41937443,49.57700205
5835,5.24748,4.6421,22.70223905,50.97330595
5836,3.56318,1.34645,7.201537442,49.76591376
5837,5.7782,1.62189,7.957796721,51.82477755
5838,12.51008,2.03123,9.886179057,51.42231348
5839,6.9189,3.61936,17.05746755,51.56194387
5840,19.22613,2.66661,13.42901606,50.22861054
5841,14.7665,4.61487,20.63329156,52.29842574
5842,12.39085,2.02995,12.52711853,46.74332649
5843,3.52058,1.94685,9.060816577,52.1615332
5844,6.32263,1.83672,10.88229638,47.47433265
5845,18.8355,3.41914,17.14565414,50.85284052
5846,7.45993,2.18284,12.81005051,47.33470226
5847,3.09885,3.11085,14.26275864,52.46269678
5848,8.96833,1.79672,9.163748345,50.74606434
5849,25.92435,3.06509,15.32076066,50.36002738
5850,6.1171,4.2824,19.21353486,52.78028747
5851,2.20983,2.16349,10.79303116,47.65229295
5852,13.854,2.04054,10.96382156,49.03216975
5853,6.39338,3.27341,14.95130152,52.83504449
5854,9.1305,2.27357,10.56181398,52.26283368
5855,2.15233,1.56407,7.331861577,52.1779603
5856,4.96098,4.00731,18.89528084,49.89459274
5857,3.53243,2.58487,13.73103143,49.15263518
5858,8.23835,1.89084,9.228525188,51.05544148
5859,2.98645,1.39839,6.591876518,52.5065024
5860,9.86953,4.45319,21.71061403,50.20944559
5861,3.53928,2.87758,15.20910506,47.52361396
5862,20.68675,1.77619,10.55762986,47.23066393
5863,2.71973,1.80004,10.14480046,48.36413415
5864,1.84138,2.76215,15.26813318,48.5229295
5865,2.85798,2.31764,11.17970091,51.35934292
5866,7.98918,2.83639,15.59290638,48.67351129
5867,8.25028,2.04717,10.4178233,50.49418207
5868,2.28248,6.86084,29.26514675,50.89390828
5869,26.59863,4.09185,19.82408477,51.79466119
5870,3.11968,3.04607,15.78101407,49.91101985
5871,4.1526,2.24608,11.38972487,50.66392882
5872,1.86688,0.661021,3.477763836,49.77138946
5873,7.12218,3.48056,17.26774042,50.9596167
5874,18.51513,3.17626,15.20211177,50.02600958
5875,3.43973,1.09571,5.291266545,51.3100616
5876,12.2295,4.01527,18.06307915,51.73169062
5877,7.50193,3.99827,19.51080901,50.82272416
5878,4.8371,2.65486,16.18804733,46.62833676
5879,12.09988,2.44033,11.85374753,51.70431211
5880,12.64018,5.50658,24.32254912,52.36960986
5881,7.64133,2.71218,15.2022303,48.48459959
5882,3.27735,0.762261,3.81353665,50.16837782
5883,9.3904,4.46654,19.98765667,52.08487337
5884,5.95725,1.54324,7.171193669,52.04654346
5885,7.49245,1.78058,8.481392748,51.21697467
5886,5.38855,1.50855,7.544327253,49.2238193
5887,8.0507,1.2793,6.603326551,49.70294319
5888,4.43158,2.3357,13.194563,47.06639288
5889,5.33793,2.63838,15.40029454,47.33470226
5890,7.56705,3.50253,16.58773172,51.03627652
5891,12.0306,3.13994,15.73087572,50.65845311
5892,6.32598,4.02284,17.92463569,52.73648186
5893,5.6846,1.69941,8.740440858,50.5927447
5894,10.58465,1.90513,9.846921801,50.6201232
5895,4.04548,2.04774,10.1020347,51.14852841
5896,4.61598,2.84479,13.04912625,52.96098563
5897,3.67213,1.94897,10.04030409,50.54346338
5898,4.51133,2.36415,10.9251214,52.48459959
5899,4.86175,1.14474,6.252132937,49.64271047
5900,10.2627,2.64345,11.81575855,52.09582478
5901,7.84828,2.85853,10.94039996,52.23545517
5902,5.12458,3.85793,15.50199359,52.85968515
5903,2.8787,4.40691,21.64909677,50.31622177
5904,12.8827,3.25049,16.30491827,50.48870637
5905,11.51175,2.98259,13.64758605,52.25735797
5906,4.52345,4.95589,22.65482691,51.07186858
5907,5.67895,2.09712,10.79176289,50.68856947
5908,6.11933,2.00529,10.73533058,49.63175907
5909,9.58753,2.92979,16.95837617,47.78370979
5910,4.02835,2.17547,10.08381659,52.19712526
5911,4.30385,9.3901,46.23774656,47.70704997
5912,3.7625,1.98181,10.62292824,49.12799452
5913,6.22253,7.30027,30.22749477,52.73648186
5914,6.40765,2.9077,12.99863231,49.57700205
5915,11.91753,2.73349,15.16287822,48.04654346
5916,15.85358,1.94557,11.55566737,47.18412047
5917,2.81728,1.54798,7.559119843,51.09377139
5918,7.96045,0.983155,5.092870423,51.76454483
5919,7.56398,2.03952,9.961943666,51.78644764
5920,15.81913,1.52511,7.905880421,50.39835729
5921,4.09118,1.74237,10.87877603,46.7980835
5922,15.85358,2.35841,11.45824727,51.84394251
5923,6.33478,1.90657,8.899544165,52.88980151
5924,18.27253,3.64403,17.32712413,50.20123203
5925,2.74803,2.99009,15.01649322,50.51608487
5926,4.0946,0.932207,4.745434221,50.82272416
5927,7.65873,1.74552,8.188219747,52.30663929
5928,12.75088,2.92341,13.27089656,52.41341547
5929,4.76445,1.33018,7.224212301,49.60711841
5930,5.3983,3.33405,15.89563293,51.69336071
5931,2.37283,1.64957,8.490353644,50.16837782
5932,3.89235,2.57191,13.02281251,50.30800821
5933,5.47478,2.4633,13.05576395,49.9247091
5934,7.57643,2.39403,11.62386975,51.35660507
5935,6.9236,2.94029,14.90317819,50.63928816
5936,2.68955,0.936324,4.660009388,50.59000684
5937,2.85495,2.91328,12.0972089,52.89801506
5938,11.92698,6.66527,32.60948095,49.36344969
5939,3.11133,1.4451,7.080849826,51.75633128
5940,7.20308,9.75853,43.66611179,51.15126626
5941,4.85565,2.40786,11.99254659,50.33264887
5942,13.05563,2.74985,14.28136791,48.7063655
5943,3.33165,2.20112,12.31293416,48.12867899
5944,5.59493,3.06306,13.97413721,52.98836413
5945,5.19433,1.86265,8.641610241,52.25462012
5946,8.83518,7.72902,37.0071945,49.0513347
5947,4.14218,2.84838,13.10056843,52.44353183
5948,19.99773,22.7849,79.40337198,48.67077344
5949,7.7803,1.82254,9.290646952,50.99520876
5950,5.30403,2.31868,11.72477464,50.23956194
5951,8.65565,5.09787,24.25605359,51.1321013
5952,4.19473,1.29918,5.977047669,52.68172485
5953,3.7871,3.3831,16.80073078,50.73511294
5954,3.30753,1.13348,6.802860565,47.21149897
5955,7.85245,1.60308,7.869835338,52.42710472
5956,5.84705,1.35256,7.01286081,50.52703628
5957,6.28323,1.84743,8.514842017,52.1615332
5958,3.0683,1.32676,7.594714511,48.61875428
5959,15.86018,1.6655,8.943412252,49.68104038
5960,2.0911,1.72485,10.20851053,47.3100616
5961,4.66398,1.9075,9.770896426,50.80355921
5962,2.86628,0.90723,5.682618246,46.40383299
5963,2.4556,2.0305,9.380208495,52.24093087
5964,6.30273,2.19075,10.69516064,51.18685832
5965,15.90838,2.27278,11.1027273,50.7652293
5966,10.97183,1.37209,8.506627863,47.97809719
5967,4.69848,1.20942,5.695941059,52.04654346
5968,9.37188,1.38464,7.438396668,48.61327858
5969,6.08535,1.76732,8.603170844,51.8220397
5970,1.95953,4.46735,22.88335345,49.75496235
5971,7.2984,3.73922,20.18133528,48.67624914
5972,11.42875,4.88053,24.20579671,49.50034223
5973,2.97548,1.30411,6.776914268,50.54620123
5974,2.98995,2.82707,14.21819122,50.42847365
5975,7.30005,1.91668,10.20342558,49.3908282
5976,6.42495,2.61681,13.22668473,50.18480493
5977,10.68255,5.75583,28.32093387,49.65913758
5978,5.02633,1.27598,7.688246821,47.49075975
5979,8.106,7.6804,36.88487117,49.57700205
5980,9.18013,2.67583,13.77832504,49.24024641
5981,18.70268,6.58524,31.07344597,50.55989049
5982,7.66018,2.25404,11.36387339,49.75496235
5983,3.40963,3.54914,16.13470867,52.25735797
5984,13.1437,2.84562,13.01309302,52.52566735
5985,3.88903,1.79469,9.621856347,49.67282683
5986,16.28315,2.15961,11.02160512,50.06707734
5987,2.32233,1.08333,6.195214656,48.81861739
5988,10.78765,2.79435,13.44821798,51.49897331
5989,2.62143,0.65895,3.813062529,47.29089665
5990,2.76105,1.76483,9.603981968,48.53935661
5991,9.69793,3.71437,19.21400898,50.05338809
5992,8.376,1.69078,8.71784897,50.36550308
5993,10.6664,2.34129,13.55987358,47.54825462
5994,6.56855,3.14491,14.96931814,51.75633128
5995,6.12385,1.45101,7.4373536,50.81451061
5996,3.13863,0.914892,4.77021892,50.06433949
5997,6.64658,2.5568,11.61330869,52.67624914
5998,17.87438,3.25436,15.56149583,51.49897331
5999,12.97998,2.71865,12.07883669,52.91718001
6000,20.75878,2.49138,12.63889266,49.85352498
6001,2.4706,2.39129,11.05000499,52.91444216
6002,8.26413,2.65555,14.05936054,49.73305955
6003,3.2684,1.29437,6.391903941,51.52635181
6004,5.85985,3.14923,15.79891215,50.90485969
6005,7.94983,1.97178,10.16244963,50.52429843
6006,3.12198,1.88565,9.243519279,51.60574949
6007,2.5783,0.984072,5.19662005,50.81724846
6008,3.76053,2.94328,14.15311805,51.63312799
6009,11.9639,2.05305,10.03035939,51.95345654
6010,7.74573,1.91015,10.26096021,49.3908282
6011,4.97008,3.28067,14.43403502,50.26146475
6012,6.21408,1.66854,8.580638222,49.7522245
6013,2.59835,2.10902,11.81645788,49.07049966
6014,7.4102,2.81647,12.93498151,52.06844627
6015,7.42588,1.59241,7.832059711,51.66324435
6016,6.47923,2.09299,10.71277425,50.29431896
6017,7.04265,3.30122,15.78599234,51.80287474
6018,12.38373,2.6179,12.68535656,50.40930869
6019,3.98393,2.34635,11.38646528,51.2991102
6020,5.7813,2.66574,12.87370131,51.58110883
6021,4.61735,3.03447,15.26754053,50.52703628
6022,2.19445,2.26777,10.52958558,52.12046543
6023,12.08493,4.48992,21.02527147,51.15674196
6024,4.63435,2.07233,12.1784022,47.42778919
6025,7.1874,2.02611,10.34832894,50.51060917
6026,15.54898,3.78599,18.05039641,51.55646817
6027,4.278,1.41089,6.616969396,52.28199863
6028,5.5226,2.92548,14.71637434,50.94592745
6029,10.8567,6.20196,27.06380084,51.816564
6030,6.0061,2.95122,14.79318202,50.41478439
6031,3.13725,1.62296,8.331167366,50.15468857
6032,3.9507,1.75113,8.165971598,52.41615332
6033,2.4738,2.33955,11.36601879,51.75359343
6034,4.04813,1.82355,8.398919321,52.59685147
6035,4.27088,2.29401,10.63705706,52.41067762
6036,2.07188,1.20885,6.565088655,50.55715264
6037,5.22643,2.44383,10.5261719,51.18959617
6038,2.72898,1.92573,8.969453373,52.18617385
6039,13.85443,3.83568,21.71156227,47.38672142
6040,7.78265,3.53371,19.29579494,48.53114305
6041,10.898,2.76607,13.28606844,51.40588638
6042,11.49595,5.31049,21.85391724,52.14784394
6043,2.32518,1.08333,5.571128586,51.43326489
6044,10.40038,3.32623,15.86540769,51.49897331
6045,7.04958,3.20228,15.9353406,50.22039699
6046,14.3912,1.9293,10.40722668,49.99315537
6047,23.36778,1.94668,10.49984631,49.64544832
6048,4.84818,2.288,13.46410105,47.8329911
6049,2.3947,1.24203,6.746286022,49.98220397
6050,6.71,3.80345,17.13877938,52.04654346
6051,9.71203,1.69901,8.351530882,51.61122519
6052,7.10598,0.966959,4.587089508,52.22724162
6053,2.7631,2.4978,12.0238386,51.73990418
6054,10.614,3.80014,18.90867477,50.29979466
6055,4.06225,1.65491,8.972902607,49.18275154
6056,10.6759,2.12352,11.9680108,47.75906913
6057,3.9549,4.78899,22.26782527,51.83025325
6058,4.93418,1.14405,6.577581756,47.93429158
6059,7.0909,1.57904,8.859492755,48.42984257
6060,6.58463,4.72476,21.53187024,52.70362765
6061,5.13713,2.79445,13.45284067,51.26078029
6062,5.7586,1.33867,6.585072875,51.80835044
6063,4.4662,2.51161,14.62747657,48.30663929
6064,1.63198,0.926116,4.489787933,51.59479808
6065,4.45203,1.67824,8.233557611,51.55373032
6066,4.4483,5.19565,23.07110554,50.66119097
6067,4.81825,1.65461,8.199373454,50.56810404
6068,2.99268,3.29383,16.43589432,50.83641342
6069,3.16548,0.826608,4.110715978,51.02258727
6070,7.02603,2.79777,12.20993127,51.77549624
6071,6.75265,4.98062,23.26916978,51.59479808
6072,2.59373,2.10114,10.74964905,50.94045175
6073,10.89853,3.33309,19.01464091,47.04996578
6074,4.8056,2.23181,9.567284967,50.81998631
6075,5.44533,2.65508,14.72407881,48.02737851
6076,7.64165,2.71218,13.75651546,50.23682409
6077,7.5815,2.51804,13.4568707,48.862423
6078,5.0872,7.16036,33.66558649,50.34633812
6079,3.84053,2.58743,11.96943317,52.3613963
6080,6.39218,1.64714,8.476568562,50.68035592
6081,5.05085,1.64992,9.372373638,47.26899384
6082,14.80005,5.98514,28.75795532,50.73511294
6083,7.65935,1.70459,9.625258168,48.20260096
6084,14.3746,2.15844,13.35742372,46.67214237
6085,4.11915,2.26636,11.6092668,50.35181383
6086,2.96153,2.28466,11.18441842,51.46885695
6087,10.38783,2.22415,11.87757214,49.62354552
6088,3.30615,2.33287,10.76715598,52.66803559
6089,18.58095,4.47148,21.72211148,50.89390828
6090,14.32168,3.30593,15.17236065,51.39493498
6091,19.02,8.22762,42.63300114,47.32375086
6092,2.764,2.01961,9.107387157,49.28952772
6093,6.47685,4.67595,21.7104955,51.96988364
6094,4.97008,4.25038,21.52463989,49.42642026
6095,12.40945,2.20659,10.76009157,51.92060233
6096,3.42163,1.98367,9.68093188,51.38124572
6097,12.12328,2.25264,12.63355879,47.96440794
6098,4.36323,2.01691,9.379959581,52.90349076
6099,3.16948,2.55595,14.91242356,47.80561259
6100,15.08208,2.56142,12.38286708,51.2881588
6101,2.10548,3.97698,18.69863896,51.137577
6102,7.47265,1.11266,4.783695822,51.04175222
6103,6.1051,1.35488,6.462062063,51.02258727
6104,5.57948,4.15638,21.48339132,48.36960986
6105,6.30055,2.55495,11.84898261,52.04928131
6106,2.85193,2.06924,10.54951053,50.11909651
6107,6.42263,2.80431,12.90926042,52.00821355
6108,2.11203,2.49911,12.65987253,50.23408624
6109,6.42783,2.27888,11.14427219,51.19780972
6110,7.55765,3.01752,16.64913045,47.33744011
6111,3.22313,2.14778,9.973500376,52.88980151
6112,3.04455,2.20346,11.77402401,49.70294319
6113,14.82145,4.81671,22.68185183,50.36276523
6114,3.61518,0.942699,6.23016926,46.62286105
6115,2.68955,2.72752,12.52889648,51.8384668
6116,5.79755,1.78842,9.631966987,49.09514031
6117,16.9566,1.59461,7.572395244,52.55304586
6118,3.0025,1.74694,8.99750951,49.79876797
6119,6.6325,1.81971,10.25933635,49.54962355
6120,3.1702,8.67872,34.44290862,51.29089665
6121,7.42625,4.61896,25.27671855,47.66872005
6122,4.62123,1.7348,8.531732594,51.72347707
6123,10.19398,2.54739,12.31625301,50.51334702
6124,4.8593,1.4861,7.669483464,50.21492129
6125,19.76205,2.18621,11.78984781,49.54414784
6126,15.83543,3.92917,18.63724024,51.3155373
6127,8.90363,2.50407,12.10716545,51.6495551
6128,3.62568,6.3389,31.14124534,49.98220397
6129,3.65788,2.91463,15.36449837,49.67830253
6130,8.91305,1.34664,8.0519928,46.88295688
6131,7.25535,4.27644,19.13518629,52.862423
6132,4.32303,1.52894,7.880846809,50.29158111
6133,6.8198,7.682,31.86724382,52.61054073
6134,4.7158,2.38127,13.82229981,46.4202601
6135,12.92065,1.17652,6.164053024,49.27583847
6136,3.72808,1.38298,6.563215876,52.74743326
6137,10.8969,3.72012,21.12116253,47.04449008
6138,19.3501,11.7086,34.32307442,47.21149897
6139,6.29385,3.88339,17.53301137,52.72826831
6140,3.04968,1.64459,7.710980945,49.97399042
6141,4.33115,2.19526,10.18358359,52.30937714
6142,8.91668,2.81133,16.36382786,47.95619439
6143,4.35178,4.46242,26.30959213,47.80287474
6144,9.37925,6.83574,28.62899429,52.39972621
6145,3.02885,2.24569,11.45712123,50.30253251
6146,14.49833,2.2861,11.66424119,50.81451061
6147,3.84803,2.53463,12.86327064,50.17932923
6148,18.58095,6.60168,28.90410326,50.39835729
6149,9.0762,6.89342,34.99134861,49.12525667
6150,2.58773,1.35829,7.012872663,50.03969884
6151,7.68355,2.26078,13.29472116,47.41136208
6152,5.92583,2.49302,13.84339821,48.45995893
6153,8.00773,1.54287,9.144463455,47.1321013
6154,3.9568,2.04412,10.3781986,50.23408624
6155,7.58853,4.02361,20.81239094,49.70841889
6156,3.06085,0.698738,3.51486384,51.60027379
6157,3.27718,1.29735,6.604843739,50.19849418
6158,8.89858,2.81133,14.17042349,50.49965777
6159,2.32075,1.14053,7.006827614,46.72689938
6160,8.4118,3.0508,17.64881553,47.70431211
6161,4.86253,1.14474,6.577581756,47.21149897
6162,6.97078,1.71234,10.23899654,47.94798084
6163,15.71363,3.31319,16.39547547,49.045859
6164,17.43893,15.6131,57.04427833,51.90417522
6165,10.36563,2.42452,12.30392585,50.56262834
6166,3.45013,5.09648,25.28252653,50.93771389
6167,2.1867,1.17214,6.058975856,50.74332649
6168,3.12173,2.26581,10.20264327,52.3559206
6169,3.60475,4.84836,23.56608834,50.20670773
6170,10.8435,1.48451,6.958064223,52.95824778
6171,11.01915,1.46471,8.798568148,47.42505133
6172,19.94515,4.9011,22.78912181,51.52635181
6173,5.56808,3.56643,17.64277049,50.49418207
6174,3.90283,1.39201,6.89789821,51.70157426
6175,17.3519,2.48961,13.86544486,48.91170431
6176,22.45725,15.7957,57.46494259,48.07939767
6177,3.17823,1.75327,8.956201678,50.38193018
6178,8.4323,1.23166,5.792685542,52.56125941
6179,21.58595,1.61234,9.308853216,48.64339493
6180,3.50115,1.83568,11.54255792,46.17659138
6181,8.80685,2.94447,15.53293002,49.16084873
6182,19.27718,2.77199,12.73525785,52.36413415
6183,3.88575,2.69895,14.96386574,48.85420945
6184,18.72835,2.61148,12.69495752,50.28336756
6185,3.14698,2.24126,10.36909546,52.99657769
6186,3.90168,1.49987,7.388613915,51.03627652
6187,5.1155,3.53092,19.28453455,49.51129363
6188,4.22255,2.15923,11.65191403,49.28131417
6189,11.25988,2.15458,13.35742372,46.67214237
6190,7.16025,1.59574,8.277141226,50.91581109
6191,3.6451,2.4179,11.14087037,52.03832991
6192,13.95685,3.16282,17.34229601,48.96919918
6193,8.16775,2.67876,16.45758538,46.71868583
6194,6.53588,3.20019,16.81246529,49.68377823
6195,5.6733,1.7087,9.643701493,48.61054073
6196,5.09523,1.64307,8.157081821,51.6440794
6197,4.27368,1.7665,9.053112104,50.87748118
6198,16.3479,3.63454,17.21617971,51.97262149
6199,16.33288,3.97984,19.66110552,50.97330595
6200,3.34515,1.81318,8.880520041,51.3045859
6201,3.28263,1.71829,9.259260112,49.41273101
6202,3.25498,2.3598,11.73695957,49.98494182
6203,6.11368,2.8783,15.09507885,49.9137577
6204,15.16325,2.86551,13.8531177,51.8329911
6205,4.04488,3.05306,14.66398392,51.65776865
6206,4.94755,4.12141,18.77473546,52.99657769
6207,3.63315,2.03023,10.23425532,50.63381246
6208,9.8433,2.35858,10.92587999,51.88501027
6209,1.79935,0.766484,4.640250376,47.22245038
6210,16.33288,3.97984,17.95379416,51.44695414
6211,4.29558,1.39747,7.944023492,48.28473648
6212,5.9028,4.64351,20.34443306,52.97467488
6213,3.78978,7.91434,33.25215259,49.80424367
6214,5.0894,3.14495,15.73028307,50.20944559
6215,5.56373,5.46736,20.70855834,52.84325804
6216,14.00488,4.21581,21.07161684,49.75496235
6217,6.50785,2.65707,14.72407881,48.32854209
6218,6.4221,6.90694,31.19434694,51.84120465
6219,3.25125,0.886668,4.352399389,51.86036961
6220,19.97158,4.9011,27.2065114,46.96235455
6221,3.1398,1.80476,8.81910946,51.4825462
6222,10.55773,3.25959,14.90815647,52.04928131
6223,9.44365,2.8142,14.18227652,50.7926078
6224,6.3356,2.9775,14.94727149,50.46680356
6225,12.83975,3.72775,21.16027755,47.44147844
6226,9.93463,1.49063,6.978202531,52.48186174
6227,8.736,4.01483,16.84055699,50.29431896
6228,17.23245,4.0869,20.81405036,49.01300479
6229,2.8009,2.46224,12.48800351,50.43942505
6230,7.0753,2.8452,15.0160191,49.63449692
6231,8.8131,3.11757,14.85612164,51.70157426
6232,3.85225,1.64275,8.958252254,49.79603012
6233,4.5169,2.12854,9.226296818,52.05749487
6234,16.51685,2.25085,11.98460505,49.49486653
6235,20.43898,8.57496,39.79704367,50.53524983
6236,5.88365,2.69438,14.58243503,48.85420945
6237,7.09983,3.1462,14.96931814,51.15400411
6238,6.15093,1.76695,8.625620495,51.35660507
6239,13.94648,2.05652,10.04944278,51.85763176
6240,19.07443,5.19562,23.96600979,51.48528405
6241,10.42353,3.91268,18.54395684,51.40588638
6242,2.86925,1.36751,6.846823476,50.99520876
6243,19.01443,4.05557,20.15905157,49.08145106
6244,10.02595,1.64692,8.131194789,51.61122519
6245,19.99428,2.81157,15.3431629,48.97741273
6246,5.39325,1.98765,10.11891343,50.9486653
6247,2.26388,1.86855,9.495988954,50.35181383
6248,4.28968,5.89967,24.75151051,52.55852156
6249,3.35965,2.64778,13.40139849,50.84736482
6250,13.9866,3.39924,16.33502499,51.15400411
6251,7.55428,3.86756,18.27738205,51.14852841
6252,11.01085,2.14372,10.41629426,51.3155373
6253,4.17783,1.47776,9.260670623,46.87200548
6254,3.97538,6.7321,32.44579052,50.89664613
6255,11.58395,6.91744,24.08963696,51.86584531
6256,16.11055,2.69068,14.98863859,48.15879535
6257,4.80253,2.20323,11.21611344,50.00958248
6258,7.99985,3.18299,16.72119691,49.7522245
6259,2.62175,1.9598,9.959430822,50.770705
6260,2.64685,1.25201,6.198604625,51.32375086
6261,26.5295,3.62956,16.65884994,51.60848734
6262,6.66573,7.47596,34.96444222,51.18959617
6263,5.97575,1.76215,9.999742999,49.229295
6264,6.08858,1.88794,11.16008414,47.89596167
6265,1.84843,1.01779,5.818691103,48.76933607
6266,14.04883,2.94647,17.28955,46.80082136
6267,3.79613,1.74398,9.388754534,49.74401095
6268,2.83693,3.6,16.23628919,52.75838467
6269,4.066,1.60896,6.645736715,52.50376454
6270,3.42288,1.51125,7.425227944,51.07186858
6271,5.19363,1.86265,9.551935285,50.11088296
6272,7.01615,3.43891,15.67374409,52.13141684
6273,6.73515,1.40305,6.891248657,51.6495551
6274,4.02953,1.55195,8.005493339,50.0971937
6275,2.58038,0.984072,5.905550154,48.76933607
6276,7.93443,4.15348,22.25775019,48.71731691
6277,10.57443,1.98357,9.366067822,52.32306639
6278,4.95318,1.85023,9.117272589,51.90691307
6279,4.28968,1.93813,9.437778692,51.60848734
6280,5.50578,2.11491,9.464412465,52.83230664
6281,5.90278,4.73732,26.36672377,49.0349076
6282,4.31758,2.81464,13.44003939,51.67693361
6283,7.8064,4.63791,21.71405141,51.62491444
6284,2.17293,2.08426,11.23993804,49.39356605
6285,13.6381,1.86752,11.67663946,46.85010267
6286,5.7323,2.14805,10.96426013,50.64202601
6287,3.18345,3.491,16.64782661,51.26351814
6288,6.8125,3.55875,16.24743105,51.09650924
6289,3.01093,1.73091,8.885130872,50.6255989
6290,10.343,1.23341,7.039387905,47.2936345
6291,5.77413,1.62857,9.702646643,47.4825462
6292,5.30278,1.39656,6.871169613,51.6495551
6293,3.1191,2.24476,11.38972487,50.28336756
6294,4.2871,4.33735,22.24483038,48.72826831
6295,1.9827,2.98441,12.51040575,51.8220397
6296,17.01343,2.36322,11.77488928,50.4421629
6297,5.31183,6.74038,29.62464934,51.84120465
6298,2.94178,1.15283,5.991022399,50.13552361
6299,7.91073,4.20339,19.44739527,51.3100616
6300,6.85905,1.96043,9.157892945,52.08213552
6301,6.63353,1.95578,10.49371829,49.79055441
6302,4.6998,1.51881,6.937250291,51.3045859
6303,12.9895,6.95205,32.62583815,50.07255305
6304,3.2252,2.19718,12.82048118,47.46064339
6305,19.25823,2.66661,13.42901606,50.60095825
6306,3.36103,1.65815,8.207658727,50.76796715
6307,3.40508,1.86798,9.573318163,50.35728953
6308,10.99025,1.71312,10.27802859,46.7761807
6309,14.49245,3.68803,16.72901991,52.09582478
6310,9.31595,6.17496,30.61568171,48.59958932
6311,2.7474,0.751852,3.979621395,51.18412047
6312,7.22798,1.17422,6.13386334,50.76249144
6313,24.53415,5.22054,22.96205761,52.65160849
6314,21.89853,7.27136,30.15779892,51.90143737
6315,8.53175,2.16815,11.08463956,50.40109514
6316,11.69403,1.74075,9.366423413,49.75770021
6317,19.4796,3.21833,14.63292897,52.07665982
6318,3.66658,3.28223,17.20586757,49.59069131
6319,8.72315,1.94327,10.55277012,49.87268994
6320,16.1329,10.8163,45.75129795,52.55304586
6321,14.85733,2.95729,13.59578828,50.93771389
6322,3.9851,1.28181,5.924147568,51.54825462
6323,11.57078,3.07849,14.86785615,51.58658453
6324,4.16615,1.38865,8.686485836,46.86379192
6325,7.47295,1.79009,8.78186722,51.57563313
6326,6.12385,1.45101,8.639014426,47.56741958
6327,3.21158,1.99968,11.73903385,47.6605065
6328,3.30508,3.18946,16.04569237,50.23956194
6329,3.43525,3.23542,14.55944014,51.36755647
6330,4.0456,2.04774,9.982970952,51.79192334
6331,5.58895,1.5421,8.316481453,49.53867214
6332,14.21535,2.28503,12.78255146,48.80766598
6333,2.26865,1.43283,6.686546719,52.37782341
6334,4.69453,1.89676,9.714535238,50.45585216
6335,6.96665,2.97277,14.94916798,50.45859001
6336,9.84955,3.06005,11.99230953,51.4880219
6337,8.62465,3.13124,14.93198107,51.57837098
6338,7.71945,4.36138,20.3882893,51.69883641
6339,7.2212,1.60142,8.277141226,50.91581109
6340,14.57465,3.99227,20.64064044,49.94661191
6341,23.8976,3.21361,16.83605283,49.81519507
6342,20.2238,6.67463,30.1159577,49.49760438
6343,14.85733,2.5575,13.59519563,49.78781656
6344,17.82393,2.67446,15.60558913,47.57837098
6345,9.0845,2.49459,11.22148287,49.77960301
6346,6.21408,2.29639,10.60993731,52.37234771
6347,6.7165,3.62685,19.82775921,48.74469541
6348,5.01863,1.4808,7.622189849,50.09993155
6349,4.79865,1.85259,9.114676774,51.90691307
6350,4.66408,1.9075,8.903514932,52.3559206
6351,17.08633,1.55826,7.671664423,51.26078029
6352,8.15228,5.21067,25.27114762,49.43189596
6353,3.61518,1.41428,7.361600845,50.13826146
6354,17.95253,2.51518,12.68571215,50.24503765
6355,6.28608,2.32399,11.45386165,51.52087611
6356,2.99935,0.744155,4.50601474,47.2936345
6357,4.40603,3.71365,18.40432807,50.72963723
6358,7.70348,5.07241,23.53787811,50.28610541
6359,2.95118,1.49949,7.293090295,52.15605749
6360,10.17065,2.42259,12.30973384,50.47227926
6361,5.31573,1.33971,6.935045626,50.37919233
6362,6.0133,3.54792,18.52119901,49.90554415
6363,3.87288,2.31872,14.22897749,47.51540041
6364,4.61355,2.90611,14.63909254,50.38740589
6365,3.358,1.85389,9.447024061,50.2532512
6366,3.779,2.61825,15.24288622,47.04449008
6367,4.14798,2.23499,10.81358433,51.58110883
6368,4.36013,0.651399,3.300371294,51.27994524
6369,3.20603,4.29609,19.70057613,50.56262834
6370,11.2998,3.22493,14.66208743,51.20328542
6371,21.51615,4.5109,21.72211148,51.43600274
6372,2.73563,3.78999,17.85221364,51.22518823
6373,4.2691,2.07213,12.37148816,46.74332649
6374,4.2727,3.65824,16.98741611,51.79739904
6375,10.41058,6.50075,28.27115112,51.94798084
6376,3.99095,1.91755,9.901433915,50.80629706
6377,3.72193,0.704986,4.221257395,47.89596167
6378,5.78018,3.17148,15.19535554,51.69336071
6379,14.61473,5.26834,24.36640536,51.56741958
6380,6.34658,2.64679,12.78492207,51.9945243
6381,15.99405,8.17336,37.38850668,50.52703628
6382,5.07933,2.51057,13.06536491,50.76796715
6383,5.57223,1.65625,8.988643439,49.95482546
6384,4.7915,4.71322,27.24005549,46.14647502
6385,5.67778,2.09712,9.784835597,52.05749487
6386,7.14503,2.55187,11.6611594,51.79739904
6387,2.9434,2.22109,11.31391284,50.43942505
6388,3.30138,2.04238,10.43721486,50.84736482
6389,3.04943,1.78715,7.291620519,49.50034223
6390,4.34983,6.55874,27.85795427,51.1156742
6391,16.9336,5.45995,28.61346681,48.37234771
6392,2.7035,0.3806662,2.267023585,47.00068446
6393,7.29993,2.68608,12.99815819,49.45379877
6394,10.99025,3.06262,15.43336451,50.92676249
6395,4.5106,2.12185,11.40527605,48.07392197
6396,4.96293,2.98429,14.41175131,51.19233402
6397,6.0907,2.70347,12.47425399,52.23819302
6398,13.0762,1.89972,11.67663946,46.95140315
6399,5.99305,2.27376,10.99338304,51.51813826
6400,2.45238,2.75505,16.00811824,47.17864476
6401,4.8874,2.33922,11.88492102,50.12457221
6402,6.32473,6.0233,26.32891258,52.58590007
6403,15.22433,2.52234,12.72802749,50.6255989
6404,5.54813,2.607,13.87765349,49.0294319
6405,11.64988,2.09924,11.75325749,48.04380561
6406,9.4163,2.55442,15.589469,47.44695414
6407,17.17865,1.77435,8.388524208,51.95893224
6408,3.41525,1.05318,5.769133558,49.61806982
6409,10.18723,5.96691,25.15664729,52.58316222
6410,2.73193,1.8097,10.71512115,47.52635181
6411,3.46598,2.80867,14.73296859,49.14168378
6412,3.35525,1.56528,7.405385961,52.7008898
6413,2.93598,6.2511,30.5071079,49.98220397
6414,10.28165,6.149,28.96680582,50.73511294
6415,1.59468,1.71914,10.70022189,46.92676249
6416,12.42365,5.02344,23.29915796,51.4934976
6417,6.54988,2.07211,11.95829131,47.11293634
6418,3.00968,1.15071,5.732472117,51.11841205
6419,6.04943,2.566,15.12281496,47.4825462
6420,4.3039,9.3901,38.93402409,51.92060233
6421,15.35295,3.60254,18.8436016,49.27857632
6422,5.21708,1.95029,9.069481147,52.07118412
6423,11.45068,4.75539,20.67667367,51.86858316
6424,3.2804,2.11273,11.42886359,48.24914442
6425,8.1223,3.91665,20.16474103,49.2019165
6426,10.36845,3.77634,17.15952219,52.29842574
6427,11.08038,5.35,22.56355853,52.64613279
6428,20.30283,2.38305,12.71842653,49.95482546
6429,4.18473,1.20181,6.459774427,49.84804928
6430,16.04565,5.50062,27.69284148,49.70841889
6431,4.97738,2.14282,10.34099192,51.23887748
6432,12.00033,3.09673,16.39488282,49.48939083
6433,8.25425,2.30943,13.49148156,47.26078029
6434,5.711,4.06208,17.71780021,52.40793977
6435,9.1014,2.23026,11.3182155,50.03148528
6436,7.50703,4.49913,20.9121935,51.87405886
6437,3.51975,1.94685,9.917980754,50.21492129
6438,15.0402,2.39296,12.1811284,50.31895962
6439,10.8678,1.87911,11.095734,48.21081451
6440,7.6108,1.45914,7.541968499,50.6146475
6441,3.92155,1.27147,6.277877732,51.16495551
6442,6.15075,2.18771,11.15968114,50.54072553
6443,6.06978,1.31225,6.983346749,49.10609172
6444,6.5639,2.89307,15.24893126,49.76591376
6445,7.4818,2.47243,12.47567635,50.66119097
6446,3.94098,1.80229,9.28978168,50.67488022
6447,3.4939,1.83663,9.035427373,51.77002053
6448,22.67358,4.23847,21.92622076,49.5633128
6449,3.4939,2.03152,10.34297137,49.36344969
6450,4.40458,3.19538,15.43751307,51.28268309
6451,3.9464,3.21617,14.7259753,52.5174538
6452,3.6962,2.76706,14.66315421,49.22108145
6453,5.72928,1.09348,5.549259734,51.90691307
6454,4.25168,4.31117,21.20294848,50.28336756
6455,2.51138,2.68414,12.96319173,51.29637235
6456,3.87068,1.49758,7.363888481,52.24914442
6457,1.59468,1.09541,5.180938483,51.71252567
6458,13.27608,2.05951,12.71036647,46.73785079
6459,5.91895,2.43724,11.86548204,51.6550308
6460,11.4501,4.75539,20.70666185,52.57494867
6461,9.23315,1.98894,11.19813239,48.19438741
6462,7.75823,3.10532,17.93731844,47.70157426
6463,10.62815,2.18463,11.83471156,49.68651608
6464,10.9931,3.82518,20.18619503,48.3613963
6465,10.48593,3.12372,16.39097132,49.24298426
6466,16.0257,4.49736,22.03029042,50.92402464
6467,5.12028,3.85793,19.99867999,49.30321697
6468,12.19535,3.42369,16.2839384,51.97535934
6469,9.48088,3.89647,17.43652765,52.96646133
6470,9.2809,1.22218,7.301624481,46.98699521
6471,7.66605,4.16867,20.48548419,50.69130732
6472,4.85978,1.71141,8.80458949,49.43189596
6473,4.31538,1.72355,9.300295324,49.52498289
6474,18.09068,3.02652,13.8624816,50.30253251
6475,16.8981,18.2881,67.44567332,48.67077344
6476,17.47305,7.50548,37.73864537,47.47980835
6477,10.98883,3.28033,16.32044575,50.94592745
6478,5.94,1.82716,8.488599394,49.98220397
6479,11.7504,3.53433,19.0430882,48.43531828
6480,15.17773,8.70034,38.69530394,50.82819986
6481,9.03933,2.88175,13.88180205,51.84941821
6482,3.74203,1.1717,6.858593542,48.85420945
6483,2.99918,1.07942,5.349109362,51.71252567
6484,2.75398,1.37561,7.417037496,49.42642026
6485,8.08055,13.0712,57.03301795,49.63997262
6486,4.5102,3.67338,16.60005888,52.56673511
6487,3.50563,3.24125,16.22111731,50.81177276
6488,11.94843,4.63381,26.11532087,46.7652293
6489,5.42798,1.79832,9.310358551,50.60095825
6490,3.90875,2.74736,15.15635905,49.65639973
6491,4.1193,1.77862,10.13752269,48.52566735
6492,8.2047,1.60944,7.341000268,51.54277892
6493,11.79193,15.8728,57.82183751,51.55373032
6494,5.34318,1.42319,7.705540401,48.33675565
6495,10.61633,3.35182,17.44861775,50.14921287
6496,5.77413,1.62857,8.80166179,49.5687885
6497,4.34578,1.28311,6.655479911,50.03148528
6498,1.71213,1.2094,5.974997094,51.94798084
6499,22.5739,1.77098,8.388524208,51.95345654
6500,11.759,2.49795,12.59894793,50.22861054
6501,8.75578,1.46901,8.798568148,47.78918549
6502,11.7091,1.74837,9.005948872,50.74880219
6503,3.96368,2.01854,11.37426851,48.83778234
6504,4.19903,2.12657,10.88396766,50.24229979
6505,13.56535,2.26006,10.92192108,51.12388775
6506,3.20403,1.77456,8.284537521,52.36687201
6507,19.36765,5.9061,30.23140627,49.14715948
6508,8.68505,4.50033,19.89591417,52.40793977
6509,3.90383,1.39201,7.939922342,48.28473648
6510,7.00323,2.82465,16.35861253,46.66119097
6511,15.20433,2.1117,11.80334842,48.09582478
6512,6.76525,1.40305,6.986487804,49.15537303
6513,12.79238,4.4489,21.78125813,50.31348392
6514,11.73938,3.29923,18.93024729,47.79192334
6515,2.57358,1.46036,7.90220598,49.9137577
6516,5.20503,1.60512,9.071863607,48.45722108
6517,14.98125,2.51874,12.84560961,49.02121834
6518,5.4897,1.32097,7.178850731,49.5687885
6519,3.75125,1.39463,7.939922342,48.60780287
6520,7.43748,1.24266,5.879248266,52.94455852
6521,10.63675,2.79881,16.24008216,47.95619439
6522,4.01253,3.00929,13.70874772,52.07939767
6523,7.59093,3.56828,16.55395057,51.16769336
6524,5.26415,1.36674,7.10623903,49.5687885
6525,8.06465,4.56913,22.40958758,50.57357974
6526,3.57388,1.77831,10.63805271,47.71526352
6527,11.37665,3.34205,16.70744739,50.05338809
6528,18.55648,3.9522,22.44313168,47.59206023
6529,2.92625,5.69316,29.01967037,48.76659822
6530,15.23895,3.77432,18.59966611,50.85831622
6531,15.85358,2.52614,14.666236,47.69336071
6532,14.0902,4.00478,19.27600036,47.07186858
6533,3.41953,1.76823,9.106296678,50.37919233
6534,23.0678,11.7079,56.50283163,50.39561944
6535,4.6242,2.16077,10.49893362,51.56468172
6536,2.11203,0.794517,3.780028116,51.4770705
6537,3.42928,0.891104,4.665070635,50.5982204
6538,10.3288,3.84837,17.81132066,51.99726215
6539,17.79283,3.96633,18.8076869,51.00616016
6540,3.13438,2.67372,12.34327793,52.54209446
6541,6.05155,5.53577,23.63685097,52.80219028
6542,4.49233,2.16042,11.53768632,49.61533196
6543,12.42365,5.34521,22.8597659,52.27926078
6544,6.0234,2.86512,16.57315249,47.37850787
6545,26.07633,3.31584,15.1464025,52.88980151
6546,5.6463,2.42816,11.79311925,51.65229295
6547,11.65705,2.94221,15.13834244,49.71115674
6548,3.41778,1.84155,9.447024061,50.62286105
6549,7.47528,2.24704,11.3828501,50.61190965
6550,10.73168,2.05778,11.54572268,48.5229295
6551,2.93503,6.2511,31.39430767,49.79603012
6552,4.0323,4.73689,24.96605046,48.83778234
6553,4.84855,7.02536,30.36321204,50.73785079
6554,7.26795,1.63359,7.318455793,51.29637235
6555,5.55278,1.30724,8.070981365,47.52361396
6556,5.73233,4.94765,22.98422279,51.1266256
6557,2.00653,3.93287,18.62289806,51.137577
6558,16.85118,2.04929,10.96382156,48.74195756
6559,2.55003,1.18208,6.445408547,49.5523614
6560,7.73953,6.50255,29.31990778,51.15400411
6561,6.09078,1.75921,9.041507981,50.88295688
6562,2.70043,1.28452,6.090516786,52.63244353
6563,5.18593,2.74567,15.95418693,47.6605065
6564,4.93818,1.91418,9.383645875,50.32443532
6565,5.28633,1.9164,11.26543393,47.20876112
6566,15.7999,4.69226,22.83179274,50.53251198
6567,4.8462,1.32044,6.914207988,50.04243669
6568,3.35233,2.30295,11.74948822,49.48391513
6569,6.16228,2.3738,11.52428053,50.75154004
6570,7.25955,7.92092,28.85064607,52.04654346
6571,20.7741,2.00742,9.762006649,51.40041068
6572,4.56485,4.26096,20.03293527,51.52087611
6573,12.83975,2.77243,16.40246876,46.89390828
6574,3.2386,1.05649,5.517695098,50.54072553
6575,5.14205,0.483059,2.640133464,51.6550308
6576,7.98815,1.82983,8.599022281,51.21697467
6577,21.0217,1.17432,6.457581616,47.69609856
6578,2.43883,1.21039,5.645660479,52.44353183
6579,4.64725,2.54069,11.68363275,52.95003422
6580,5.97983,2.84202,14.96232485,49.98494182
6581,3.82218,0.930584,4.665995171,50.18754278
6582,1.84915,1.693,8.637817269,50.59548255
6583,12.57065,2.54338,11.81523702,51.9835729
6584,2.69788,4.96117,21.08299576,52.21629021
6585,3.15628,1.84382,10.36479281,48.07118412
6586,8.8593,3.52344,15.65963897,50.13004791
6587,13.68913,3.79075,18.02230471,51.77275838
6588,3.87288,2.13361,11.45759535,49.18275154
6589,2.23428,3.09141,17.32985033,47.26351814
6590,10.83438,3.55945,17.70867337,50.69678303
6591,3.11463,0.981025,5.177809281,50.20944559
6592,3.35965,5.90387,29.66056404,47.10472279
6593,6.74458,1.573,8.062565709,50.03696099
6594,2.80705,1.30608,5.314723704,52.01916496
6595,8.71923,1.94327,8.817295945,52.55304586
6596,11.37665,2.02979,9.938296858,50.15468857
6597,6.5928,4.96535,22.97794068,51.91512663
6598,12.05003,9.7836,42.38539122,50.92950034
6599,4.17998,2.2062,11.09782014,50.45859001
6600,5.98395,5.77996,26.35996754,52.20260096
6601,6.15188,2.94382,14.15311805,51.93429158
6602,9.17738,2.04707,10.34231946,51.04175222
6603,9.7773,2.50679,12.16346737,51.47433265
6604,8.57725,4.26625,22.84696463,48.42162902
6605,9.44038,1.34645,7.438396668,48.38329911
6606,21.7194,2.90491,12.24655716,50.69678303
6607,7.34975,1.66967,9.052792072,48.72005476
6608,5.88438,3.76058,17.84723536,51.01163587
6609,6.33968,5.51351,26.49769982,51.20328542
6610,8.38353,2.07465,10.58585194,50.70773443
6611,12.95128,2.62597,15.29314309,47.33196441
6612,17.24158,2.87549,15.94399332,48.23271732
6613,6.15623,6.38318,29.00556525,51.77549624
6614,8.5196,3.10616,16.32720198,49.47843943
6615,24.22338,4.78995,24.39769737,49.54140999
6616,11.93953,1.86973,10.04626617,48.90622861
6617,3.6027,3.70239,21.06972036,46.28610541
6618,10.14983,3.56064,19.38706332,48.60780287
6619,22.18425,9.64858,40.28467758,50.39561944
6620,14.40693,3.69278,16.68089659,52.73648186
6621,3.14943,1.58952,9.034811015,48.72826831
6622,5.93603,3.74833,22.13578244,47.1211499
6623,9.90018,1.69174,10.59193255,46.98973306
6624,3.8746,1.80049,9.143918215,50.44490075
6625,3.46363,1.00054,5.257627628,50.32169747
6626,6.9236,2.91764,14.01834903,51.52908966
6627,6.07683,1.31225,6.983346749,49.10609172
6628,6.37105,1.51105,9.220642919,47.3045859
6629,6.0718,1.31225,6.983346749,49.60164271
6630,4.4019,1.17184,5.756403397,51.22792608
6631,7.84445,2.05556,12.00475522,47.69883641
6632,9.01983,2.93228,14.10594297,51.36208077
6633,7.8565,1.60909,7.935524865,51.94250513
6634,6.02893,2.69774,12.01281528,50.70225873
6635,17.83265,3.45133,16.42901956,50.05612594
6636,6.14113,4.78235,24.72448558,48.97741273
6637,3.5628,1.68649,9.107434569,49.54962355
6638,10.37485,2.64861,14.78097339,47.96988364
6639,3.85113,0.82697,4.822158925,48.85968515
6640,15.48903,2.02766,9.886179057,51.72347707
6641,8.94228,3.13065,14.93198107,51.78918549
6642,6.46293,2.46882,13.10056843,49.83436003
6643,3.6141,1.6689,10.34224834,46.29158111
6644,9.99173,1.9756,10.17508497,50.5927447
6645,7.7514,2.71709,13.71301481,50.23682409
6646,13.32348,3.95469,22.27541121,47.21971253
6647,6.4891,1.84083,9.498975919,50.02600958
6648,3.5707,5.09809,22.9210461,51.34565366
6649,5.00898,3.43661,15.64019999,52.93634497
6650,9.51273,1.91817,9.443290354,51.41683778
6651,13.09998,2.05761,11.5723683,48.47091034
6652,9.7072,2.24142,10.94264019,51.28542094
6653,14.62265,4.05489,16.42309305,50.6036961
6654,3.16758,2.0067,9.053503254,52.56673511
6655,10.3488,4.88457,20.20243369,50.06160164
6656,3.33508,1.73576,8.513870068,49.70294319
6657,4.45598,3.04766,13.94936436,52.58863792
6658,1.8119,2.04305,10.36470984,50.16290212
6659,15.49598,6.94317,29.8231877,52.10130048
6660,6.9124,2.85681,14.41281808,50.45037645
6661,3.18835,1.35765,7.012872663,50.37371663
6662,3.4663,6.48905,29.50362984,51.77549624
6663,2.04863,1.96738,10.57485232,49.79329227
6664,15.48183,2.02766,10.94791479,49.81245722
6665,8.85395,1.36668,6.464788262,51.60027379
6666,13.1437,2.5798,12.44936261,51.24161533
6667,7.16605,2.08957,10.16287634,51.44147844
6668,9.82468,6.86612,32.20007708,50.60095825
6669,6.35985,2.67237,12.31364534,52.678987
6670,6.98745,1.99363,9.033613859,49.28952772
6671,3.123,2.61742,10.49995299,52.82956879
6672,4.46635,1.68612,7.891799014,52.10403833
6673,3.65543,1.17872,7.069257557,47.53456537
6674,10.37463,2.41381,14.09883115,47.75633128
6675,8.848,5.69571,25.04641405,52.75017112
6676,7.14895,2.5308,13.55999211,49.52224504
6677,24.7117,7.81125,34.19790636,50.99794661
6678,11.03693,3.45005,15.59859584,52.27378508
6679,6.83145,2.14294,10.41892563,51.19780972
6680,11.71375,1.74075,8.562313427,51.23340178
6681,7.51505,1.70577,8.592289756,50.37919233
6682,2.4325,3.40923,17.80088999,49.43189596
6683,8.69585,3.97725,19.65375663,50.40930869
6684,8.2276,2.29115,11.73870196,50.50513347
6685,17.30168,2.90382,16.10495755,48.29568789
6686,2.42015,2.0679,10.09705643,51.97535934
6687,6.02265,1.79109,9.635617722,49.12251882
6688,6.35743,4.43567,24.39746031,47.75085558
6689,3.9316,2.82872,15.63391789,47.34839151
6690,17.31575,1.7356,9.665131782,48.60780287
6691,4.2354,2.45902,14.37607367,47.24709103
6692,11.16885,2.07708,10.61367102,50.61738535
6693,3.10718,2.04216,10.43721486,50.81451061
6694,6.74788,1.87625,9.640027051,50.77891855
6695,4.27943,1.20915,6.01479959,51.40588638
6696,6.7363,1.76354,10.43688298,47.84941821
6697,8.70335,9.8188,42.81186346,50.7816564
6698,20.9154,4.70761,20.85849925,52.38329911
6699,4.72678,1.36411,8.181250162,46.91033539
6700,4.65163,2.00429,9.347458555,52.30116359
6701,10.86023,1.73172,10.27802859,47.52635181
6702,2.6543,1.11355,6.365447964,48.42710472
6703,5.38715,3.58488,17.08721867,51.20876112
6704,8.5051,1.86002,11.37884378,46.82819986
6705,2.56295,2.53656,11.63969355,52.34770705
6706,7.46318,7.418,30.86815138,52.42436687
6707,3.58313,2.94509,15.36769869,49.99315537
6708,2.57405,4.80204,20.54178612,50.19028063
6709,8.96833,1.37519,7.899859079,48.77754962
6710,8.0296,6.33653,28.72690037,50.32443532
6711,6.85213,1.90489,10.70868496,48.8569473
6712,14.33375,1.90464,10.33256441,49.60985626
6713,6.15298,2.39403,12.16643063,50.84736482
6714,11.54403,4.31607,20.06541259,52.08487337
6715,4.8426,1.29431,8.22016368,46.65297741
6716,7.67068,1.39936,8.067769192,48.23271732
6717,4.21755,2.73334,12.60096294,52.10130048
6718,8.47468,3.10064,14.189981,52.0109514
6719,7.05403,3.83411,18.99626871,50.84462697
6720,4.33865,1.69,7.890364797,52.10403833
6721,20.30283,2.19195,13.52621096,46.90759754
6722,7.32903,3.73302,17.89535869,51.27173169
6723,3.04353,0.755175,3.434843992,52.93908282
6724,10.15223,1.79162,9.659134146,49.25667351
6725,3.38173,4.50252,22.84909817,49.41273101
6726,3.5161,1.2341,6.658632818,49.43463381
6727,5.32758,2.63587,13.9916797,49.57700205
6728,3.6166,3.99317,18.80069361,51.56194387
6729,3.64903,1.89307,9.654878906,50.42847365
6730,4.91523,1.44214,6.75623072,52.65982204
6731,2.32548,3.70916,18.47568335,50.39835729
6732,8.4217,2.96441,16.30740741,48.04380561
6733,3.75658,1.42547,7.373193115,50.7980835
6734,4.26705,1.34182,6.962769878,50.15742642
6735,14.73098,3.49692,18.25249068,49.98494182
6736,8.94855,1.92219,9.842796944,50.6201232
6737,20.40545,4.63314,22.64925598,50.59000684
6738,11.5936,1.53266,9.113894474,47.1211499
6739,4.1938,1.29918,6.156158901,50.50239562
6740,12.79733,3.85032,22.02033387,46.25598905
6741,20.69568,1.54877,9.600568293,46.91581109
6742,7.17625,3.08261,14.78405518,51.75633128
6743,6.42855,1.49554,8.928655222,47.03080082
6744,3.43613,4.09592,18.49132936,52.44626968
6745,11.53988,1.54196,8.77054757,47.42505133
6746,3.75475,1.39154,7.212643737,50.13826146
6747,3.44983,1.18071,6.738036309,48.94455852
6748,5.36623,2.90933,13.27788985,52.36687201
6749,3.48823,3.32723,18.28271592,48.88980151
6750,6.89608,2.94852,13.85299917,51.79739904
6751,7.2482,1.7581,9.029820887,50.32717317
6752,2.3267,4.41784,19.00729203,52.84599589
6753,7.30035,2.68608,13.48093236,50.81177276
6754,12.5425,1.94653,12.08144436,46.55167693
6755,8.45378,1.94202,10.01497415,50.83093771
6756,11.30253,3.90636,16.40875087,51.72347707
6757,7.50193,2.50697,10.90751964,52.41067762
6758,13.28273,6.07289,28.8082122,50.28884326
6759,9.48663,1.10217,6.50436555,47.70431211
6760,6.8514,3.3068,15.00037309,55.32922656
6761,12.83215,2.23843,10.87740108,51.12388775
6762,11.7561,3.7988,19.30587002,50.35455168
6763,20.73423,3.00437,16.60219242,48.04380561
6764,9.80888,1.23655,7.203730254,48.06844627
6765,4.60525,2.19641,10.01201089,52.1779603
6766,5.43423,0.758819,3.940968644,50.47775496
6767,2.09868,1.68159,8.234624384,51.68514716
6768,14.80813,4.81671,24.81658368,49.83436003
6769,3.97623,1.43664,7.419218455,50.50787132
6770,7.28523,1.57449,8.859492755,48.42984257
6771,4.34725,1.32722,6.870529549,50.37919233
6772,29.65673,4.09947,21.30014338,49.94113621
6773,21.21518,4.47388,21.72211148,50.51882272
6774,19.63448,6.02889,26.21808669,52.79397673
6775,3.00768,1.66535,8.160874792,51.19233402
6776,4.51695,1.89695,9.238458033,51.35112936
6777,25.82995,3.20395,17.15904807,48.81861739
6778,8.4118,2.30302,13.50629786,47.41957563
6779,11.94075,2.48387,13.79349693,49.57700205
6780,3.0666,1.75029,8.165971598,52.99110198
6781,8.28155,2.27039,12.10171305,49.86721424
6782,2.48748,3.00662,17.37595864,47.39493498
6783,2.9691,7.21836,30.81907981,50.89390828
6784,2.30653,1.04404,4.938093474,52.5284052
6785,3.17885,0.583709,3.577720492,48.40520192
6786,1.99103,0.91917,4.347717439,50.56262834
6787,12.33323,3.65363,20.52365097,47.25804244
6788,2.30035,3.87678,13.08492242,52.28199863
6789,4.08528,2.59363,11.94228971,52.18617385
6790,25.17318,3.82094,20.79247784,48.1889117
6791,16.3584,2.48583,14.83561589,47.8275154
6792,6.9473,3.38759,15.3833447,52.13141684
6793,7.29993,1.38144,8.257180713,47.07734428
6794,3.76053,5.77649,25.87043714,52.3504449
6795,9.0947,1.46249,6.875413,52.48186174
6796,2.31823,1.27982,6.558130923,50.29979466
6797,8.14433,8.09022,32.0580777,50.96235455
6798,6.15015,4.23632,23.65830496,46.49691992
6799,2.9662,1.40218,7.23248572,50.12731006
6800,4.58795,8.08663,35.99648609,50.19575633
6801,4.66375,2.48297,12.56078115,50.48323066
6802,3.76683,1.47697,7.582233264,50.57084189
6803,6.26783,2.91009,13.96050621,51.82477755
6804,7.98918,2.69224,13.48093236,51.4770705
6805,22.88143,5.12595,24.7729645,49.65092402
6806,10.3629,8.04911,40.25160761,49.22108145
6807,3.89798,2.85934,13.71028862,51.25804244
6808,2.68393,0.901192,4.223082762,52.15058179
6809,6.30225,3.52132,16.75770426,51.66872005
6810,2.37163,2.51931,13.3690397,49.38261465
6811,4.1216,2.44623,11.32031348,52.59685147
6812,4.13638,0.739853,4.447662242,47.91238877
6813,4.8931,5.56097,30.27692193,47.58932238
6814,3.65543,0.844261,4.446204318,50.88843258
6815,4.54063,4.15443,18.68287443,52.99657769
6816,4.5297,1.14784,6.27966754,49.60985626
6817,17.27285,1.7356,10.17472937,47.14852841
6818,5.38148,2.76673,16.00752559,47.17864476
6819,9.5706,5.09356,23.62985768,50.85557837
6820,10.8732,1.87911,9.623598743,50.31895962
6821,11.15465,6.40793,29.72919312,51.08281999
6822,6.87503,1.4186,6.860335938,51.4661191
6823,2.97038,1.22979,6.399762504,50.56536619
6824,12.08678,4.36811,20.46462285,51.9890486
6825,9.17125,2.73441,16.7028247,46.6146475
6826,3.70343,1.93991,9.462338184,51.69883641
6827,3.21048,2.45332,11.32864617,52.29842574
6828,3.41803,2.21736,11.31735023,50.21492129
6829,15.82308,3.74458,18.59966611,50.02327173
6830,17.6211,4.40195,19.8238477,52.27378508
6831,16.52348,5.21839,23.09611545,52.81314168
6832,3.07828,1.92483,9.008983249,52.12046543
6833,13.4778,3.60665,16.32364607,52.75017112
6834,11.4006,1.3415,7.181470252,50.02874743
6835,5.46015,0.916052,5.621314342,46.84188912
6836,3.55708,4.32628,21.20247436,50.36550308
6837,3.50223,1.3084,7.092382831,49.52224504
6838,5.39615,1.48893,6.88911511,52.91991786
6839,12.79085,5.27647,27.6425846,48.64339493
6840,2.35515,2.76568,14.56465548,49.3908282
6841,3.2959,1.27434,6.391903941,51.74811773
6842,3.137,2.29554,12.25117984,49.50855578
6843,3.32915,1.66702,7.449822995,52.91991786
6844,5.05253,2.33542,12.44876996,49.72210815
6845,6.1312,2.89769,13.86082218,51.80287474
6846,5.19363,1.58318,7.774667309,51.4934976
6847,4.1049,2.18975,11.17663098,50.70499658
6848,13.78735,3.42294,16.98694198,50.53798768
6849,3.69368,2.46438,10.07695368,50.32169747
6850,3.7632,2.94328,14.14162061,51.38124572
6851,3.85533,2.26007,13.25299847,47.89596167
6852,3.9085,2.78418,13.29614353,51.77275838
6853,7.85483,1.60909,7.935524865,52.23819302
6854,4.516,1.2687,6.256755621,51.99726215
6855,3.39913,2.04221,9.468679558,52.5174538
6856,4.76433,1.98458,10.62919849,49.94113621
6857,1.53405,1.17309,5.743317645,51.11841205
6858,4.762,2.66046,11.3272238,52.06023272
6859,6.00323,3.41659,15.50116388,52.60506502
6860,8.5909,5.50737,27.25534591,50.63655031
6861,4.90703,1.4776,6.903326901,52.8733744
6862,4.00443,1.60321,8.274023877,50.08350445
6863,13.91678,5.52151,24.39034849,52.21355236
6864,14.72148,2.23572,11.95390569,48.71731691
6865,7.90338,2.25882,10.96523207,51.32375086
6866,10.79858,10.7618,46.73509996,50.34360027
6867,9.18903,2.80985,14.88362068,49.31964408
6868,2.97208,2.43614,12.24762393,50.13278576
6869,5.13603,1.42169,6.681058763,52.55852156
6870,4.91328,5.81596,26.57237395,51.19233402
6871,6.69725,2.79224,14.06220527,50.81177276
6872,22.19913,5.17855,26.18430554,49.31143053
6873,2.35498,1.37958,7.467081016,49.97946612
6874,1.6592,2.81956,14.73296859,49.41273101
6875,6.4286,2.66693,13.45402597,50.18480493
6876,3.01655,1.76421,8.665541521,51.39767283
6877,2.747,1.64425,7.700905864,52.35865845
6878,7.67378,1.87849,11.09752381,47.50718686
6879,4.58628,1.67972,9.998830315,46.99247091
6880,6.74935,1.98956,9.700038975,51.1266256
6881,16.97285,4.64698,22.67545119,50.18754278
6882,15.41608,5.91958,28.27103259,50.13278576
6883,7.32618,0.93175,4.468440615,51.27994524
6884,12.17415,4.06616,19.34225884,50.30253251
6885,11.01123,3.43839,15.69389425,52.10951403
6886,19.9068,1.44914,8.067781045,48.5229295
6887,6.4123,2.46116,12.44047283,50.20944559
6888,3.3678,2.25363,10.99770939,50.4257358
6889,11.2853,1.48295,8.113450794,49.96851472
6890,4.40553,1.17184,5.756403397,51.00342231
6891,10.6078,5.48602,24.07873216,51.13483915
6892,9.99463,1.18679,6.720837553,49.89185489
6893,6.3356,2.9775,14.20088579,51.01163587
6894,10.272,2.64345,12.99365404,51.3100616
6895,3.27153,1.93804,9.462350037,51.61670089
6896,8.55363,1.57918,7.418080563,51.18685832
6897,6.0234,1.3348,5.549046379,52.21081451
6898,4.51695,2.60709,12.51751757,51.3100616
6899,8.25208,2.00681,9.790987322,51.16221766
6900,5.31978,2.05786,12.14817696,47.52087611
6901,8.4217,2.96441,14.96635488,50.63928816
6902,5.961,4.11839,19.29626906,51.31279945
6903,7.0036,2.32358,10.76218956,52.71731691
6904,13.5017,2.53403,13.30681126,49.02121834
6905,6.79925,3.47479,17.37192861,50.10540726
6906,4.13493,1.27137,6.758044234,50.28610541
6907,19.4791,8.37986,39.79704367,50.12183436
6908,3.18768,1.37623,7.834323641,48.62696783
6909,2.65718,0.826693,4.110715978,51.8110883
6910,10.90248,2.49014,10.47468231,51.2991102
6911,12.57913,4.27872,21.82665526,50.02053388
6912,5.26815,2.62326,13.79527489,49.16632444
6913,4.84303,1.13865,5.627655717,51.40862423
6914,11.87785,2.87769,14.62581714,50.69952088
6915,11.19813,2.40119,10.56647223,52.30663929
6916,2.94998,2.24767,11.38972487,50.87200548
6917,15.6385,3.76498,17.79768967,51.50444901
6918,2.83685,1.99816,10.70536611,49.84257358
6919,3.8273,2.24947,12.01305234,49.5742642
6920,4.33308,2.17363,9.748257126,52.85147159
6921,6.31625,5.68279,27.15898072,51.91512663
6922,3.6321,1.02976,5.873594368,48.76933607
6923,9.07163,1.96075,11.58691198,47.68514716
6924,2.11203,2.49911,12.65987253,47.64134155
6925,5.08918,5.90934,28.22824313,50.53798768
6926,3.3307,0.992303,4.886912063,51.77002053
6927,4.72488,1.12701,5.300677856,52.5174538
6928,3.30315,1.9234,10.33555137,49.24845996
6929,24.23643,1.20867,7.517646069,46.98973306
6930,2.33975,2.87682,14.78405518,49.96851472
6931,2.83018,2.31593,11.22335565,51.75359343
6932,9.11605,3.15459,11.81341165,52.09582478
6933,3.9981,1.48647,6.969099399,52.37782341
6934,6.52353,2.51716,10.70822269,52.43531828
6935,4.33865,1.24061,6.746286022,49.97125257
6936,4.99023,2.6273,12.0105632,52.15605749
6937,19.01443,2.01781,9.388019646,52.33675565
6938,2.64128,3.01376,15.1651303,50.00684463
6939,5.97983,2.09078,10.68694649,50.26694045
6940,2.54183,2.73113,12.56884122,52.77481177
6941,3.68708,1.58086,7.448993282,51.46885695
6942,10.85343,3.53714,16.08125148,52.5065024
6943,3.0886,6.55603,29.94053276,51.43600274
6944,4.5662,2.24973,13.81092089,47.8329911
6945,2.13578,2.91495,13.22123234,52.74469541
6946,4.28968,4.38347,21.42756352,50.73785079
6947,25.7362,4.94584,27.26364303,47.69883641
6948,4.50565,2.23216,10.32504958,52.14510609
6949,8.36368,2.18778,10.68826217,51.15126626
6950,11.1062,2.52471,12.90203007,49.79603012
6951,3.1498,2.24126,10.48299129,52.12046543
6952,2.6108,1.32242,6.297767127,51.66872005
6953,4.74723,3.0612,15.91530897,49.09787817
6954,3.31845,2.29452,11.67983978,50.44490075
6955,10.35748,1.81203,10.60981878,47.85215606
6956,6.53728,0.920279,5.044427063,49.60164271
6957,7.34673,2.08172,9.690758047,52.18069815
6958,6.60738,2.0747,11.64641422,48.13141684
6959,6.8315,3.60779,17.13901644,51.50171116
6960,16.1495,10.8163,45.6999743,50.56810404
6961,2.496,1.94736,10.4049509,49.80971937
6962,3.05773,0.762594,4.638484274,47.22245038
6963,7.14755,3.34753,16.05944189,51.14579055
6964,3.64948,1.72377,8.907355316,50.09993155
6965,21.5182,4.13261,22.38019205,48.76659822
6966,5.1675,1.36214,6.402915412,52.43531828
6967,7.26613,2.22501,10.27635731,50.52977413
6968,18.81883,2.88869,15.26979261,49.40999316
6969,5.95233,1.9663,9.165443329,52.5284052
6970,11.07445,4.93056,26.109987,48.31759069
6971,3.39823,0.809715,4.648784563,48.54483231
6972,15.7594,5.67185,26.5171388,51.26899384
6973,14.74135,2.93638,13.50475697,51.56194387
6974,7.8565,2.21119,10.68714799,51.6550308
6975,2.72503,2.62049,13.80985412,49.16632444
6976,11.9364,5.1356,22.8253921,51.51266256
6977,7.74663,2.76542,15.41629614,48.44626968
6978,17.87158,5.13913,22.60895566,52.44900753
6979,4.58755,2.78947,14.06220527,50.81177276
6980,4.23783,1.42725,8.508974764,47.69336071
6981,24.0782,3.33876,19.01547063,47.63312799
6982,9.70395,2.79087,12.7955898,52.75017112
6983,6.2119,2.3439,12.37646644,49.97672827
6984,4.3316,1.99472,8.884585633,52.05749487
6985,17.21895,1.65324,9.03517846,49.91649555
6986,19.90748,4.32582,21.16098874,50.75701574
6987,21.18985,5.27654,27.81362392,48.95003422
6988,11.4507,8.16403,33.95148173,52.54483231
6989,5.49568,1.67186,7.642008126,51.27446954
6990,5.9897,3.37744,15.11297694,52.44079398
6991,3.2276,1.28766,7.020873462,49.14168378
6992,3.97663,6.7321,32.44579052,47.63586585
6993,5.69998,4.10208,18.75043673,52.63791923
6994,23.51223,11.4191,50.76122082,50.770705
6995,2.50983,2.3408,11.96646991,50.9431896
6996,8.53558,2.16815,12.75659331,47.71252567
6997,6.57003,3.77132,19.59093554,48.27378508
6998,6.5495,2.55994,12.44343609,51.67419576
6999,2.5184,1.42009,6.99154905,51.44147844
7000,11.63655,6.13539,28.96680582,50.7761807
7001,6.96665,2.40029,11.17442631,52.14510609
7002,5.79963,1.49232,8.06744916,49.95208761
7003,3.2764,1.96865,10.57485232,49.84804928
7004,3.80848,1.558,8.386947755,49.18822724
7005,3.91303,1.22592,6.981699177,48.59958932
7006,8.54703,1.22257,6.621781728,50.09993155
7007,6.0061,2.5641,12.50933897,51.00616016
7008,8.75578,1.95083,10.55277012,49.87268994
7009,3.91303,3.46785,16.3065777,52.84052019
7010,7.15795,2.66645,12.14983638,52.678987
7011,6.85213,0.907048,4.419961696,51.321013
7012,5.90093,4.64351,26.36672377,46.84462697
7013,3.53265,2.58487,13.73103143,49.09240246
7014,7.82153,3.43219,15.54051596,52.72005476
7015,1.97648,0.994001,4.423482048,52.77207392
7016,11.578,2.41358,14.09883115,47.11841205
7017,5.96045,3.1161,18.00428809,46.29979466
7018,5.73615,2.42564,12.82652623,49.25393566
7019,12.67808,5.95617,28.23689585,50.28336756
7020,2.82768,1.89838,9.247300398,51.76728268
7021,12.19773,5.4301,23.95297145,52.53661875
7022,3.4402,1.86478,9.910406664,49.95756331
7023,3.3114,0.978517,4.886912063,51.15126626
7024,4.4248,1.40872,6.950419014,51.58932238
7025,3.7395,2.26539,12.66805113,48.99383984
7026,12.54633,1.62671,9.676166959,47.89869952
7027,3.2675,5.52836,25.58643839,50.10540726
7028,2.97548,2.36147,11.48279491,51.33744011
7029,2.31308,1.93151,9.879541357,50.67214237
7030,7.47843,5.01647,23.31432985,51.51813826
7031,2.83308,1.90431,9.743776679,50.93497604
7032,5.76998,1.48606,7.29927758,51.14031485
7033,3.45915,1.43088,7.3910912,50.49691992
7034,5.3326,8.6315,34.33634982,51.29089665
7035,7.07258,2.61147,13.8199292,49.57700205
7036,2.12855,2.45606,13.68101162,48.64339493
7037,14.74135,1.74595,9.906163277,48.22176591
7038,3.3158,2.34341,11.90910121,50.58179329
7039,5.47423,3.59353,17.68603407,50.91307324
7040,2.37988,1.4091,8.400768395,47.55920602
7041,5.78363,2.74437,15.1678565,49.82340862
7042,6.5807,5.78637,26.51085669,47.27720739
7043,9.87133,10.2576,44.82332373,51.21697467
7044,9.66103,2.93479,13.46801255,52.6844627
7045,3.53035,1.29183,7.378621805,48.75838467
7046,13.81633,2.3559,10.76733378,52.03285421
7047,2.64413,1.25201,5.890307149,52.04928131
7048,4.37743,1.80822,11.05743684,46.75427789
7049,10.38673,2.22415,10.29724236,52.30390144
7050,4.09085,1.16411,6.310758054,49.98767967
7051,3.71773,2.20112,10.22837622,51.05817933
7052,2.94303,2.22109,11.86192613,49.63175907
7053,7.7793,1.64377,7.731557816,51.94250513
7054,9.8188,1.95727,12.15007344,46.97878166
7055,4.34833,2.87732,13.3811298,51.14852841
7056,2.29913,1.48821,6.989237708,52.49281314
7057,4.38433,1.66345,8.585462407,50.7871321
7058,13.0631,3.68765,17.36054969,51.82477755
7059,10.7185,1.43846,8.18624029,48.61054073
7060,8.82588,2.99794,15.56469615,49.01574264
7061,11.29788,3.22493,15.27690443,51.96440794
7062,5.04198,1.3855,7.105515995,50.66392882
7063,2.9843,2.9865,14.35035258,51.9835729
7064,12.97998,2.45302,11.33018706,52.39698836
7065,3.38335,2.04774,9.498691446,52.83778234
7066,6.5095,2.65707,14.05070782,49.44558522
7067,6.22465,1.78038,9.58845449,49.54414784
7068,2.93893,1.23814,6.720114518,49.68377823
7069,2.36055,3.26651,16.47477228,49.29774127
7070,3.56858,1.42238,7.3910912,49.97946612
7071,10.956,1.86345,8.72729584,51.86584531
7072,2.30608,1.48821,6.989237708,52.96646133
7073,5.26958,2.79641,15.46121915,48.62696783
7074,8.58293,1.55438,7.310763172,52.15331964
7075,6.34505,2.06424,12.08689676,47.07734428
7076,5.70698,3.45981,17.21037172,50.38466804
7077,2.38583,1.36913,7.112698935,50.57357974
7078,4.3943,1.64272,8.060823312,50.34633812
7079,5.36745,2.53267,14.11992955,48.04380561
7080,3.10865,2.87558,14.57010787,48.27378508
7081,16.76458,1.83829,10.4332441,48.90622861
7082,13.21438,3.95906,20.4718532,49.76865161
7083,5.36145,1.85867,9.539394773,50.61190965
7084,12.132,2.96079,13.091086,52.98015058
7085,2.85485,1.27269,6.911967764,49.06228611
7086,8.08393,2.27997,11.70150713,50.90212183
7087,19.4796,3.95374,20.34265511,49.81245722
7088,3.73483,1.90461,9.30508395,51.36481862
7089,11.67833,4.49804,22.06644218,50.40109514
7090,5.31363,6.74038,27.77119005,52.48186174
7091,19.2641,2.13637,12.05086353,48.53935661
7092,2.3515,2.13165,12.41332938,47.57837098
7093,6.92555,1.18516,5.945400062,50.45585216
7094,6.60738,4.1944,17.57828997,52.23545517
7095,2.05628,1.96738,10.56224069,49.79876797
7096,13.77015,5.95963,28.47099331,50.13278576
7097,19.17143,1.36609,6.74475698,51.08555784
7098,3.21668,2.16703,12.14948079,48.3449692
7099,3.04498,2.12685,9.65540044,51.4825462
7100,8.3598,4.67432,22.91760872,50.5927447
7101,7.35215,2.75058,13.27137068,51.41409993
7102,10.78348,2.89411,15.38856003,49.10882957
7103,15.66003,4.17618,19.92388733,51.34017796
7104,4.14218,1.51152,7.464627437,51.44147844
7105,10.97183,1.7682,10.55375392,46.96235455
7106,3.8502,2.36003,12.53387476,49.47570157
7107,4.81698,1.3765,7.078609602,50.51334702
7108,14.09358,2.89093,15.11878493,49.10882957
7109,3.02263,3.65332,17.26702923,51.76454483
7110,5.292,5.03113,24.4044536,50.4476386
7111,4.19353,4.49304,16.54517932,49.31964408
7112,10.1256,4.77782,21.37505457,52.26557153
7113,17.37163,2.10286,12.20056738,47.47980835
7114,3.262,3.27477,16.07342847,50.40109514
7115,12.7436,1.84369,9.8959104,47.92334018
7116,10.77583,2.87094,14.48132863,50.69952088
7117,6.3334,2.9775,13.65612024,52.56673511
7118,6.15093,2.38017,11.5077574,51.20054757
7119,16.52738,3.24549,16.1281895,50.42299795
7120,4.83023,2.25169,9.676321049,50.92950034
7121,6.68795,5.10015,23.53787811,51.09924709
7122,3.2626,0.773319,4.156622787,49.56605065
7123,5.9528,5.60384,24.30559928,52.88158795
7124,3.06428,1.67447,8.59121113,50.7980835
7125,21.35585,11.9417,50.76122082,52.46817248
7126,4.62525,2.16077,10.48450848,51.38398357
7127,7.71628,7.17585,33.28960818,48.60232717
7128,22.4108,5.48846,25.20963036,51.18138261
7129,8.46605,2.61844,12.08310379,52.41067762
7130,8.76683,8.43727,43.43877056,47.97535934
7131,3.18368,1.17084,6.511489225,49.44010951
7132,2.98723,1.39438,6.54734466,52.7008898
7133,8.82155,3.52416,14.24770528,52.23545517
7134,18.0515,2.13534,9.860837266,50.71868583
7135,4.66003,0.992265,5.453416082,49.75496235
7136,7.63738,2.98937,14.47883949,50.9705681
7137,5.3852,1.58127,6.588865846,52.83230664
7138,4.42163,2.69033,12.40894376,52.19164956
7139,14.22083,2.29985,10.64633798,52.78302533
7140,9.03585,3.56523,17.71068838,50.62833676
7141,7.84445,1.74453,8.99750951,50.64750171
7142,6.68745,0.961171,4.468440615,52.66529774
7143,13.62693,2.59819,12.54157923,51.04722793
7144,2.29335,0.761882,4.640250376,46.36276523
7145,14.41743,1.62217,7.551154602,52.96372348
7146,8.52815,2.58856,14.34833756,48.5338809
7147,3.46363,1.7958,9.169971189,50.22861054
7148,3.51243,0.894516,4.733024092,50.06433949
7149,4.17315,0.666639,3.477763836,51.14031485
7150,3.78005,2.61825,13.28571285,50.70225873
7151,6.78265,2.37509,13.3077595,48.10951403
7152,13.19715,4.69788,22.83179274,50.31074606
7153,7.51933,0.795689,4.38734214,48.71457906
7154,8.54388,1.26841,6.888403928,49.89185489
7155,8.6522,2.75289,15.25604309,48.15879535
7156,13.15713,3.59158,17.00436595,51.85489391
7157,2.11915,2.50348,12.09033414,50.55715264
7158,18.08678,3.74058,21.29315009,47.44147844
7159,3.56188,2.09473,11.26225731,49.53319644
7160,11.40133,1.3415,7.538839298,48.86516085
7161,4.36793,3.30641,13.99084999,51.25530459
7162,4.93193,3.50293,16.834749,51.137577
7163,6.06983,2.66143,12.1409466,52.21902806
7164,10.44193,2.89627,15.3392514,49.84804928
7165,8.60495,6.38974,29.00556525,51.07186858
7166,12.1245,2.92663,13.65683142,52.01368925
7167,4.74723,2.14997,9.927830627,52.84052019
7168,19.55355,6.30985,28.75819238,52.39698836
7169,3.19523,1.25704,6.822998873,49.5797399
7170,13.06438,3.11164,15.63676261,50.4476386
7171,6.2495,2.24825,11.97535969,49.17727584
7172,11.8934,4.44067,20.83929733,51.00068446
7173,3.4369,2.51572,11.65313489,52.56673511
7174,4.92513,1.38514,7.078609602,51.58932238
7175,7.91938,1.3196,6.533203988,49.86447639
7176,6.25503,3.20602,17.04324391,49.87268994
7177,11.42815,4.88053,24.20579671,49.76591376
7178,9.56315,4.58283,21.24502676,51.62217659
7179,3.65433,2.31334,12.27725652,49.87542779
7180,12.221,5.47306,25.11089457,51.09377139
7181,6.72195,4.34312,20.41590687,51.24709103
7182,6.47623,3.96281,17.81167625,51.1321013
7183,7.58195,0.920836,4.788508155,48.09034908
7184,2.7943,1.94122,9.461235851,51.54004107
7185,10.32995,2.43666,12.30973384,50.60095825
7186,4.39903,3.69533,18.49121083,50.39835729
7187,3.51785,2.07465,10.42687902,50.02874743
7188,4.4602,3.89995,19.09666392,50.2696783
7189,9.24918,2.54504,11.57447814,51.67967146
7190,2.5405,1.1608,6.703567679,47.87405886
7191,19.12983,2.84057,12.64434506,52.47638604
7192,4.60485,1.66002,9.90430235,47.10472279
7193,4.05605,2.63608,12.62206135,51.59206023
7194,1.98118,1.4009,8.119744756,48.74743326
7195,5.8072,3.08794,14.79685646,51.67419576
7196,4.1716,3.40831,16.23249622,51.11841205
7197,4.26668,4.29779,19.36584638,51.52087611
7198,5.15098,1.65896,8.616837395,50.13278576
7199,6.58138,5.89705,26.32891258,50.7980835
7200,12.64305,5.50658,27.41808809,49.27857632
7201,6.57288,1.64333,9.736344825,47.86310746
7202,11.94348,2.48387,13.06666874,49.39356605
7203,2.98645,1.39438,6.883911627,51.90143737
7204,5.23008,2.00117,10.71737323,49.69199179
7205,10.4225,3.91268,17.81132066,52.19438741
7206,7.3242,2.81293,14.61064526,49.63723477
7207,2.61855,8.6074,34.44290862,51.29089665
7208,5.24473,3.52208,17.52210658,50.55167693
7209,4.21125,1.66841,8.515600611,51.27994524
7210,15.28915,2.93086,14.10392795,51.96714579
7211,5.19158,2.96485,14.24403084,51.49623546
7212,3.29118,2.06434,10.57615616,50.86652977
7213,8.35698,3.76254,18.26209164,50.93497604
7214,3.0703,2.88104,14.02249759,50.06707734
7215,11.5956,2.77803,16.79101129,46.84462697
7216,19.67195,2.94236,13.52787039,52.96646133
7217,4.48063,2.76956,14.65888712,49.18822724
7218,5.77728,2.4971,12.58816166,50.16290212
7219,13.38313,3.2719,16.37615502,50.39561944
7220,20.6384,2.22158,11.32544585,50.95687885
7221,1.82,1.20688,6.889589232,48.19986311
7222,6.98263,2.37121,11.506015,51.16769336
7223,3.51098,2.88153,15.14379483,49.14168378
7224,12.79618,3.95122,23.51618706,46.41204654
7225,3.7834,1.83472,8.677382704,52.48733744
7226,11.65705,2.94221,15.13834244,50.47501711
7227,6.42173,3.01489,14.48215834,51.52087611
7228,6.94623,3.77416,20.38864489,48.48733744
7229,17.7065,1.93218,11.38728314,46.82819986
7230,10.67063,1.97918,11.1532805,48.29021218
7231,8.9812,1.79672,8.81059898,51.21971253
7232,3.58863,4.27094,19.09453038,52.58863792
7233,14.38958,2.76288,14.95165711,49.5742642
7234,2.53433,1.15176,5.989493357,50.93771389
7235,5.5998,2.63943,12.12091497,52.45722108
7236,3.6361,0.871773,4.50785196,50.86926762
7237,16.16353,2.23603,11.43384187,49.90554415
7238,4.64933,4.35238,21.36770569,50.28336756
7239,1.79733,2.04305,10.33517207,50.17659138
7240,4.63623,4.93919,20.96754718,51.75906913
7241,6.5143,2.20794,10.75344202,51.1211499
7242,5.6444,2.07356,11.68568333,48.26557153
7243,7.59073,2.6615,14.07607332,49.73305955
7244,2.6346,1.9295,10.79968072,48.29021218
7245,3.96758,3.16911,15.08974499,51.05544148
7246,4.3483,2.45134,12.39211244,50.11909651
7247,17.0501,5.4325,25.55076075,50.40657084
7248,25.5033,3.73075,17.24320463,51.62491444
7249,20.9722,3.57427,18.58627218,49.2019165
7250,17.9205,1.73246,10.17472937,47.21423682
7251,4.76413,1.98458,9.68093188,51.10198494
7252,10.40783,2.70209,14.9520127,49.5742642
7253,6.47923,3.12503,17.1326158,47.68514716
7254,20.94805,3.52655,18.42921945,49.48939083
7255,4.19715,1.41736,7.748318009,48.33675565
7256,7.32903,2.81293,14.8430833,49.7467488
7257,3.23928,3.20707,17.49128868,48
7258,4.88648,8.31614,34.76045146,51.77002053
7259,4.278,5.01836,22.43839046,51.83025325
7260,5.95493,1.54324,7.147167565,51.90143737
7261,2.1384,2.19593,10.35915077,52.29295003
7262,4.3198,4.29135,19.22289876,52.94729637
7263,5.91118,3.20649,14.87674592,51.87679671
7264,4.3134,1.3384,6.415930046,52.56947296
7265,4.00343,1.66747,8.985869828,49.87816564
7266,3.2959,1.6576,8.568785185,50.7980835
7267,7.66888,2.95757,15.62846549,49.01574264
7268,4.8623,1.07411,6.399572856,48.62696783
7269,3.89963,0.786049,4.591309189,48.85968515
7270,6.48,3.59193,21.37434339,46.81451061
7271,2.461,3.18892,14.54059381,52.39698836
7272,2.49028,3.22297,14.54059381,50.2532512
7273,3.22453,2.14778,10.72564665,50.92128679
7274,2.01403,0.773551,3.713662966,52.32032854
7275,2.01668,0.94554,4.823225699,51.04996578
7276,7.80318,2.31283,12.84489843,48.02464066
7277,4.35313,5.48737,23.44352795,51.97809719
7278,3.7569,1.34114,7.041474039,50.5927447
7279,4.99568,2.42307,11.63709773,51.70431211
7280,6.3169,0.850274,4.459456013,50.19301848
7281,3.49458,1.40474,7.771751462,49.57700205
7282,6.14003,2.60888,13.85560684,49.62080767
7283,4.81698,2.08678,10.21915455,51.64134155
7284,9.3894,2.76219,15.94529715,47.17864476
7285,6.39445,1.24546,6.765618324,49.39904175
7286,8.1219,2.94966,13.51340968,52.25735797
7287,2.66403,4.60588,20.36280527,52.97467488
7288,17.72585,2.504,13.32210168,50.05612594
7289,4.10398,1.3798,6.728316819,51.95619439
7290,9.04973,3.0156,13.66441737,52.1779603
7291,3.9083,1.76436,9.05762811,50.87748118
7292,15.80538,3.74458,17.79768967,51.50444901
7293,2.71083,1.80759,8.432925683,52.1670089
7294,5.19898,2.42388,11.7470465,51.09377139
7295,3.88515,2.2021,11.8102943,49.71115674
7296,3.1634,1.44603,6.151239891,52.26283368
7297,18.23573,2.71805,14.96765871,48.0054757
7298,4.93905,1.91418,11.31640198,47.55373032
7299,4.36303,1.83033,10.3145952,48.85147159
7300,5.8657,2.97798,14.18713627,51.79739904
7301,9.93375,5.15534,27.28391172,48.92539357
7302,7.43418,2.59882,12.51289488,51.41409993
7303,8.4118,2.30302,12.73750992,48.22997947
7304,8.06465,3.01839,13.8253816,52.73374401
7305,3.03408,2.63808,12.55509169,51.96167009
7306,13.41098,14.9407,52.61053155,51.71252567
7307,10.68053,2.92269,13.95600206,51.49623546
7308,16.28315,2.38877,11.67570307,51.34839151
7309,1.96353,1.21623,7.014543941,48.59958932
7310,3.91508,2.79495,15.46121915,48.94729637
7311,4.69105,1.02706,5.265723252,50.96235455
7312,15.90838,2.71953,13.42036335,51.29637235
7313,10.4244,2.74531,13.26224384,51.61396304
7314,2.63385,1.88747,8.771531372,52.3340178
7315,5.0075,3.66593,18.18646926,50.92676249
7316,2.02625,1.88686,10.61090926,48.25188227
7317,3.08748,1.55551,7.32789081,52.94455852
7318,11.76735,2.05464,9.54988471,52.94182067
7319,5.734,1.60708,9.099030766,48.40246407
7320,3.17933,2.29673,11.14034883,51.35934292
7321,10.98425,9.37163,40.51047793,49.99863107
7322,6.15753,1.69065,9.116419171,49.78234086
7323,15.93678,3.43733,19.4155106,47.11019849
7324,4.6487,3.33933,16.57469338,50.0862423
7325,9.35443,2.30435,13.50191224,47.69336071
7326,6.7168,4.34312,20.45988164,51.24709103
7327,3.58413,1.07471,5.601875363,50.7652293
7328,4.30855,1.95523,9.583748835,51.12388775
7329,4.63993,3.74102,20.39646789,47.60301164
7330,13.78303,3.63699,16.3358547,52.40246407
7331,22.95365,2.38546,11.45104062,51.76728268
7332,4.9343,1.49487,8.086176957,49.87542779
7333,1.98423,0.831684,4.375453544,50.770705
7334,12.70935,6.01235,26.97146568,48.58042437
7335,19.92565,1.85435,9.881840846,49.76043806
7336,2.3961,3.5001,19.24779014,48.862423
7337,9.5959,4.03756,23.00994388,47.78097194
7338,11.79728,15.8728,53.24217986,49.42094456
7339,5.71453,6.29511,28.86972946,50.16290212
7340,3.12048,1.40817,7.243698693,50.13826146
7341,27.9213,4.83685,26.82911072,47.41957563
7342,7.77908,1.78523,8.391037052,51.57563313
7343,3.40935,1.6291,8.80166179,49.83436003
7344,4.99033,4.5548,20.54202318,50.4476386
7345,4.45118,1.67824,7.831384088,52.64065708
7346,8.95983,2.75381,13.99464296,49.87542779
7347,7.81673,4.16766,21.50851976,49.59342916
7348,16.7044,3.87986,20.74542128,48.93360712
7349,15.08963,4.93457,20.24154871,51.42505133
7350,5.60548,1.37923,7.43856261,49.97946612
7351,1.99103,2.98441,13.65920203,52.43805613
7352,5.0346,3.40528,15.45422585,52.85147159
7353,3.2549,1.50192,7.033449534,52.43258042
7354,8.28223,1.83958,10.9387761,47.62491444
7355,9.36335,2.30794,10.66041939,52.90896646
7356,6.15168,2.60378,13.16789367,50.07802875
7357,17.24403,2.87549,16.37188793,47.72073922
7358,4.47373,2.50507,11.50177162,52.0054757
7359,12.98385,2.71865,13.03798439,51.20328542
7360,2.54313,0.907854,4.61032146,49.81245722
7361,1.71213,3.35379,16.86035156,49.39356605
7362,3.65748,2.91463,14.0170452,51.43874059
7363,18.94498,6.55755,28.33563164,50.39835729
7364,3.09888,3.21488,16.04569237,47.77002053
7365,4.01468,2.04577,10.05905559,51.14852841
7366,7.03823,2.06221,9.625495229,51.39767283
7367,2.08283,1.20885,6.033373298,51.53182752
7368,2.64095,1.096,6.58501361,47.21149897
7369,2.27048,0.881898,4.385208593,51.59479808
7370,6.45048,5.30529,24.46134818,51.81930185
7371,8.57938,2.48747,11.99396895,51.03080082
7372,12.5468,1.62671,9.676700346,47.1321013
7373,9.21845,1.70122,10.09935592,47.84668036
7374,6.32795,1.77913,9.585183052,49.79876797
7375,4.0857,3.57163,19.20310419,48.37234771
7376,4.52018,2.75514,12.70171375,52.51471595
7377,12.05003,4.68548,22.82799977,50.31348392
7378,5.2852,1.9164,9.825349275,49.24024641
7379,12.14478,3.44116,15.70954026,52.92813142
7380,6.60973,1.40987,6.942655275,50.40109514
7381,10.66115,3.40024,15.85722909,52.27378508
7382,9.55453,1.58092,7.682498098,51.26078029
7383,2.19268,1.43456,6.843682422,51.66872005
7384,8.04663,2.47345,12.02277183,51.61122519
7385,5.8104,2.61612,15.25284277,47.35934292
7386,2.9691,7.21836,28.2574016,51.05544148
7387,11.84243,3.35611,17.56051041,49.09787817
7388,8.98775,3.09019,14.84083122,51.70157426
7389,11.42815,6.6801,29.27937039,52.80492813
7390,3.75155,2.52049,12.14924373,51.55920602
7391,4.59008,1.87622,8.078567308,52.21902806
7392,2.1595,1.56407,9.31082082,47.90417522
7393,16.11535,3.46891,20.45810368,47.25804244
7394,8.3268,3.05736,17.55007974,48.38603696
7395,13.78913,4.18826,19.65553459,50.75701574
7396,3.30315,1.90044,8.861567036,52.08761123
7397,16.01453,2.02265,10.36428313,50.34907598
7398,4.5712,2.79207,14.71293696,49.64544832
7399,3.86648,1.13555,6.863619229,47.48528405
7400,1.97783,1.96507,9.138963646,52.35865845
7401,4.278,1.61087,9.068070635,47.34291581
7402,6.88823,1.95663,10.53192062,49.45653662
7403,2.23738,1.71075,9.707601212,48.79945243
7404,10.3833,4.93857,22.85751383,51.41683778
7405,7.56018,2.06246,9.255680495,52.98288843
7406,5.0412,1.61451,9.600888325,47.51540041
7407,12.03315,2.78689,16.79101129,46.86926762
7408,5.79955,1.13314,5.954242427,51.32375086
7409,8.88285,2.33039,12.4376281,49.17453799
7410,5.78903,1.73643,8.538832562,50.15468857
7411,3.31805,0.788795,4.112185754,51.06365503
7412,5.30555,2.49721,12.42186356,50.09993155
7413,7.99913,1.66813,9.013949671,49.30321697
7414,5.99945,1.96277,9.457976266,51.04175222
7415,4.13165,1.81828,9.780272178,49.83709788
7416,6.42678,2.61681,14.2364449,49.08966461
7417,10.86258,1.44399,7.833363545,49.44558522
7418,8.5524,2.28034,12.31139327,49.65092402
7419,13.95685,2.83375,12.64434506,52.34223135
7420,4.10005,1.70294,7.964991514,52.27926078
7421,4.56963,1.11476,6.197715647,48.42710472
7422,17.56123,2.33739,11.08721167,51.88501027
7423,3.78818,6.70232,30.92101593,52.1889117
7424,3.45343,1.77247,9.537498287,49.16906229
7425,7.76533,2.63192,13.32862085,49.90006845
7426,2.41683,4.31353,19.70057613,52.84325804
7427,4.38905,1.70595,9.678810186,48.73100616
7428,7.80555,4.46635,20.71792224,51.46338125
7429,8.31078,4.24516,20.09101514,50.31895962
7430,5.32663,2.06037,10.4861679,50.01232033
7431,2.9877,1.4814,7.274398057,51.42778919
7432,3.40963,1.35894,7.557069268,48.97467488
7433,5.59375,2.15337,11.05877624,50.7816564
7434,2.99005,1.68355,9.068355108,49.5687885
7435,6.81513,1.3685,7.35795011,50.9486653
7436,3.5598,7.11307,33.36238582,50.72689938
7437,2.64895,0.962543,5.728951765,47.43874059
7438,9.3894,2.14146,10.91421661,50.04243669
7439,4.75908,1.55748,8.445608431,48.57768652
7440,19.2641,4.40955,20.15786627,50.06160164
7441,11.92698,4.91515,23.77102734,50.34907598
7442,17.4857,3.73516,17.87852738,51.50444901
7443,7.13085,2.26511,12.66852525,48.56125941
7444,2.52025,1.03911,4.929025901,52.55578371
7445,9.05188,3.58766,21.48102072,46.82272416
7446,23.83898,3.21361,15.98784955,50.84462697
7447,4.88515,8.31614,33.25215259,52.02464066
7448,10.84455,2.30796,11.32102467,51.4825462
7449,3.09518,1.44847,8.632530815,47.49897331
7450,3.69863,1.35408,7.321549435,49.3963039
7451,3.95733,2.04412,10.3781986,50.68856947
7452,3.46933,1.70447,10.1568787,47.89322382
7453,11.8035,15.8728,53.24217986,51.94798084
7454,12.45885,3.59235,17.86086635,50.54620123
7455,4.02678,1.20831,6.583887571,48.85420945
7456,2.93588,2.28774,11.18441842,51.37577002
7457,9.4713,1.746,9.346012485,49.69746749
7458,6.96475,1.46586,7.968239246,49.46748802
7459,4.4323,1.10902,6.609620513,47.99726215
7460,4.45435,1.80863,11.18290123,46.75975359
7461,5.87055,2.73061,13.19148121,50.99520876
7462,10.30745,9.41609,39.06381484,52.30937714
7463,3.5733,2.92538,14.07441389,51.64134155
7464,4.3832,2.44277,11.32031348,52.59137577
7465,4.1938,2.26079,12.06769484,49.30321697
7466,4.67023,1.92885,9.327735103,51.55373032
7467,3.88448,2.39471,11.0689817,52.93086927
7468,5.14875,1.93898,9.532994133,51.50992471
7469,3.25823,1.5498,6.713630907,52.24093087
7470,8.76058,1.12296,6.433389569,48.81861739
7471,3.53835,5.09679,22.07971758,52.24914442
7472,7.29993,1.45413,8.278871769,47.9890486
7473,2.05695,1.96627,9.083775909,52.98288843
7474,9.88908,4.97092,24.0613082,50.34907598
7475,12.08795,4.36811,24.38963731,48.51471595
7476,8.45253,3.47352,17.34940784,50.091718
7477,3.7325,1.90461,8.861567036,52.05475702
7478,8.6522,5.34969,22.3452256,52.64613279
7479,3.37828,3.1016,14.1857139,52.03285421
7480,3.7259,0.754694,3.464109139,52.32032854
7481,3.9264,2.23829,9.443918565,51.23613963
7482,3.42105,1.76823,9.106296678,50.00958248
7483,7.97645,2.32957,11.32452131,51.53182752
7484,7.43213,1.40133,8.928524838,46.93223819
7485,3.3319,1.66689,8.132854214,52.61327858
7486,11.81543,1.73944,9.804156046,48.44079398
7487,3.10105,1.68698,8.690942578,50.21492129
7488,9.83685,4.1943,20.81606538,50.23682409
7489,9.40665,2.9708,14.38520051,51.72073922
7490,20.76293,1.7554,10.72704531,46.85284052
7491,5.83388,2.81679,14.87757564,49.86447639
7492,4.96135,5.91834,22.26189875,51.10198494
7493,13.95685,2.50627,14.12384105,48.49828884
7494,2.3405,2.1202,10.87077523,50.76249144
7495,5.33375,2.29193,11.72477464,50.53524983
7496,10.8379,1.48451,8.113450794,49.96851472
7497,4.19705,2.59869,12.54157923,51.41683778
7498,18.19025,2.06799,11.59757971,48.40793977
7499,4.1434,2.937,14.0393289,51.82477755
7500,9.63763,2.47815,12.00570346,50.23408624
7501,9.98993,1.9756,10.74726659,49.96303901
7502,5.3952,1.48893,6.610059075,51.65776865
7503,7.55608,6.61971,24.2834341,51.86584531
7504,21.7214,5.72125,27.7346827,50.23956194
7505,3.8462,2.53463,12.25106131,51.72073922
7506,2.99785,1.49809,7.293090295,52.15605749
7507,8.92888,2.92233,13.9370372,51.73716632
7508,6.18298,5.19137,24.49714435,50.0807666
7509,4.52988,0.978528,5.453416082,49.44558522
7510,4.53833,1.80448,9.361942966,50.93771389
7511,7.67198,2.35358,11.99207247,50.20944559
7512,2.8743,1.03913,4.929025901,52.22997947
7513,7.76333,2.3008,11.63924313,50.13826146
7514,16.0019,5.00537,26.65522667,48.27652293
7515,3.64863,2.94986,14.82032547,50.66940452
7516,9.29218,5.53452,28.82646587,48.37234771
7517,3.9786,3.98318,18.69863896,51.3155373
7518,5.63665,3.42565,15.50116388,52.3394935
7519,3.24025,3.18075,16.40365407,50.23956194
7520,2.83098,1.22351,5.788216947,51.51540041
7521,3.31938,2.4795,13.62139084,49.07323751
7522,4.26963,1.76475,8.340661648,50.03148528
7523,8.1439,8.09022,36.42165451,51.41957563
7524,7.62418,1.85725,8.669429317,52.29842574
7525,4.143,2.937,13.47346495,52.27378508
7526,5.48588,2.0491,10.46236701,50.97878166
7527,15.0402,5.37011,27.02800467,49.00479124
7528,5.41845,0.995534,4.706769616,52.80492813
7529,6.54093,2.91559,14.67394047,50.36550308
7530,10.83278,3.55945,17.6912494,50.84462697
7531,9.5157,2.06316,9.603567112,52.94182067
7532,18.81085,2.88869,13.83391579,51.42505133
7533,2.42015,2.51376,13.3690397,49.31416838
7534,5.31505,1.65373,7.642008126,52.91991786
7535,2.94335,1.29811,6.397415603,50.83915127
7536,2.02525,1.55743,7.336982089,52.21629021
7537,11.3969,1.3415,7.768681526,48.07392197
7538,2.79843,1.40333,6.930991888,51.08008214
7539,3.13338,1.73635,8.922041228,50.89664613
7540,9.87133,1.81135,9.707838272,49.71937029
7541,8.37578,2.02893,10.9657062,49.62902122
7542,10.14098,1.58536,7.837713609,51.321013
7543,6.33475,3.06094,17.64881553,47.26351814
7544,6.13305,1.89441,9.270674586,51.33196441
7545,7.37698,3.77607,18.61969774,50.71594798
7546,6.15623,2.75881,12.68583068,52.91718001
7547,10.58635,2.68282,15.30499613,47.01984942
7548,15.7842,7.55005,34.25373416,51.58110883
7549,7.57768,1.92415,10.33525505,49.30595483
7550,3.11685,1.89814,9.744227094,50.26694045
7551,4.87873,1.58321,8.179970034,50.55167693
7552,4.669,1.77814,9.133440131,50.46132786
7553,3.43893,1.86478,8.89347541,52.5338809
7554,3.90513,2.49198,14.92842516,47.17043121
7555,14.36865,7.44765,35.78479086,50.55441478
7556,10.42353,2.02422,10.35966045,50.39014374
7557,5.50163,2.27111,11.51614935,50.53524983
7558,3.6146,1.71058,8.874534258,50.11909651
7559,5.77728,2.89119,13.89389215,51.29637235
7560,3.41183,1.05318,5.756427103,49.61806982
7561,11.05775,1.75507,9.934492034,48.60780287
7562,13.6421,2.99596,14.35781999,51.69062286
7563,4.5107,1.02154,5.342329426,50.15742642
7564,11.73893,6.71751,28.54460067,52.72826831
7565,14.80005,5.28989,23.4905845,50.33812457
7566,2.66773,1.76841,9.613049541,49.09514031
7567,6.55488,2.85055,14.94620472,49.02395619
7568,7.35828,2.40595,12.28448687,50.00136893
7569,2.17725,1.3859,6.75221254,51.41409993
7570,8.67965,1.45692,8.267611385,47.9890486
7571,8.64545,5.34969,25.24637477,49.84804928
7572,11.69155,4.70449,26.11532087,47.41957563
7573,18.54745,10.347,47.43276968,49.72210815
7574,4.83963,1.10226,5.480749184,51.4934976
7575,9.07725,4.09475,18.33735842,50.7652293
7576,5.65263,2.52088,12.88899173,50.40657084
7577,4.07803,1.57134,8.128267089,50.47227926
7578,21.77123,6.9839,29.06269689,52.89253936
7579,4.12028,2.34856,11.98081208,50.32169747
7580,10.3807,2.15111,12.62775081,47.89322382
7581,10.21885,1.95837,11.5696421,47.15126626
7582,10.57165,4.03748,18.10918747,52.62422998
7583,7.9775,3.45368,16.76860905,48.87063655
7584,2.54583,2.73113,12.64055209,52.5229295
7585,4.85193,1.39996,6.927969363,51.4661191
7586,3.84298,2.58743,12.54383131,51.24982888
7587,6.0106,3.54792,18.65727187,49.32785763
7588,6.8511,1.90489,10.76242662,48.60780287
7589,3.39433,2.12397,10.29542884,51.45516769
7590,3.27128,2.17911,10.11688656,52.75838467
7591,3.77668,3.79397,15.93735562,52.55030801
7592,23.90088,4.20747,20.50978292,50.74606434
7593,17.33715,2.84366,14.3641021,50.0971937
7594,6.1448,3.07731,16.82040682,48.90622861
7595,15.0419,2.57303,14.89796286,48.47364819
7596,7.32825,3.60283,18.01033314,50.25598905
7597,3.66998,1.99216,9.282539475,52.8569473
7598,18.4011,2.43728,14.25742477,47.52635181
7599,15.49358,0.974808,5.332621789,50.68035592
7600,14.40693,4.57423,21.04957019,52.07939767
7601,5.9032,2.29965,11.85422165,50.32169747
7602,8.91598,2.77651,13.97591516,50.26694045
7603,3.6512,3.00633,15.66046869,50.22039699
7604,7.6614,1.83983,8.957055097,51.137577
7605,6.37723,3.38666,15.38346323,52.3394935
7606,6.36193,1.51105,7.24353275,52.09034908
7607,3.60828,1.89276,10.66032457,48.41615332
7608,3.04023,2.15982,11.57191789,49.89185489
7609,3.30753,1.13348,5.894123827,50.20944559
7610,2.47508,1.17934,5.284771081,52.01916496
7611,7.0619,1.34625,6.658099432,51.80835044
7612,3.52203,1.51357,8.616256596,48.65434634
7613,3.76053,2.94328,14.15311805,51.80561259
7614,3.56013,1.60938,8.606868991,50.03422313
7615,7.228,1.84244,8.957055097,51.38398357
7616,5.6009,1.57394,7.377045351,52.15058179
7617,31.39658,8.25861,37.34263543,50.87748118
7618,5.8686,2.80844,13.56603716,51.43052704
7619,6.1889,1.45641,8.254454514,48.74743326
7620,6.21408,1.9474,10.98023802,48.10130048
7621,8.5501,2.62807,12.69922462,49.3853525
7622,3.97585,5.99702,28.25775719,51.67693361
7623,4.29703,6.62944,30.25629765,49.045859
7624,10.60588,2.01481,9.833741225,51.61943874
7625,2.64215,5.16559,26.11129084,50.30527036
7626,3.912,2.36346,10.92555996,52.47912389
7627,6.5496,1.04735,5.559168873,50.7816564
7628,6.47935,4.92868,23.05522247,50.99520876
7629,3.04353,1.04647,5.193135257,52.65160849
7630,4.33378,1.24061,6.742504904,49.50034223
7631,8.3275,2.54731,12.93201825,50.9596167
7632,16.72815,7.02856,30.36321204,50.7871321
7633,4.97063,1.74126,9.401460989,49.77960301
7634,5.16018,1.28444,6.611789619,48.25188227
7635,9.89223,6.30196,36.06369281,46.56536619
7636,2.82973,3.45231,16.51353171,50.71594798
7637,6.85653,5.15299,26.02500073,48.43258042
7638,21.94315,3.68941,22.11871407,46.97878166
7639,9.54395,3.55346,16.33905502,51.1266256
7640,3.96083,2.02559,10.94447741,49.5742642
7641,5.35168,2.03513,10.43505761,50.60643395
7642,11.54565,4.31607,22.04724026,49.15537303
7643,6.21818,1.50045,8.081317212,49.27857632
7644,2.18165,0.647604,3.75646428,49.72758385
7645,3.65845,3.10282,14.87224177,51.68788501
7646,12.9569,2.81693,15.2912466,48.58863792
7647,9.3597,2.87202,13.18922914,52.46543463
7648,5.7905,2.0381,10.41494301,50.57631759
7649,15.17318,4.85882,23.95522352,50.46406571
7650,5.15218,2.9016,11.83848082,51.10472279
7651,11.70615,1.74837,8.529871667,52.55030801
7652,3.57333,5.09809,23.49508865,51.60574949
7653,8.44703,2.3096,12.91115691,48.65160849
7654,24.50858,9.77905,40.81047828,49.18822724
7655,14.63113,9.46127,40.05271366,48.58316222
7656,3.22608,1.85187,8.583589628,52.3340178
7657,9.61188,1.63271,8.413403732,50.0698152
7658,3.6437,1.87946,10.74598646,47.49623546
7659,3.73565,3.01174,15.1651303,50.63655031
7660,3.9495,2.44663,13.6352589,48.09034908
7661,7.63535,2.98937,16.68788988,47.44969199
7662,8.02235,1.66766,8.576240745,50.85557837
7663,5.88678,5.5943,21.07659512,52.21629021
7664,8.48078,2.42852,11.26434345,52.46543463
7665,15.63675,3.78633,18.02230471,51.91512663
7666,2.6469,2.65945,12.85947767,51.70704997
7667,9.17173,5.86013,28.04392841,51.54551677
7668,15.1928,1.69183,9.514657486,48.99383984
7669,7.55255,4.37234,19.60184033,52.64887064
7670,8.84185,4.08994,23.10050107,47.35660507
7671,12.74125,3.55239,17.06007522,51.10472279
7672,13.8667,1.96082,11.4917558,47.33470226
7673,5.55768,2.14973,9.973500376,52.90622861
7674,8.08183,1.98349,10.74642502,49.16084873
7675,11.73938,2.53599,12.70325465,50.67214237
7676,10.07908,5.50936,27.59860984,49.908282
7677,5.36133,2.55728,14.11992955,48.60232717
7678,3.54158,5.63709,25.34807383,51.87953457
7679,3.93658,3.29899,18.51539102,48.39425051
7680,4.5249,4.95589,20.93518839,52.84325804
7681,6.24485,4.17453,19.35826044,51.16495551
7682,7.04438,3.50381,16.03786936,52.04654346
7683,22.92238,3.91178,23.1857244,47.34565366
7684,10.76003,1.92483,9.377020028,51.80013689
7685,3.67818,2.52283,13.38160392,49.64271047
7686,4.5421,1.35988,6.439517588,52.54483231
7687,10.47433,1.92554,9.633827913,50.39835729
7688,12.42965,5.02344,23.24617489,52.28747433
7689,5.13983,2.96728,17.14292794,47.44969199
7690,1.7074,0.999046,4.823225699,52.73374401
7691,5.99635,2.1438,9.569999313,50.07255305
7692,8.70335,2.5455,14.86347052,47.35934292
7693,9.2789,3.98503,20.50006343,49.66461328
7694,7.19623,2.16556,8.393692132,51.23613963
7695,6.64833,6.46046,34.6017393,47.05817933
7696,4.81833,1.65461,9.372373638,49.50581793
7697,4.07735,1.98246,9.673393349,51.78644764
7698,3.93373,2.22338,10.32000019,52.99657769
7699,5.31183,1.67524,8.903680874,50.04791239
7700,17.2352,3.25146,14.50361234,50.04517454
7701,10.04798,2.64246,13.97069982,49.93839836
7702,7.61,2.81338,14.18227652,50.83915127
7703,4.2739,6.05171,27.44546861,52.32854209
7704,4.18913,1.15369,6.587348658,48.48733744
7705,4.75598,2.20291,11.21979974,50.46406571
7706,2.4412,2.51929,11.24631498,52.75564682
7707,3.61248,2.0251,10.3781986,50.48596851
7708,2.72665,1.92239,10.69405831,49.33880903
7709,2.55228,1.67259,8.187804891,51.68514716
7710,10.19308,1.59195,9.417818179,47.52908966
7711,4.4707,2.60838,13.22632914,50.53798768
7712,10.0913,2.79504,14.1567925,50.62833676
7713,4.95645,1.64406,8.462131564,50.32169747
7714,3.56453,1.34645,7.284935406,49.78507871
7715,13.91138,2.80684,12.77212079,52.41067762
7716,14.89893,3.49444,18.25249068,49.88090349
7717,10.31448,6.38681,32.84997906,48.34770705
7718,3.43285,1.56076,8.034533278,48.15058179
7719,11.80963,1.33272,7.181470252,49.9247091
7720,2.518,1.42009,7.327120362,50.4421629
7721,3.89963,2.85934,13.69156082,51.11841205
7722,2.83595,1.90431,10.64672913,48.68172485
7723,2.07653,2.25388,11.53563574,50.87200548
7724,4.80488,3.3706,16.07188758,51.04175222
7725,3.89255,1.78918,8.38607063,52.75290897
7726,4.7107,1.86817,8.36304018,51.60301164
7727,5.69998,3.92307,19.60077356,50.96235455
7728,11.7638,2.12361,11.36352966,49.8973306
7729,11.9718,4.21191,17.76793855,52.63518138
7730,3.41118,2.57978,11.84138482,52.52566735
7731,9.6974,2.00117,11.59986735,47.81930185
7732,3.87275,2.31872,12.77378021,48.32854209
7733,5.19363,1.58318,8.179970034,50.65845311
7734,6.70703,3.51664,16.70721033,51.14852841
7735,6.08148,2.67642,12.98346043,52.94182067
7736,5.11123,1.27491,7.688246821,47.49075975
7737,3.47998,1.54227,7.271019941,52.38603696
7738,11.95303,2.28369,13.44821798,47.69336071
7739,8.6552,4.72825,22.36620547,51.36208077
7740,3.69203,2.76706,14.66315421,49.31964408
7741,5.19463,1.66808,8.948189026,49.43189596
7742,3.7569,1.32706,6.809853856,50.49418207
7743,20.31398,2.79701,10.93943987,52.3504449
7744,4.16288,2.48537,13.1855547,49.41546886
7745,4.5048,2.03078,10.37862531,50.86105407
7746,4.00028,1.5131,7.071391103,52.62422998
7747,19.4297,2.07172,10.12908333,51.56194387
7748,5.33793,2.63838,13.9916797,49.86995209
7749,8.4118,3.0508,15.34458527,50.82546201
7750,11.4501,4.75539,22.6430924,50.12457221
7751,2.47368,1.55853,9.289094204,47.87953457
7752,8.57725,2.19097,11.84226194,49.44558522
7753,4.2655,2.14958,9.973500376,52.862423
7754,4.5112,1.92252,9.850916274,50.38193018
7755,2.618,4.18653,18.99757254,51.9945243
7756,4.92238,2.10963,10.23752676,51.34839151
7757,10.9187,1.83778,9.386798783,50.15742642
7758,11.12028,1.69906,8.734739547,50.22039699
7759,4.78208,3.0268,16.95505732,48.16974675
7760,3.71155,1.82042,8.503747575,52.59685147
7761,10.50168,2.2286,12.02573509,48.29568789
7762,17.26808,10.527,38.20932945,52.67077344
7763,18.45973,2.43728,12.85995179,49.66735113
7764,2.7018,2.06367,10.02698128,51.47980835
7765,5.56015,3.28266,15.39567185,51.84394251
7766,4.3458,1.9499,8.701408809,51.70157426
7767,23.2326,4.26811,20.84048263,50.68035592
7768,5.10093,7.86397,30.5746702,52.04654346
7769,5.42333,3.179,16.52336973,49.01026694
7770,3.33905,6.83235,31.68126968,51.17316906
7771,3.26968,1.88222,9.666672677,50.32717317
7772,12.2566,2.01675,9.388019646,52.12867899
7773,3.50933,2.91067,13.97733752,51.9835729
7774,7.40675,1.92841,8.941800239,51.41136208
7775,7.19315,2.587,11.81876922,52.41889117
7776,9.24678,2.76648,13.32364257,51.61396304
7777,4.00623,2.86452,14.34466312,50.66392882
7778,14.43298,5.99383,26.28422664,50.47775496
7779,13.77033,2.22253,11.31882,50.21492129
7780,12.7906,1.71251,8.800263132,50.2477755
7781,2.78958,2.30542,12.28448687,49.82614648
7782,3.21668,1.30437,6.753374138,50.39835729
7783,4.10948,2.55783,11.80129785,51.77002053
7784,10.29598,2.33272,12.38654152,49.229295
7785,4.1503,2.64413,12.21360572,52.77207392
7786,6.29405,1.4249,8.512601793,47.91786448
7787,3.4835,1.70527,8.793376518,50.88569473
7788,4.1401,1.55314,7.374639185,52.24914442
7789,3.7359,2.36677,12.60416326,49.63449692
7790,4.29233,0.9723,4.503987871,52.56673511
7791,3.30153,1.33951,6.60562604,51.51813826
7792,6.17758,3.19225,17.04324391,49.7412731
7793,2.44685,1.89046,9.405052459,50.770705
7794,2.01403,0.754078,3.434843992,49.93566051
7795,7.82423,2.33581,11.28372316,50.26146475
7796,13.82963,3.43338,15.35240827,52.12320329
7797,3.46025,2.04663,9.419122013,52.02190281
7798,6.24693,2.99816,15.08618908,50.46680356
7799,5.04198,2.23495,12.50068626,48.63518138
7800,4.71873,1.91834,8.950583339,52.01916496
7801,16.52468,2.7343,12.57524186,52.57221081
7802,6.30188,2.14157,9.965475871,52.75290897
7803,3.92303,2.32439,11.31778879,51.44421629
7804,2.91493,1.53439,7.85177131,50.87474333
7805,3.2198,7.06427,35.68996657,47.90691307
7806,18.8615,2.54645,12.68571215,47.83025325
7807,6.71633,2.99551,14.38448932,51.70978782
7808,4.32708,2.12565,11.37025033,48.07392197
7809,5.21545,2.01936,9.370370475,52.5174538
7810,3.31503,3.71751,17.40831743,51.30184805
7811,4.43073,0.873695,5.08618531,48.31759069
7812,3.49773,1.67195,7.849234761,51.96167009
7813,17.08633,5.30284,23.4905845,50.33812457
7814,6.09088,2.70347,13.7227343,50.12183436
7815,8.41153,2.90057,15.29681753,49.60438056
7816,5.74388,1.07948,6.520319737,47.55920602
7817,5.09668,1.02585,5.039543612,51.83025325
7818,15.35425,5.60832,30.72295169,47.15400411
7819,8.86248,2.84822,13.62791001,51.14852841
7820,20.89053,2.05392,12.7518521,46.6146475
7821,7.15683,1.63657,8.816217319,49.18275154
7822,7.69213,2.4546,12.36805078,50.4202601
7823,8.16195,2.6018,13.15011412,50.41204654
7824,21.71243,1.43031,8.148298721,47.92881588
7825,15.41585,5.91958,28.27103259,50.13278576
7826,4.2675,4.29779,19.61677516,52.78028747
7827,2.45228,2.75505,13.90704902,50.58453114
7828,4.3058,1.81388,8.518978727,52.1670089
7829,10.6463,3.60993,21.48208749,46.6146475
7830,11.43988,2.06914,11.11158151,49.25393566
7831,21.5761,2.4332,12.30866707,50.24503765
7832,5.78903,2.0381,9.522492343,52.65434634
7833,2.15233,1.46045,6.860407056,52.56125941
7834,1.91383,1.1447,6.229635874,49.60985626
7835,4.63315,2.02153,11.8735421,47.77275838
7836,3.63588,2.20263,12.95394637,47.34839151
7837,14.65393,2.95708,15.59302491,49.46748802
7838,5.33375,1.64121,7.683529312,52.40520192
7839,4.3594,2.01691,10.34743997,49.96851472
7840,2.6778,2.57899,15.70527316,46.83915127
7841,5.2486,7.0543,31.69205594,50.98425736
7842,4.5212,1.74402,8.123383638,52.38877481
7843,4.75135,2.04043,8.709480727,52.08761123
7844,6.56923,1.90723,9.799260742,50.80355921
7845,6.47923,4.29109,19.13518629,52.59958932
7846,4.10815,5.19249,24.81729486,51.14031485
7847,8.24028,4.86614,21.58023063,52.90622861
7848,7.86913,2.1623,10.51672503,51.8110883
7849,6.6262,5.29846,24.53388876,51.51813826
7850,3.59,1.55265,7.631316687,51.50992471
7851,11.7582,2.8347,14.2895465,49.96851472
7852,22.5847,2.26117,12.06271656,49.82888433
7853,5.24473,2.29396,12.37326612,49.72210815
7854,9.3056,2.00204,11.42740567,48.5229295
7855,19.67655,2.62221,14.38650434,48.24093087
7856,3.46125,4.4387,17.45181807,49.31964408
7857,9.98788,1.68027,9.129232303,48.45995893
7858,16.9566,1.59461,9.141156458,48.72553046
7859,3.45013,1.58001,8.533688345,49.43737166
7860,5.41595,1.27874,8.07088654,46.67761807
7861,3.98568,2.05044,9.01293031,52.52019165
7862,3.96235,3.34077,15.09910889,52.12867899
7863,5.82288,2.78258,12.2861463,51.8220397
7864,7.2984,1.43138,8.531827418,47.2936345
7865,13.3165,3.95469,18.70089104,51.00616016
7866,7.20338,1.77993,9.649142036,47.19233402
7867,10.61068,4.89953,26.109987,48.12046543
7868,8.0264,2.1402,13.24671636,46.69952088
7869,4.92768,2.38995,11.52867801,51.93702943
7870,7.91538,1.73603,8.538832562,51.23340178
7871,7.75743,8.35165,35.59004548,51.81930185
7872,3.871,1.88776,10.09099953,49.54962355
7873,9.96048,1.57778,8.149744791,50.46132786
7874,6.48,2.44143,11.84238047,51.88227242
7875,2.56803,1.18881,5.468433879,49.11704312
7876,5.65323,1.81188,10.71000064,47.21697467
7877,7.75743,8.35165,28.85064607,50.96235455
7878,16.15613,2.74792,15.87702366,47.62491444
7879,10.30138,1.0415,6.047312469,50.06160164
7880,12.30413,3.57796,16.12368535,52.14236824
7881,4.89493,2.87983,15.18788813,49.92744695
7882,4.23558,1.22172,6.337415533,50.50239562
7883,3.07543,1.44005,7.080849826,51.79466119
7884,6.18375,0.957482,4.468440615,52.56673511
7885,5.3687,1.85867,8.659081616,51.85215606
7886,8.53743,2.73959,13.24221221,51.49897331
7887,2.82803,1.7837,8.350736729,52.00273785
7888,17.72585,8.88691,40.53619901,50.04517454
7889,3.13438,1.52758,7.839408593,50.87474333
7890,4.55855,2.91156,15.26054724,49.68651608
7891,13.62653,2.48408,12.03367662,51.4934976
7892,4.0301,2.76042,13.38753044,51.97809719
7893,5.93763,1.5459,6.720790141,52.97467488
7894,7.15363,2.75449,13.71846721,51.08281999
7895,5.6013,1.57394,8.09469929,50.02053388
7896,5.9967,2.60633,13.06785405,50.46680356
7897,6.50483,3.23977,16.19658152,50.18206708
7898,13.13508,1.90603,9.795337387,50.47775496
7899,4.31143,3.47129,15.34221466,52.32580424
7900,8.6522,3.9455,19.28702369,50.9486653
7901,7.61148,5.4158,21.27062932,51.05270363
7902,2.41668,2.74724,12.64055209,52.6954141
7903,7.0409,5.17965,22.87908635,52.03285421
7904,10.23133,2.9251,16.03123166,48.1724846
7905,4.11968,2.04952,10.51358398,50.90759754
7906,15.43295,5.66978,27.18813919,50.69952088
7907,7.9811,3.45368,19.5501611,47.19507187
7908,11.89305,7.61729,32.49415091,52.45174538
7909,4.37355,2.5529,11.79481424,52.95003422
7910,4.3039,3.42082,15.57749743,52.53661875
7911,7.78633,2.45802,11.90388588,50.04517454
7912,4.8529,1.28711,6.004380771,52.11772758
7913,11.33988,2.49383,12.06105714,51.44147844
7914,4.4006,1.85416,9.598138421,50.87200548
7915,3.7801,2.29864,10.72149809,52.37234771
7916,8.87268,3.94167,18.62289806,51.65776865
7917,4.75058,1.66213,8.199373454,50.56536619
7918,10.98603,1.38857,7.181470252,49.54140999
7919,17.5591,6.06625,25.63515437,52.28747433
7920,2.35498,1.22707,5.788216947,52.93360712
7921,11.94843,3.11692,14.90886765,51.08008214
7922,2.8695,2.5456,12.88318374,50.68035592
7923,4.60428,2.25614,10.81225679,51.50718686
7924,7.7514,2.31807,11.63924313,50.50239562
7925,6.0288,3.45291,17.21037172,50.38466804
7926,9.44015,3.60926,19.5154317,48.22724162
7927,5.17965,2.49433,13.79717137,48.45995893
7928,6.35295,2.74228,15.1678565,48.12867899
7929,6.73255,1.78658,8.769599327,51.31279945
7930,7.1662,2.08957,9.565992986,52.05749487
7931,7.90338,2.02244,10.8369111,46.275154
7932,6.02003,2.29,11.60481006,50.53524983
7933,4.97483,2.92871,16.8573883,47.6550308
7934,4.8521,1.93332,10.3739078,49.78507871
7935,6.98465,2.47719,11.99432454,51.02532512
7936,2.14175,4.58471,21.65917185,50.34086242
7937,2.46985,0.753572,4.316401717,46.36276523
7938,2.24523,1.89117,10.61090926,48.22997947
7939,22.606,4.85412,23.95522352,50.25051335
7940,3.50495,1.17649,7.02094458,47.8384668
7941,2.96623,2.71651,12.90001505,51.07734428
7942,2.8481,1.25903,7.967705859,46.67761807
7943,3.34498,1.55477,8.819192431,48.83504449
7944,8.4323,2.9592,14.92356542,50.2642026
7945,14.85733,4.48323,20.9309213,51.55373032
7946,12.5087,2.1058,10.73808049,50.37097878
7947,13.73925,2.0257,10.94791479,49.53593429
7948,8.84008,1.56746,7.858373452,51.321013
7949,3.07173,2.26504,10.97056594,51.04996578
7950,3.9066,3.86087,17.50088964,51.99178645
7951,10.21103,3.36101,14.50361234,51.20328542
7952,4.21763,1.70173,7.964991514,52.0054757
7953,3.45353,2.42869,13.47073875,48.05749487
7954,3.30163,1.65489,8.568785185,49.63723477
7955,2.88093,2.89667,15.90345593,48.55578371
7956,3.73293,1.69489,8.714055999,50.21492129
7957,4.4361,2.31632,10.93127313,50.72963723
7958,2.82505,1.98549,10.14222835,50.48870637
7959,5.1522,1.40147,8.375248808,47.30184805
7960,5.47823,4.16897,20.61657878,50.52156057
7961,13.51913,5.25342,20.84747592,50.97604381
7962,3.26915,1.29437,6.621947671,50.4202601
7963,7.2964,3.42321,18.58319039,46.46680356
7964,7.045,2.67661,13.61060458,50.85557837
7965,7.26635,1.9608,9.579588419,51.10472279
7966,17.93165,3.7015,18.39057855,50.47501711
7967,3.03043,1.07772,6.487486826,48.31211499
7968,3.91433,1.22592,6.981699177,48.59958932
7969,2.44398,2.37289,12.08345938,50.30253251
7970,7.08948,2.68736,13.50665345,50.49965777
7971,6.24968,6.17022,27.80449708,51.84120465
7972,4.10815,1.46542,7.561526009,50.94045175
7973,4.56258,2.00808,9.774061187,51.72073922
7974,6.879,1.82916,8.957055097,50.06707734
7975,4.16745,1.03345,4.894308358,52.14510609
7976,4.15708,1.93532,11.4683105,47.58658453
7977,3.13883,1.5368,7.940597965,50.62286105
7978,5.29773,1.18853,6.806132003,48.85420945
7979,10.83438,2.65816,14.9520127,47.55099247
7980,6.57135,4.86225,21.6573939,52.16974675
7981,3.9791,1.47507,7.618645791,50.6036961
7982,5.34268,1.42319,6.663326621,52.70362765
7983,3.9653,2.08164,9.724278434,52.15879535
7984,4.51695,1.89695,9.258134073,51.49897331
7985,15.35135,2.52285,12.72802749,50.07255305
7986,24.27115,3.23731,15.99626521,50.12183436
7987,4.47373,1.09922,6.58501361,47.43874059
7988,7.04493,3.44307,17.14506149,50.55715264
7989,4.14458,2.08859,9.421267413,51.02532512
7990,4.90703,3.82598,18.13324913,51.82477755
7991,12.35475,7.75836,40.14990856,46.50513347
7992,15.26818,4.74265,18.07564337,52.03285421
7993,6.85653,1.66768,8.579832215,50.12457221
7994,7.81098,3.81057,18.00914784,50.92128679
7995,17.6532,2.9392,14.10392795,51.03627652
7996,4.16433,1.23751,7.803268686,47.95619439
7997,12.49738,4.18533,22.17181568,48.84325804
7998,5.4814,2.92242,14.02794999,51.6440794
7999,4.6265,1.43655,7.419218455,50.50787132
8000,8.8955,1.44665,7.86176342,49.93292266
8001,3.08998,1.03536,5.112131607,51.71252567
8002,13.2834,2.7711,14.20503435,49.11156742
8003,4.01843,2.1343,11.40106822,49.89185489
8004,9.67748,1.50287,7.399293501,51.49075975
8005,7.7955,1.86361,8.637200911,52.41889117
8006,4.6278,1.96417,10.05503741,50.06433949
8007,7.24735,2.81655,14.22056183,50.45037645
8008,7.33928,2.45832,12.45007379,50.66119097
8009,3.30908,1.13348,6.468794588,47.63039014
8010,12.56425,3.42178,16.98694198,48.87063655
8011,17.21895,4.6572,20.75845962,50.77344285
8012,5.31978,2.17337,10.06565773,52.23819302
8013,4.70688,1.86817,9.714535238,50.45585216
8014,15.867,2.79816,15.54905014,48.57768652
8015,13.27608,3.86932,22.94818956,47.53456537
8016,2.57133,1.25875,6.822998873,49.045859
8017,2.81048,2.0697,9.687735523,51.75085558
8018,5.30125,3.31824,15.13881656,52.21081451
8019,5.263,1.65374,8.606252633,50.34907598
8020,3.21723,1.48733,6.970521764,52.43258042
8021,14.7665,4.61487,21.55296865,51.10746064
8022,6.84613,3.12697,14.97595584,51.04996578
8023,4.786,2.83351,14.23988228,50.49965777
8024,3.53458,2.58661,15.67208466,46.69678303
8025,5.28735,2.3041,10.78134407,51.89322382
8026,4.55708,2.55315,11.6096461,52.91444216
8027,2.6328,2.45347,11.32864617,52.14510609
8028,6.3868,2.52855,11.35217445,50.275154
8029,4.47255,2.50507,13.25430231,49.12251882
8030,2.74025,1.68263,8.655750913,50.15468857
8031,4.60408,3.22702,15.37967026,51.84394251
8032,2.23183,3.75759,19.84150873,48.84052019
8033,7.16255,1.37942,7.504240285,49.10882957
8034,10.22938,2.55257,11.78317455,52.49007529
8035,6.85505,2.06383,9.628802226,51.23340178
8036,4.90863,1.90819,8.891910809,52.30116359
8037,1.73383,2.85551,13.36287612,51.29637235
8038,3.358,1.85389,9.910406664,49.78507871
8039,3.68263,2.71707,14.51688774,48.04654346
8040,10.4618,3.06286,14.73202035,51.2936345
8041,3.48448,0.695329,3.846938507,48.7063655
8042,20.73023,2.40414,13.4381429,49.16084873
8043,2.95493,4.69857,21.21918714,51.39767283
8044,8.848,2.17343,10.63111869,51.8110883
8045,3.81763,3.19867,14.5835018,52.14784394
8046,3.05238,0.877613,4.665070635,49.84257358
8047,14.34215,1.56077,7.655971003,51.04175222
8048,5.75573,3.38366,16.75213333,50.00410678
8049,13.44265,5.89792,29.31599627,49.33607118
8050,9.93695,1.49063,8.077204209,49.72758385
8051,6.26393,2.23762,10.42617969,52.42984257
8052,9.23358,3.07025,15.38737473,50.7980835
8053,3.79243,2.56305,11.88942517,52.82683094
8054,3.47425,1.3978,6.804496284,51.55646817
8055,5.5757,1.49197,7.29927758,51.79739904
8056,3.6267,1.85857,9.115411663,51.96988364
8057,23.00485,10.8188,45.88725227,49.46201232
8058,10.3393,2.1869,11.28749243,49.94113621
8059,2.54113,1.1608,5.468433879,51.15126626
8060,7.61698,2.86106,13.78259214,50.32991102
8061,5.70038,3.15042,15.0371175,51.54551677
8062,9.61875,1.2983,8.274924708,47.37577002
8063,6.66413,2.19289,10.69516064,51.05270363
8064,3.58658,4.27094,20.80065643,50.70773443
8065,5.61568,3.752,16.9132161,52.65160849
8066,1.99155,1.4189,7.618041287,49.01300479
8067,2.84163,2.50911,12.74509587,50.2696783
8068,11.3969,1.3415,8.159570958,47.32922656
8069,8.57133,2.19097,10.9030629,51.70431211
8070,13.5625,5.47502,25.11089457,51.18138261
8071,8.9959,1.03637,5.452325603,51.78370979
8072,6.66183,3.2351,16.14988056,50.06160164
8073,6.27895,6.73227,27.55783539,51.96714579
8074,11.14555,2.12241,11.9680108,47.65776865
8075,5.53385,1.78433,11.15573407,46.70499658
8076,4.50423,1.75753,9.053112104,50.99247091
8077,6.00073,7.55306,34.96444222,50.82546201
8078,5.7607,1.41119,7.437958105,49.64271047
8079,1.78285,1.29169,6.055265856,52.75017112
8080,4.8499,1.19124,6.473547656,49.5523614
8081,5.15218,2.644,12.21360572,52.89801506
8082,2.82418,2.58997,15.02668683,47.06639288
8083,2.7072,1.3211,7.155938811,49.54688569
8084,3.20603,5.06445,22.10200129,52.26283368
8085,10.36605,2.68407,13.41562213,50.75427789
8086,3.1768,1.75165,8.59253867,51.25256674
8087,4.29605,1.59979,7.531964537,52.33127995
8088,2.86525,2.40845,11.83865862,50.20396988
8089,14.62265,4.05489,20.80468646,49.47296372
8090,4.07803,1.94122,9.89473695,50.10814511
8091,3.38355,2.08761,11.28257342,49.25667351
8092,2.84033,1.77814,9.591465162,49.73853525
8093,3.10073,1.01627,5.818691103,48.01916496
8094,4.03195,4.73689,27.24005549,46.98151951
8095,5.47278,3.33891,16.66643588,50.09445585
8096,6.30825,2.13129,11.8464105,49.18275154
8097,1.80023,2.04305,10.36470984,50.51060917
8098,5.95468,3.00947,14.35924236,51.72347707
8099,5.4041,2.71028,13.1363646,51.95619439
8100,11.904,2.49942,11.55356939,52.24093087
8101,8.09898,5.62848,24.7838693,52.85420945
8102,20.7741,5.97653,27.06569732,49.73305955
8103,11.17465,3.09204,14.86785615,51.4880219
8104,10.34793,3.80374,19.83368572,48.56673511
8105,15.23895,3.35243,14.05236724,51.20602327
8106,5.72988,5.69636,25.3772323,52.88158795
8107,23.41523,2.51903,12.78207734,50.2587269
8108,5.96413,1.54292,6.720790141,52.46269678
8109,5.4374,2.02148,9.425024825,52.42984257
8110,2.08503,1.07166,5.180938483,51.71252567
8111,7.7041,2.01946,10.83591545,46.275154
8112,3.33555,1.76168,8.389294656,49.65366188
8113,3.7357,2.65145,9.396257506,52.95824778
8114,9.04538,2.69944,13.77832504,50.97878166
8115,3.12133,1.45422,7.102789796,51.40314853
8116,13.48878,3.63785,17.30685544,49.5742642
8117,22.1682,2.29894,11.69798678,49.59342916
8118,5.3027,2.31868,13.10329462,48.90622861
8119,13.0226,3.80699,17.77576155,51.816564
8120,2.12433,2.23347,11.79196951,49.43463381
8121,2.52505,2.21344,11.29330041,50.4476386
8122,11.22348,4.22379,19.19148822,51.3100616
8123,10.47008,4.34266,20.45988164,51.08829569
8124,12.2768,4.15713,20.54949059,50.69130732
8125,4.75598,1.8617,10.90126124,47.95345654
8126,2.6172,1.78562,8.334071359,52.22724162
8127,13.76558,6.92658,22.9545902,52.65982204
8128,4.2958,1.95096,9.511220105,51.17043121
8129,6.1312,1.61407,8.33657235,50.21218344
8130,3.88803,1.4945,7.379392253,49.48391513
8131,2.9846,2.29316,11.12616075,51.20054757
8132,6.37723,3.38666,16.2823975,51.54551677
8133,6.4671,2.06561,12.08689676,47.07734428
8134,3.90568,2.21253,9.719074951,52.65982204
8135,4.80368,1.6235,8.743700443,49.33880903
8136,8.08473,1.98349,11.16467126,46.32991102
8137,5.86143,1.8432,10.88229638,47.47433265
8138,12.134,2.98344,16.49065535,48.72279261
8139,4.41523,2.03887,10.1020347,51.05544148
8140,5.24748,7.0543,30.36321204,52.07665982
8141,4.0946,1.12572,6.735440494,47.63312799
8142,7.22155,1.60142,8.277141226,50.91581109
8143,10.52803,5.52039,22.56747003,52.27926078
8144,9.93283,2.64309,14.10783946,49.06228611
8145,5.34055,1.12192,6.252132937,48.62696783
8146,19.63448,3.63914,17.30685544,50.85010267
8147,3.38028,1.63506,10.24891753,46.60643395
8148,3.71105,2.15299,11.49464794,49.91649555
8149,4.01095,1.7096,9.228122185,49.36618754
8150,2.56505,2.60907,12.61032684,51.07734428
8151,4.77513,4.55432,17.36315736,50.37645448
8152,4.22428,1.71831,8.844344574,50.88569473
8153,5.15498,6.69109,28.54791952,51.39219713
8154,5.98095,1.47959,7.992905414,49.26762491
8155,3.49623,1.16306,7.069257557,47.75906913
8156,2.6957,1.76946,9.603981968,49.12251882
8157,3.5494,2.5949,12.50850926,51.8384668
8158,2.32518,1.16753,6.11844254,50.12731006
8159,3.57388,2.20036,10.14493084,50.20944559
8160,13.91153,2.21929,10.32125661,52.49281314
8161,7.55533,3.35202,16.69180138,50.75154004
8162,5.99955,2.60633,13.85157681,49.0294319
8163,7.97678,2.32957,11.28372316,50.26146475
8164,2.85495,2.75675,12.68215624,52.14510609
8165,8.78818,2.52542,15.45967825,46.9596167
8166,4.68478,1.76658,7.908879239,51.24435318
8167,4.95353,1.58281,7.774667309,51.01163587
8168,8.9303,4.27327,21.84550158,49.60438056
8169,15.54898,3.78599,20.5928727,48.09034908
8170,3.55543,1.6672,7.756970726,50.81724846
8171,2.85038,2.55711,12.28567218,51.89869952
8172,8.17433,2.95343,13.54612406,52.15605749
8173,5.80843,4.92747,26.08248796,49.29226557
8174,6.9774,2.66044,14.67583696,48.29568789
8175,11.6625,7.35481,34.05566992,50.49965777
8176,5.1282,2.18929,11.61914038,49.94661191
8177,6.67823,1.89044,8.810041887,52.93086927
8178,5.73735,3.06985,14.67228105,51.89048597
8179,5.37983,2.57758,13.86260013,48.81587953
8180,3.55798,0.997718,6.23016926,47.42778919
8181,11.7582,3.51861,17.38710049,50.39288159
8182,3.824,0.786347,3.713662966,49.93566051
8183,10.00348,2.63398,12.93592975,50.47775496
8184,8.91598,6.7589,28.74859142,52.36687201
8185,11.71585,2.07902,11.66117125,48.3613963
8186,5.2235,3.52845,19.28453455,48.65708419
8187,2.7838,2.67016,14.13960559,49.9192334
8188,10.17763,4.96484,25.40911696,49.69472964
8189,9.34753,2.30794,9.648490119,52.31759069
8190,3.38313,1.56812,8.034533278,50.47227926
8191,4.19235,1.99535,8.509318502,52.05749487
8192,2.4118,1.35578,6.391832823,52.55578371
8193,7.97288,3.43398,17.9812932,49.62902122
8194,10.0829,2.76064,12.75517095,52.95550992
8195,3.20513,2.32417,14.22897749,47.51540041
8196,3.5255,2.88736,13.24967962,52.29568789
8197,8.17298,2.81648,12.93498151,52.39425051
8198,4.02353,2.84076,13.20807547,51.96988364
8199,1.95953,5.27316,23.99907976,52.20260096
8200,5.14928,2.9016,13.00609973,49.57700205
8201,4.71963,3.67284,18.12187022,50.67761807
8202,3.01688,1.76421,7.565093773,52.44626968
8203,7.621,1.85725,8.667307623,52.71457906
8204,15.41608,2.65202,15.4418987,46.84736482
8205,5.04413,2.23495,10.34253281,50.64750171
8206,2.62175,4.18653,20.3430107,50.4202601
8207,3.53595,1.49032,7.36021404,51.36755647
8208,3.82913,2.02416,9.49679496,52.07118412
8209,3.72348,1.73993,7.829179423,51.71526352
8210,3.75028,1.39463,7.930617708,48.05749487
8211,6.3384,2.15417,10.03393901,52.20260096
8212,7.47333,2.24704,11.3828501,50.49965777
8213,5.2097,2.14279,10.33979476,51.13483915
8214,9.23545,2.46942,12.48243258,50.80629706
8215,3.80118,1.5207,7.132766125,52.84052019
8216,24.014,3.18671,19.30219557,46.88843258
8217,2.4528,1.23712,6.052350009,51.69062286
8218,3.9386,1.03175,4.895161776,52.26557153
8219,6.07695,2.8273,14.87757564,49.62902122
8220,3.34728,5.38031,23.93495483,52.11225188
8221,3.13323,2.67927,12.93474445,51.81382615
8222,14.04883,2.00315,10.5542636,49.64544832
8223,3.87695,2.3122,12.1436728,49.87542779
8224,4.06318,1.97851,9.647601142,51.69336071
8225,16.86175,1.98309,11.58496808,47.137577
8226,6.16283,1.11956,5.26126651,52.3449692
8227,5.2124,2.14279,10.33959326,51.66872005
8228,9.55453,2.90743,13.96050621,51.57563313
8229,3.14508,2.46712,11.40017924,52.0164271
8230,2.14248,1.46428,7.542810065,50.29979466
8231,9.99665,3.70181,17.5612216,51.57015743
8232,7.3857,1.78627,10.57497085,47.87679671
8233,8.28628,1.54841,7.259202464,52.61601643
8234,4.22255,1.39054,7.545548116,49.68925394
8235,9.35443,3.75432,20.98686763,48.23819302
8236,3.94143,1.41815,7.07376171,51.77275838
8237,8.12178,2.82977,16.36963585,47.63586585
8238,3.20763,4.29609,19.17773869,52.20260096
8239,3.68775,3.24607,13.08741156,52.76933607
8240,7.93263,2.27164,12.15351082,49.65092402
8241,3.70763,2.86208,13.69156082,51.11841205
8242,4.93418,2.03544,10.4361955,50.01779603
8243,4.97063,1.91968,9.383645875,51.19780972
8244,22.34135,4.16861,21.49915586,49.9192334
8245,6.15188,2.33403,12.22794789,49.76865161
8246,8.90533,4.38933,21.50543797,50.10814511
8247,6.59118,3.16192,16.54909082,49.56057495
8248,10.57538,3.19871,14.51179093,52.02190281
8249,4.7565,2.86915,16.46837164,47.59753593
8250,4.95773,3.50353,17.52210658,50.07802875
8251,22.67413,3.78565,17.77730245,51.60027379
8252,5.27018,5.24985,26.47837937,48.12867899
8253,9.5102,2.81504,15.53885653,48.97741273
8254,10.261,4.97662,27.47367883,47.66324435
8255,5.554,3.86528,19.897218,49.14989733
8256,7.1685,1.98977,9.284270018,52.65434634
8257,19.97348,2.05225,12.06876161,47.90965092
8258,3.9986,1.31733,7.270237641,49.77412731
8259,4.0341,2.67251,15.69863546,47.16495551
8260,15.58233,2.45961,14.40238741,47.36208077
8261,7.63535,1.94419,10.59905622,49.9137577
8262,5.47243,2.4633,13.67224037,48.25462012
8263,3.9424,1.41815,6.657281572,52.70362765
8264,3.75423,1.19829,6.858593542,48.91444216
8265,8.82028,4.43554,21.77248688,50.65571526
8266,15.5858,2.6183,13.34723011,49.90006845
8267,4.7271,2.3898,11.04366362,51.74811773
8268,17.7619,6.06408,26.51820557,51.90417522
8269,12.08078,2.20887,10.22261564,52.14236824
8270,17.9491,3.2602,14.50361234,48.39698836
8271,10.39945,2.28306,12.78515913,48.65160849
8272,13.6104,6.55688,28.46862271,51.94798084
8273,4.23108,1.31372,6.901276325,49.76865161
8274,2.1106,3.92106,21.22523219,46.69404517
8275,5.16033,1.4457,6.811145837,52.30390144
8276,8.69085,1.99046,10.20411305,50.67761807
8277,8.6369,4.0341,22.63218761,47.21971253
8278,4.07785,2.56532,12.98903135,50.44490075
8279,9.97368,2.57748,11.86832677,52.40520192
8280,7.30905,4.21235,20.53550401,50.84736482
8281,7.35285,2.13965,13.24671636,46.67214237
8282,2.98723,1.0693,5.561219448,50.37645448
8283,6.28663,1.27578,6.278577061,51.56741958
8284,14.95438,11.0028,45.88725227,50.56810404
8285,2.50723,4.13352,20.32795734,50.63381246
8286,14.90265,2.34965,11.42718046,51.52635181
8287,3.4356,2.51572,13.36738027,49.84531143
8288,3.28488,1.02772,5.908537119,48.64065708
8289,3.3114,1.54511,6.736708769,51.24161533
8290,3.9507,6.21906,26.99837208,52.44079398
8291,6.32263,1.74845,9.40142543,48.88706366
8292,2.51395,1.73479,9.801133522,48.28199863
8293,11.51175,1.919,9.802615151,50.0862423
8294,8.37658,3.5617,18.16074817,49.98494182
8295,19.64108,6.02889,29.79485894,48.17522245
8296,6.10505,1.35488,6.462062063,51.34017796
8297,4.87338,1.8666,9.577312636,50.11088296
8298,8.9768,1.79672,8.558010775,51.27720739
8299,4.6903,1.61065,8.302447458,50.41478439
8300,2.9802,1.48929,8.147990542,49.69199179
8301,3.98295,0.991701,5.11866263,50.37645448
8302,7.4556,2.18284,12.81005051,47.15126626
8303,9.6898,1.77439,9.57596139,49.97399042
8304,5.45713,0.82607,4.270601585,50.0971937
8305,17.037,5.52941,28.87565597,48.37234771
8306,5.87235,4.13804,20.27734488,50.80629706
8307,5.4009,2.71028,13.07318791,51.60301164
8308,4.07,3.22837,14.56868551,52.06570842
8309,7.14455,5.8159,27.74120187,50.0862423
8310,20.16803,1.74217,8.549038027,51.52908966
8311,4.55328,5.95491,29.75396597,49.54962355
8312,2.28235,2.10235,12.36959167,48.12867899
8313,4.00925,8.16556,35.99648609,48.82683094
8314,6.4324,1.80328,10.15833662,48.63244353
8315,12.98385,2.36736,11.48119475,51.84394251
8316,15.745,6.42374,34.09288845,46.56536619
8317,2.54348,1.30591,6.110453593,52.63244353
8318,5.01948,2.65444,12.73833964,51.95619439
8319,3.75768,1.92235,9.380872265,51.46338125
8320,2.45113,1.93383,10.47227615,49.85352498
8321,16.80965,3.27816,18.95419043,47.69062286
8322,6.24265,1.77214,9.994231337,48.1889117
8323,4.48433,1.44282,7.508270317,49.87268994
8324,6.3974,3.64901,21.87821596,46.79534565
8325,5.7323,2.14805,10.96426013,50.94592745
8326,3.9358,3.29899,17.14814328,49.17453799
8327,6.02783,2.74964,12.99875084,50.19028063
8328,7.12868,1.55905,7.304694418,52.97467488
8329,6.21513,4.3865,19.99192376,51.98631075
8330,9.60945,1.34007,6.627850483,51.1430527
8331,15.2735,4.69244,26.18904676,47.51540041
8332,6.79573,2.13326,10.8550344,50.34633812
8333,9.67195,1.50287,7.068878259,51.28268309
8334,14.74838,1.51193,8.166659074,49.27036277
8335,25.26705,5.45907,24.24325231,48.93360712
8336,3.11268,1.69718,8.637817269,50.52703628
8337,12.32953,3.65363,18.66865078,49.62628337
8338,5.6555,3.02862,13.8905733,52.19986311
8339,23.54183,7.80568,37.58917859,49.99315537
8340,3.2237,1.48733,8.06452146,49.00205339
8341,10.96338,1.37209,7.768681526,48.85147159
8342,13.0948,3.44715,17.19946693,50.36002738
8343,6.04943,1.17936,6.108734903,50.33264887
8344,2.7073,3.7542,18.65146388,50.82272416
8345,5.7828,1.61543,10.00395083,46.4366872
8346,3.80405,1.99275,8.884585633,52.08761123
8347,3.54503,1.76351,8.870172341,51.52635181
8348,3.12625,1.20236,5.609236098,51.14031485
8349,4.46635,1.68612,7.900842881,52.77481177
8350,6.2708,3.09876,14.8485357,51.85215606
8351,3.7395,2.20757,10.73272291,51.02532512
8352,10.50815,2.86614,14.48132863,50.32991102
8353,9.54083,2.32163,12.48895175,48.06844627
8354,11.6986,2.24817,10.93217396,51.06365503
8355,8.74448,3.43642,17.07394327,48.87063655
8356,2.44855,1.81386,8.885486463,50.38193018
8357,5.63615,3.04712,15.23790794,50.52429843
8358,5.28598,2.25052,10.94774885,51.11293634
8359,3.3496,5.38031,23.93495483,52.11225188
8360,6.00015,2.9128,14.03209855,51.50718686
8361,6.33475,5.07641,24.61010378,50.82819986
8362,2.95955,2.61925,12.13644245,52.57494867
8363,2.85795,2.10438,9.805365056,52.26009582
8364,3.24115,4.28482,21.64506674,50.55441478
8365,5.86128,1.29422,6.99740445,49.53045859
8366,3.97315,1.55146,8.384434911,49.51676934
8367,6.85213,2.69732,13.7227343,50.35455168
8368,8.0765,3.80362,17.38532254,51.27173169
8369,14.4093,5.73199,28.8694924,48.41615332
8370,8.84185,4.08994,20.05308543,49.9192334
8371,8.99423,3.09019,15.60535207,50.4476386
8372,12.80365,3.42269,16.23688184,51.12936345
8373,2.94363,2.87653,15.64150383,48.23545517
8374,3.85375,2.90121,12.69069043,49.87542779
8375,13.97958,2.81235,13.55382854,51.04996578
8376,3.40508,1.73138,9.755001504,48.37234771
8377,7.93353,2.62532,12.6851195,50.40930869
8378,4.42163,1.70501,9.767660547,48.183436
8379,6.6311,2.52952,13.22218058,48.15879535
8380,3.3158,4.53976,24.31579289,48.86516085
8381,3.3335,1.84362,9.071057601,51.35934292
8382,3.5554,2.20496,11.20428411,50.43942505
8383,3.11268,0.989937,5.101440168,50.81724846
8384,2.87763,3.78063,19.54541988,49.79876797
8385,4.67935,3.3299,15.91673133,51.45242984
8386,2.66928,1.13496,6.489371459,48.58042437
8387,9.84955,3.06005,14.58658359,51.6440794
8388,2.11325,1.90668,8.816252878,52.3559206
8389,6.72233,1.77523,9.135419588,50.86652977
8390,6.3028,3.21361,16.14988056,48.02737851
8391,10.61068,2.11137,11.81667123,48.0164271
8392,7.41358,1.54468,9.209702567,47.71800137
8393,16.18115,3.32179,19.80511991,46.90212183
8394,2.85495,2.15827,9.932927433,52.8733744
8395,8.80925,1.90725,10.8119012,48.83504449
8396,15.1742,1.69433,9.514657486,48.78850103
8397,4.0484,1.23282,6.301524539,50.2642026
8398,7.78855,2.99795,13.69535379,50.40930869
8399,8.89665,7.12831,30.7639632,49.70841889
8400,3.2677,1.29437,6.604843739,50.17111567
8401,7.59945,2.39878,12.18646226,50.20123203
8402,2.54113,1.19493,5.715024448,52.03832991
8403,7.56303,2.06246,9.255680495,52.98288843
8404,2.37998,1.76736,8.535407035,51.39767283
8405,8.13618,3.28834,16.42688602,50.00684463
8406,5.26175,1.65374,8.903680874,49.25393566
8407,20.36263,3.06016,14.59547337,51.85763176
8408,3.8416,0.912515,5.50341219,48.59958932
8409,4.7246,1.4996,8.086176957,49.85352498
8410,10.47008,5.65058,30.36226379,48.73374401
8411,13.78735,2.25131,13.20511221,47.77002053
8412,3.99638,1.62981,8.008669953,51.1156742
8413,3.44158,0.950532,4.808136783,51.61122519
8414,3.30738,2.25725,10.97056594,51.36208077
8415,3.00588,2.13101,9.846530651,52.24093087
8416,4.25448,1.3913,6.53762517,52.28199863
8417,8.72123,3.64216,16.09203774,51.68240931
8418,8.88243,2.36533,10.92994559,52.57768652
8419,14.104,2.32932,12.40349136,49.18275154
8420,3.7008,4.45943,26.30959213,46.95140315
8421,8.8335,3.82806,21.78931819,47.59479808
8422,4.84918,4.33285,23.20314837,48.47091034
8423,7.9141,3.30665,15.16761944,52.15058179
8424,10.7222,2.77715,13.85525125,50.74606434
8425,3.73928,3.19659,15.16560442,51.05544148
8426,2.78283,0.879077,4.830787936,49.51129363
8427,1.80245,1.51986,7.230245496,52.58042437
8428,3.56718,1.18221,6.637238088,48.82135524
8429,4.62225,1.92063,8.926177937,52.65434634
8430,19.98988,2.33164,13.20440102,48.678987
8431,3.58203,1.83115,9.000105325,51.24709103
8432,4.5421,6.37838,24.68714852,50.24503765
8433,4.2843,2.24419,10.39116582,52.39972621
8434,19.5941,2.2189,13.032532,47.81930185
8435,2.66085,2.27034,10.20264327,51.45516769
8436,7.53305,2.53526,11.79503944,52.56125941
8437,3.12193,2.26581,10.39799317,50.92950034
8438,2.14248,1.38614,6.821849129,51.91512663
8439,4.10925,2.34201,12.50021213,49.47570157
8440,17.78393,3.13406,13.95778001,52.0109514
8441,19.35955,3.99063,20.50006343,49.76865161
8442,5.04825,2.33542,11.88492102,50.57905544
8443,6.46228,2.46882,13.17050134,48.15879535
8444,4.97633,2.04686,11.52281076,48.44079398
8445,3.11133,0.989937,5.970647029,47.65776865
8446,4.12928,2.23554,10.82648043,51.71526352
8447,6.10718,2.63372,12.74035465,51.00068446
8448,3.61023,1.28775,6.621947671,50.55989049
8449,9.15143,3.47469,18.25320186,49.75496235
8450,20.73538,5.99075,28.86807003,50.98425736
8451,3.05663,2.01295,10.78045509,49.96851472
8452,10.10588,5.64476,30.00868772,46.86926762
8453,6.8136,7.72717,37.76270704,50.04791239
8454,5.3983,3.33405,15.20460091,52.57768652
8455,4.73998,5.50625,28.62176394,49.23750856
8456,4.6284,2.88192,12.36473193,49.13620808
8457,11.43853,2.06914,11.11158151,49.25393566
8458,4.96978,1.95453,10.44002403,49.69746749
8459,14.26765,2.58922,11.76867829,52.24640657
8460,4.17335,2.2552,11.47215088,50.79534565
8461,7.09233,1.16113,5.762377328,50.7926078
8462,3.90163,1.39201,6.545448174,51.36208077
8463,2.54143,2.31447,11.55834616,50.88843258
8464,11.5657,5.89643,22.12333676,52.5174538
8465,4.3881,2.94012,13.47346495,52.5338809
8466,8.37178,4.67432,22.91760872,50.7761807
8467,3.10105,2.28089,11.53601504,50.4366872
8468,2.24503,3.57279,18.56386994,49.47022587
8469,6.04943,2.24886,10.91920673,51.15400411
8470,6.45198,2.04926,10.45814733,50.64476386
8471,4.47893,1.92217,9.402563321,51.89596167
8472,3.77275,4.39763,19.88014963,52.72826831
8473,13.192,1.96466,10.07719074,50.20944559
8474,8.82028,1.62128,7.341000268,52.96372348
8475,3.69203,1.61642,7.938417006,51.21697467
8476,4.27458,1.7665,9.493819848,49.26762491
8477,8.74083,3.43642,17.93399959,48.49555099
8478,10.33195,2.42413,12.92609173,49.67282683
8479,8.9428,4.4507,19.37378791,52.64887064
8480,3.21248,1.8161,8.228863809,52.08761123
8481,3.66868,1.64458,9.932548136,46.85831622
8482,5.27295,1.49804,7.744821363,50.9596167
8483,7.12128,2.1995,10.77100822,51.8384668
8484,7.05178,0.792259,4.224659216,49.94661191
8485,4.55175,7.32076,31.25361213,52.49828884
8486,11.86658,4.25592,20.65284907,50.13552361
8487,3.13883,1.62296,7.966959118,51.22518823
8488,8.64545,3.72023,20.98686763,48.6844627
8489,3.22798,1.26515,6.577581756,50.98973306
8490,5.67778,5.14088,25.12357732,50.66119097
8491,2.72075,2.29224,13.55596208,47.89596167
8492,10.57165,3.69357,17.5612216,51.08008214
8493,4.42048,1.40872,6.616969396,52.44900753
8494,11.00148,5.22361,21.92124249,50.50239562
8495,7.9852,2.17451,11.62345489,49.14442163
8496,3.9851,3.34781,16.78733685,50.0862423
8497,4.24243,1.66571,8.572269978,50.86105407
8498,3.54965,1.19893,6.586317444,48.63791923
8499,5.9468,4.05455,18.34518142,52.91444216
8500,14.49755,1.50837,7.482786289,51.24709103
8501,2.54143,0.907854,4.75866221,50.90485969
8502,2.69433,3.01458,14.48215834,51.85489391
8503,4.80653,3.28631,17.93068074,48.07392197
8504,4.25248,2.7776,14.03245414,50.57357974
8505,4.29383,1.67628,8.125683127,52.62422998
8506,4.43858,1.31556,6.870529549,49.06228611
8507,3.19498,2.30809,11.67983978,50.99794661
8508,9.7422,3.28402,16.42688602,50.76249144
8509,16.3264,1.38392,7.270356171,48.91991786
8510,9.69328,2.97011,15.63854057,49.94661191
8511,5.01635,2.22722,11.37320173,49.70568104
8512,9.2402,3.85052,18.2740632,51.22245038
8513,10.35608,3.18109,16.72119691,49.724846
8514,3.3335,1.75501,9.060792871,50.4476386
8515,2.7323,1.53374,7.258692784,52.15605749
8516,4.1051,2.20379,11.25418539,50.41478439
8517,12.44848,3.59235,17.25600591,51.52908966
8518,2.44398,2.37289,8.125280124,51.18412047
8519,5.4741,2.30035,12.82925242,48.72553046
8520,4.1072,3.62607,16.46410455,52.25735797
8521,4.14933,3.15627,14.47243885,52.91718001
8522,8.58855,1.15341,6.110406181,50.06160164
8523,9.4866,2.44463,12.46785335,50.83367556
8524,4.81833,1.51562,9.047458205,47.55920602
8525,3.4908,3.0156,13.7988308,52.36960986
8526,2.20858,2.16349,9.932927433,52.11772758
8527,5.70628,2.56626,11.90127821,52.47912389
8528,20.2238,3.24278,15.86683005,50.45311431
8529,4.83263,3.46142,17.27745991,50.38466804
8530,5.55683,1.80319,10.71000064,47.73442847
8531,24.0782,5.85374,29.14543108,49.65913758
8532,13.20813,8.37703,33.09616663,51.77549624
8533,2.86885,1.39448,6.545448174,52.57494867
8534,5.84283,0.948575,4.468440615,52.70910335
8535,3.25803,2.19242,11.73624838,49.2128679
8536,7.61843,4.47756,23.57308163,47.1156742
8537,2.80975,1.72916,8.467915846,51.43600274
8538,6.56448,5.51566,31.69584891,47.8110883
8539,4.61268,1.78112,9.59087251,49.73853525
8540,6.96468,0.732285,3.485089013,52.67351129
8541,5.25458,1.64948,7.681526149,51.56468172
8542,2.4807,1.17934,6.445408547,49.08692676
8543,11.7275,2.97751,14.96433986,50.71321013
8544,7.7777,1.80485,9.290646952,50.46406571
8545,12.06585,5.82957,29.16036591,49.19917864
8546,2.1973,0.987459,5.264241622,50.81724846
8547,8.79633,1.91955,8.924103656,52.21902806
8548,5.08035,2.2943,11.16436309,51.9890486
8549,12.19535,2.47735,13.91427937,47.91238877
8550,21.22425,5.6398,30.72461111,47.00889802
8551,2.55098,1.67259,7.829155717,52.95003422
8552,3.79708,3.41307,13.58595026,52.42436687
8553,24.9341,4.72563,25.7457432,48.62422998
8554,10.1279,5.09042,29.22057933,47.4770705
8555,9.22443,3.94896,19.28702369,50.65845311
8556,8.92565,5.12128,24.68797823,50.0752909
8557,8.89665,1.95768,10.16670487,50.15195072
8558,12.17415,4.06616,21.91496038,48.08761123
8559,6.02265,2.05006,10.65411358,48.00273785
8560,14.20398,5.22092,24.03914302,51.56741958
8561,2.76658,0.985957,4.659594532,51.09103354
8562,10.35608,4.88457,27.20935612,47.36755647
8563,4.55673,2.35788,11.4334033,51.2991102
8564,3.11968,2.02477,11.43224171,47.6605065
8565,3.05955,0.698738,4.266915291,47.2936345
8566,3.97453,2.1998,10.22837622,52.6899384
8567,2.9533,1.52108,8.298678193,48.3559206
8568,14.16913,2.81315,13.55382854,51.53182752
8569,7.54013,2.20419,13.00681091,47.61122519
8570,17.84835,2.88145,16.37188793,47.63586585
8571,2.97785,1.48931,7.387428611,50.51334702
8572,11.70615,2.42044,12.3700658,50.69130732
8573,5.80413,1.98227,11.1484326,48.41889117
8574,7.1253,2.64518,13.32862085,50.57631759
8575,14.16178,7.51802,34.25373416,49.50855578
8576,16.79845,3.24902,15.50566803,51.59479808
8577,11.94075,1.86973,10.54267133,47.91238877
8578,10.48595,2.26333,13.28950583,47.93702943
8579,11.14965,3.17982,14.53881586,52.41067762
8580,9.53718,3.55346,17.69172353,50.54346338
8581,7.88405,1.34978,6.773868038,49.3798768
8582,7.8572,1.60308,9.553725094,47.31827515
8583,7.12218,3.29885,16.50013778,50.86926762
8584,5.64198,2.3571,14.5331264,46.7816564
8585,15.26595,4.86069,27.00749892,47.58110883
8586,27.425,7.9494,37.76744825,49.69199179
8587,4.4832,6.82958,28.55230514,51.88774812
8588,5.78363,2.74437,15.95359428,47.54551677
8589,3.92705,2.71964,12.97800803,51.54551677
8590,2.75333,1.4966,7.015669979,52.85147159
8591,2.77023,0.743836,4.48751215,47.2936345
8592,4.27255,1.63004,9.253262475,48.58316222
8593,24.8407,3.79453,17.14624679,52.76659822
8594,10.1383,1.58536,7.827377762,51.66324435
8595,2.73783,0.748216,4.77767448,47.22245038
8596,11.97345,1.99118,9.570034872,51.08008214
8597,3.98393,6.15338,25.29485369,52.22450376
8598,2.22753,1.31849,6.837613667,50.15468857
8599,10.8192,2.54101,13.93917075,48.43531828
8600,3.34105,1.82485,8.228863809,52.39972621
8601,8.14433,2.48114,15.27903798,46.7652293
8602,15.81498,1.52511,7.187799773,52.61601643
8603,19.02,4.23917,18.87003387,51.90965092
8604,11.25298,2.34837,12.4497182,49.0568104
8605,5.37008,2.55728,13.62340586,49.83983573
8606,5.1441,0.892262,4.663837919,50.66940452
8607,4.06835,1.57117,7.358104199,52.11772758
8608,3.09525,1.88146,9.966198906,49.02121834
8609,5.25133,2.25348,11.07482525,51.03353867
8610,9.8216,2.09334,10.19009091,50.770705
8611,16.53163,7.01633,30.99308239,51.41409993
8612,3.9826,3.56527,18.56386994,49.80424367
8613,9.92855,3.72547,16.64166304,52.27378508
8614,10.31968,2.28437,10.5800321,52.90896646
8615,13.2717,3.08079,16.81685091,49.7522245
8616,2.43833,2.99913,14.98069705,50.48870637
8617,7.6824,2.26634,11.02908438,51.29637235
8618,3.55148,3.71447,17.71519254,50.90212183
8619,9.30443,5.17229,23.95131202,51.6550308
8620,6.5703,6.07089,26.4199439,50.7761807
8621,9.0044,2.59764,13.10933967,50.61738535
8622,6.00675,2.5641,11.87413475,52.23271732
8623,4.24245,2.13532,11.40106822,49.93292266
8624,8.69023,3.97725,19.6563643,50.20944559
8625,3.89798,2.0381,10.19479656,51.14852841
8626,3.84803,1.60472,7.896243903,51.94524298
8627,2.21133,1.48579,6.989237708,52.39151266
8628,10.36648,3.0917,15.3646169,50.19849418
8629,6.87503,3.56689,18.59836228,49.69199179
8630,3.56188,2.78303,13.81009118,50.62833676
8631,3.7259,4.86121,20.18014998,50.19028063
8632,4.31865,1.95523,10.48338244,49.32785763
8633,14.09153,2.48755,13.84636147,48.76386037
8634,5.6009,1.57394,7.754481588,51.01163587
8635,3.9375,1.11405,5.786687905,50.31622177
8636,22.28223,2.80273,13.59104707,51.26899384
8637,5.98935,1.6615,7.819649582,52.1779603
8638,3.15403,3.82982,18.14925073,51.82477755
8639,10.18725,3.04364,14.49412991,51.10198494
8640,9.152,8.15076,37.06871176,50.76796715
8641,5.9935,2.27376,11.05851547,51.59206023
8642,12.35303,1.59227,9.969197724,46.75154004
8643,4.12848,2.90378,14.56678902,50.52156057
8644,17.3402,2.90382,16.04154381,48.56125941
8645,9.44915,2.67082,13.30289976,49.45379877
8646,5.07943,2.60249,13.80475732,50.80629706
8647,10.3393,2.36473,10.50260807,52.12594114
8648,8.06788,2.96982,13.71858574,52.57768652
8649,4.82278,2.11853,10.23752676,51.66872005
8650,3.94805,2.46823,13.05327481,49.47296372
8651,10.38963,4.34075,21.27785967,50.48596851
8652,7.05885,3.80946,16.30053265,52.1779603
8653,4.85448,1.11721,5.552614143,51.90691307
8654,10.78348,2.79435,12.85058789,52.41067762
8655,3.36933,2.86718,13.16244128,52.93360712
8656,6.47375,1.41258,8.121807184,48.28473648
8657,3.25265,6.45558,32.35653716,48.77207392
8658,5.27365,4.55661,21.19797021,51.10746064
8659,5.76643,3.26711,15.4590856,51.02258727
8660,5.61008,2.00466,9.771524637,51.30184805
8661,6.04233,3.91338,20.18619503,49.94387406
8662,11.36103,3.84226,19.01428532,50.18206708
8663,7.7438,2.76542,15.47698368,48.44626968
8664,2.74575,1.64425,7.658471994,52.87063655
8665,3.26278,0.773319,3.916089121,49.51676934
8666,9.68838,2.63403,12.70716615,51.30732375
8667,3.90383,1.48514,7.01645228,52.31211499
8668,12.36468,6.40269,30.9591827,50.30527036
8669,8.32485,3.05736,14.71779671,51.34839151
8670,5.10055,4.82532,16.30882977,50.37645448
8671,13.71948,1.67159,9.418636039,49.20465435
8672,5.75463,1.4107,7.600830678,49.19917864
8673,4.72678,2.72184,12.42376005,52.75564682
8674,3.84795,2.70784,14.83881621,48.96098563
8675,7.47975,3.04387,14.64383376,51.03627652
8676,4.79198,3.9752,20.36482028,49.49760438
8677,4.93905,2.48479,12.61186774,50.9431896
8678,10.10588,2.28214,11.14751992,50.93497604
8679,6.9445,3.29758,15.0573862,52.57768652
8680,13.85443,5.49256,23.28374902,51.30184805
8681,9.77803,3.22226,16.87647169,49.045859
8682,3.91655,1.13224,6.467158869,48.81040383
8683,14.61473,2.28319,12.78255146,48.80766598
8684,4.7164,3.42787,18.43182712,48.38056126
8685,3.41493,3.25838,14.51416154,52.06570842
8686,2.57405,1.47717,7.336496114,51.48528405
8687,3.4834,1.76214,8.215600261,52.53114305
8688,6.4344,2.63113,12.72387893,51.64134155
8689,5.58933,3.8513,18.27738205,50.94592745
8690,2.5124,2.3408,13.08207769,48.37508556
8691,4.87308,1.8666,7.403868773,52.82135524
8692,3.28053,1.74857,8.488741631,50.56262834
8693,3.46775,5.6896,29.01967037,49.65092402
8694,2.78705,1.27661,6.710466146,50.6201232
8695,7.37263,1.66001,8.971835833,49.62354552
8696,5.08128,2.9937,14.40321712,51.38124572
8697,7.67378,2.35358,10.8925374,52.49281314
8698,16.35143,3.62968,16.32791316,52.5065024
8699,8.7274,2.68836,12.85201025,51.52635181
8700,8.18903,2.08181,10.5611028,50.49418207
8701,6.21513,2.15732,10.96751971,50.64202601
8702,3.62568,4.1575,20.41910719,49.19096509
8703,4.09383,1.74237,10.87877603,46.96783025
8704,5.57055,1.65625,8.214675724,50.25598905
8705,11.12553,2.241,10.89938846,51.60848734
8706,2.3632,2.45198,11.32864617,52.00273785
8707,9.303,3.39446,18.92408372,47.77549624
8708,3.88668,2.2021,11.73020333,49.70294319
8709,3.87068,3.3075,14.16651199,51.87679671
8710,3.82603,1.34656,6.374005856,52.32306639
8711,20.57223,2.99954,16.47903938,48.66803559
8712,4.77308,1.46218,7.918266844,49.57152635
8713,13.4526,3.97965,18.83127444,51.00616016
8714,10.14098,2.95332,12.85639588,52.3449692
8715,8.15465,2.91366,14.67394047,50.28062971
8716,4.28968,4.33735,24.12128456,48.76386037
8717,2.93503,6.2511,28.54910482,48.65160849
8718,6.64223,7.22485,36.42580307,48.82683094
8719,2.69868,2.67598,12.83909044,51.6550308
8720,5.69798,1.72402,8.449199902,51.24982888
8721,3.09138,1.201,6.534140378,49.74401095
8722,2.16075,1.09494,4.765359175,51.86584531
8723,18.49523,2.61965,12.07397695,52.72553046
8724,5.9032,4.64351,20.34443306,51.55099247
8725,9.20998,1.97947,12.12150762,46.99247091
8726,3.18788,2.22943,10.07001965,52.64613279
8727,2.9077,1.80808,8.811298309,51.03353867
8728,5.07915,3.16952,15.63913322,51.28268309
8729,5.96045,3.1161,18.14581335,46.29979466
8730,27.21058,2.00832,8.594079565,52.24640657
8731,3.46598,6.48905,26.39896403,51.8110883
8732,5.18598,3.28113,17.20586757,49.95482546
8733,3.5623,2.72736,13.24292339,50.28884326
8734,8.70335,4.0592,19.27647449,50.89664613
8735,6.37245,2.38911,11.57690802,51.51540041
8736,8.2045,4.25746,20.09101514,51.81930185
8737,3.74483,0.8991,4.412150545,51.17316906
8738,14.3127,1.93957,10.42007537,49.48665298
8739,3.89563,0.895815,4.962261815,49.2347707
8740,7.84813,2.42167,14.4000168,46.78986995
8741,3.50563,2.91067,14.01017044,51.73169062
8742,9.11238,2.4406,14.27638963,47.8220397
8743,9.1258,2.97286,14.36860625,51.11841205
8744,6.81195,1.22802,5.792685542,52.48733744
8745,9.33435,2.69204,14.23845992,48.7063655
8746,5.27295,1.47309,6.869261274,52.47364819
8747,2.94478,2.78039,12.77982526,52.51471595
8748,8.77263,1.80095,10.18270647,48.75017112
8749,3.33158,1.77268,9.537498287,49.30595483
8750,17.96363,2.20832,10.22004353,52.81587953
8751,6.04585,2.71902,12.01281528,51.10472279
8752,7.75895,2.8776,13.18922914,50.39288159
8753,5.15098,2.9016,14.01728226,50.00958248
8754,15.3835,11.2602,48.96833054,48.0054757
8755,4.8056,2.81499,13.44003939,51.79466119
8756,2.63183,1.88747,10.62673306,48.06023272
8757,3.72803,1.27023,6.271014824,51.26625599
8758,13.46635,1.18016,6.164053024,50.34360027
8759,4.65505,2.91792,12.40929935,51.84941821
8760,3.34483,1.77078,9.076308496,50.76249144
8761,3.39828,2.99475,15.71036997,49.09787817
8762,5.0728,4.62319,21.85273194,51.17316906
8763,5.23723,1.92047,9.429718628,51.89596167
8764,8.41148,3.21534,15.34695588,51.16769336
8765,15.66948,4.13258,21.27217022,49.7303217
8766,5.9283,2.00575,11.29102463,48.77754962
8767,3.7259,3.51483,17.15288449,51.80835044
8768,4.61643,2.36414,12.58756901,49.96030116
8769,9.9927,1.9756,11.59986735,47.75906913
8770,4.06925,1.77924,10.17947059,48.26283368
8771,11.22623,2.05757,12.12672296,47.48528405
8772,6.04233,2.77104,15.95371281,47.02532512
8773,4.984,0.872339,4.567413468,49.98220397
8774,11.29788,1.56225,8.512945531,49.33333333
8775,3.119,1.40817,6.938245946,51.53182752
8776,9.7345,2.84736,12.98594956,49.88364134
8777,7.7346,2.47197,12.47567635,50.97878166
8778,2.58728,2.67975,14.841898,48.72826831
8779,11.8035,15.8728,58.71721588,51.55373032
8780,2.99683,3.04361,13.82395923,52.09856263
8781,2.99455,2.60589,14.50989445,48.83504449
8782,3.93515,1.12292,6.174483696,49.51950719
8783,10.0092,3.46878,14.09491965,51.00342231
8784,11.50065,2.98259,14.47077943,51.3045859
8785,3.22798,1.956,9.551271515,51.54825462
8786,13.7856,1.66154,9.894914745,47.25804244
8787,5.8725,4.13804,18.75043673,52.76933607
8788,6.20645,1.01733,4.8226449,52.7008898
8789,10.9682,1.7682,11.01537042,46.80903491
8790,10.272,3.24376,14.89831845,52.13963039
8791,10.38783,3.08362,14.7060622,51.6440794
8792,20.52368,3.69107,22.11871407,46.41204654
8793,5.81315,2.69366,13.60550777,50.10540726
8794,3.9542,1.90195,9.297569125,51.49897331
8795,2.37988,1.76736,9.113064761,50.44490075
8796,6.8317,2.25989,13.29472116,47.06639288
8797,6.37198,2.10507,10.71277425,50.26694045
8798,11.78538,2.34411,12.4497182,49.70568104
8799,10.8379,2.46299,13.72759405,48.28199863
8800,10.22125,1.95837,11.58944853,47.6495551
8801,7.75823,1.44101,7.088423916,51.45242984
8802,6.29088,3.12991,15.73360192,49.45106092
8803,19.846,3.954,21.24621207,48.5338809
8804,2.82243,2.81145,13.09641986,52.78302533
8805,3.44983,1.61935,9.630947626,47.45790554
8806,18.47688,1.96304,9.672255457,51.69336071
8807,5.9432,1.03715,6.482662641,47.27446954
8808,5.71968,1.98509,11.21998938,48.86516085
8809,4.60408,3.23395,16.79990107,49.5742642
8810,6.22525,3.46993,16.3065777,51.72347707
8811,7.22418,2.99911,14.98069705,50.49144422
8812,6.9856,2.47719,10.02894888,51.50992471
8813,4.1452,1.53229,8.309381485,49.15537303
8814,6.8865,1.91087,9.805803618,50.15468857
8815,10.18723,3.04364,16.56604066,48.42710472
8816,12.59843,2.0197,12.51289488,46.22313484
8817,5.734,1.10489,5.26126651,52.6899384
8818,3.67748,2.25976,13.25299847,47.89596167
8819,7.71188,7.17585,33.38786985,48.60232717
8820,10.86258,2.65431,13.68610842,49.50034223
8821,9.47073,3.25837,14.89831845,52.13963039
8822,6.42678,1.94925,10.53192062,49.46201232
8823,2.87608,5.67284,24.79773735,51.78918549
8824,9.4865,1.48515,8.872021414,47.54825462
8825,7.84445,5.21678,24.19773665,51.34839151
8826,3.11395,2.19854,10.58164411,51.96714579
8827,6.37548,3.56573,17.81416539,50.7652293
8828,2.41383,2.89174,15.7955933,48.27926078
8829,19.14468,2.84748,14.44185802,50.05065024
8830,6.6739,3.21602,16.98018575,49.93566051
8831,2.74168,3.57541,16.12581889,52.5338809
8832,18.65645,2.08878,12.88282815,46.66392882
8833,11.01085,2.14372,10.98000096,50.65571526
8834,4.36908,1.72543,8.881006016,50.16016427
8835,2.72503,2.62049,13.2733857,50.22861054
8836,2.66588,2.5856,13.10578376,50.05338809
8837,2.12855,1.73212,9.391338496,48.06570842
8838,4.92655,3.7865,17.93660726,51.76728268
8839,9.5589,4.41598,21.47047151,50.41752225
8840,4.40595,2.4167,12.30854854,47.28542094
8841,2.71083,1.5125,7.85177131,49.32238193
8842,14.55608,3.09894,14.75264463,51.31279945
8843,10.82663,8.31661,38.7166394,49.94113621
8844,5.25445,1.00141,4.62015948,51.2881588
8845,6.81603,3.09801,14.13190112,52.29295003
8846,3.63405,1.0806,6.487486826,47.87132101
8847,2.80373,4.48851,18.20946415,50.48870637
8848,3.8282,1.87262,9.442685849,50.31895962
8849,18.10573,3.20761,17.50337878,48.49555099
8850,11.45253,3.24307,16.12842656,50.84736482
8851,6.9774,5.09074,25.3705946,49.71663244
8852,8.27995,3.42779,15.51289838,52.45722108
8853,4.29738,4.81124,28.22942843,46.70773443
8854,13.92813,5.10027,20.01361482,51.18412047
8855,3.64978,1.35512,7.923174001,47.40041068
8856,5.06733,2.37212,10.63418862,52.67077344
8857,21.9904,1.4522,7.096602511,51.24982888
8858,3.88013,1.17997,5.987336105,50.58179329
8859,18.29955,2.77518,12.73525785,52.62422998
8860,10.09248,2.80194,15.54786484,48.58863792
8861,4.02593,1.20831,7.618669497,46.87200548
8862,7.33593,2.45832,13.05967545,49.30595483
8863,5.96525,1.61705,9.099030766,48.45722108
8864,2.7331,3.78999,17.20065223,52.10130048
8865,10.00348,3.41251,16.2000189,51.12936345
8866,10.98425,3.28033,19.01464091,47.75085558
8867,4.08225,1.78767,7.843118594,52.40246407
8868,6.35743,5.00616,24.48825457,50.55441478
8869,4.96735,2.17493,10.26420795,52.46817248
8870,4.32148,1.52894,8.274948414,48.73648186
8871,3.34498,1.81318,8.875755121,51.06365503
8872,8.64765,2.27598,11.05324087,51.35386721
8873,3.30823,2.05998,10.03287224,51.35112936
8874,9.9047,2.81891,14.89511813,49.31964408
8875,10.1008,1.93342,12.18835875,46.65845311
8876,4.51593,2.88165,12.7542227,51.97262149
8877,3.7834,2.44196,14.27093724,47.35112936
8878,15.48183,2.02766,10.94791479,49.54414784
8879,16.3509,5.8674,33.86803635,47.2991102
8880,19.4297,2.07172,10.70158499,50.16563997
8881,3.5778,0.562766,2.952117233,50.76796715
8882,5.04668,2.0269,9.845534996,51.78918549
8883,2.50363,1.70735,8.803096008,50.09445585
8884,1.75395,0.839742,3.805998119,52.23271732
8885,4.11893,1.73404,8.531732594,51.72347707
8886,4.41523,1.95792,11.42981183,47.90965092
8887,4.93933,2.64816,16.18567673,46.62833676
8888,2.96385,0.89189,4.84805781,49.90554415
8889,20.75878,5.97653,27.06569732,50.50787132
8890,7.67068,1.39936,7.622912885,48.19986311
8891,4.75663,1.85549,10.90126124,47.47433265
8892,2.29858,0.798563,4.849598704,47.79739904
8893,4.9442,1.1192,6.399572856,48.62696783
8894,14.40693,4.26794,22.51081251,48.76659822
8895,4.02583,1.53688,7.585872146,51.76728268
8896,8.0729,4.17664,24.56695873,47.10198494
8897,3.59743,0.997121,6.23016926,47.42778919
8898,16.3279,8.98645,37.86665817,51.74264203
8899,3.83663,2.2658,11.97595234,49.62628337
8900,12.5217,3.3639,15.39460508,51.62217659
8901,4.96098,4.00731,20.58421999,49.69199179
8902,12.58868,4.27872,20.67857016,50.34360027
8903,2.82908,3.35459,15.27085938,52.92539357
8904,4.7583,1.76298,8.340661648,50.92128679
8905,9.8509,2.45945,14.31183021,47.36208077
8906,7.55095,2.24761,11.7892196,50.50239562
8907,4.31143,3.04493,15.78101407,49.09787817
8908,4.85215,2.21154,9.719074951,51.4825462
8909,12.07388,3.9802,18.97991152,51.84668036
8910,3.1692,2.33861,10.68042732,52.98836413
8911,5.40698,2.69252,13.59685506,50.49965777
8912,16.39643,3.99707,18.9247949,51.06913073
8913,2.0653,1.23226,6.069240586,51.67693361
8914,4.60818,2.13981,10.83587989,50.6091718
8915,2.74173,2.91484,13.74395124,51.9835729
8916,7.40965,2.75887,15.47698368,48.18617385
8917,4.91263,1.66597,9.804179752,48.3504449
8918,21.89853,7.27136,30.83472582,52.29568789
8919,14.18658,2.4949,13.84636147,48.76386037
8920,12.16023,4.06616,22.97189563,47.17590691
8921,7.29668,1.43138,8.148298721,48.28473648
8922,5.31183,2.45032,12.50080479,50.091718
8923,12.96198,4.42305,21.51515746,50.17385352
8924,5.04668,2.33542,12.44201373,49.51129363
8925,19.90365,2.85485,12.02549803,52
8926,3.60735,1.43405,7.10463887,50.09993155
8927,20.2661,5.48626,25.32756807,51.8220397
8928,20.87975,3.03171,15.95845402,49.80971937
8929,10.65155,2.9644,13.091086,52.5338809
8930,2.71418,2.32706,11.70739809,50.39835729
8931,5.04135,2.07715,12.1784022,47.49623546
8932,5.22223,4.89157,20.98271907,50.65845311
8933,15.19425,29.7678,65.11382548,52.82135524
8934,6.38568,1.57841,8.123383638,50.42847365
8935,6.27928,4.46108,24.84787569,47.75085558
8936,7.69788,2.4595,12.43288689,50.4202601
8937,3.3989,1.69862,8.714055999,50.17111567
8938,3.91573,1.33983,7.178708494,49.00752909
8939,17.3402,2.84366,13.04521475,52.11498973
8940,3.96043,2.08864,12.27346355,47.50444901
8941,4.47658,5.2352,16.60065153,50.84736482
8942,12.34223,3.65363,17.25600591,51.76454483
8943,8.11435,3.43044,15.54051596,52.98015058
8944,5.6463,2.07356,12.20412329,47.84120465
8945,12.04968,2.8939,13.42273395,52.24640657
8946,7.78093,1.78523,8.441045013,51.57563313
8947,3.8158,1.5636,8.868394385,48.65982204
8948,4.6972,3.47049,15.66603961,52.3394935
8949,4.25388,1.1799,6.381011001,50.63928816
8950,10.06628,1.64027,9.736344825,47.44695414
8951,7.23935,5.36566,25.02721213,49.50581793
8952,5.1675,1.07365,5.362301792,50.55715264
8953,10.58718,2.50607,12.18421019,51.47433265
8954,7.7955,2.10217,11.79162577,48.0164271
8955,4.4006,3.55716,17.59405451,50.49418207
8956,12.91725,5.91753,28.30279873,50.0807666
8957,8.87298,1.38646,7.002702757,50.9431896
8958,12.82153,6.65649,29.26016847,51.66872005
8959,5.74575,8.0388,39.00573496,48.66803559
8960,20.2127,3,15.99247223,48.1724846
8961,4.23518,1.31372,8.003217556,47.25256674
8962,4.65648,1.78576,8.974004939,50.99247091
8963,4.54063,4.15443,20.32523114,50.81724846
8964,10.728,2.77291,14.66445804,49.52498289
8965,2.71418,1.66589,8.169847541,51.73716632
8966,4.63435,2.07233,10.64949089,50.16016427
8967,3.75963,1.90159,8.861567036,52.10130048
8968,13.88005,2.23504,11.35813652,50.48870637
8969,13.33308,3.95469,20.34265511,49.94934976
8970,5.9719,1.5017,6.963125469,52.91991786
8971,7.54595,2.7961,14.49697464,49.94387406
8972,4.2305,1.57815,8.162996486,50.52429843
8973,3.64903,2.94986,14.88610982,50.78986995
8974,3.707,2.25202,10.8733829,52.63244353
8975,13.92665,3.87238,22.00421374,47.07460643
8976,2.40875,0.795109,4.391395878,49.64271047
8977,5.7586,1.90902,10.26096021,49.13347023
8978,2.05888,1.3336,5.291100602,52.01368925
8979,3.81023,1.62692,7.621609051,52.26009582
8980,11.85433,2.54163,12.19072936,50.52429843
8981,6.731,4.861,24.57395202,48.78302533
8982,9.96973,4.14006,18.5441939,52.44353183
8983,24.8407,3.46147,18.94613036,47.66324435
8984,7.66773,1.60165,7.869835338,52.38056126
8985,4.23658,2.19538,11.23452121,50.9705681
8986,5.59118,2.05008,10.05604492,50.63381246
8987,2.94335,1.59981,8.642985193,49.75496235
8988,16.87945,6.54921,32.10833458,49.93292266
8989,10.74583,3.65276,18.11226926,51.17316906
8990,12.5129,1.61183,7.484267918,52.19164956
8991,22.5847,1.77098,9.593729091,49.49212868
8992,3.73483,1.11206,5.774277776,50.15195072
8993,5.6128,1.86635,9.135929269,51.18959617
8994,6.50823,2.65707,12.6241949,51.2936345
8995,9.018,1.83789,9.393282394,50.93223819
8996,3.0963,0.894794,4.668105012,50.64202601
8997,15.17628,8.70034,38.64315058,50.16016427
8998,16.25105,6.34335,31.1004709,49.77686516
8999,6.98075,2.29111,11.10787151,51.91238877
9000,6.44515,2.60883,13.2039269,50.18754278
9001,14.5124,5.94565,26.16700011,51.15400411
9002,4.51675,1.89695,9.261927045,51.49897331
9003,14.70395,5.18293,24.04578072,51.35386721
9004,5.63298,2.04353,8.409421112,52.43531828
9005,22.40088,4.87364,25.86332532,47.70978782
9006,14.43113,2.18381,12.34896739,49.67282683
9007,3.38885,1.11265,6.365447964,48.83778234
9008,10.21525,3.36101,16.6645394,50.58179329
9009,8.1327,2.47152,12.4376281,50.00958248
9010,9.17815,5.90105,27.95704566,50.94592745
9011,5.7603,1.4107,8.121807184,48.45722108
9012,10.93415,3.89052,19.22100228,50.9486653
9013,7.7524,2.35114,12.52225878,49.07049966
9014,8.03293,1.54287,7.579376682,52.97741273
9015,10.78935,4.26998,18.88485016,51.05544148
9016,17.56123,6.06625,27.90939645,50.94592745
9017,18.09068,2.26618,10.99721157,51.32375086
9018,3.28213,2.41092,12.83671984,49.81245722
9019,15.54903,3.17392,14.63352162,52.07665982
9020,3.9986,2.07496,9.86944257,51.69062286
9021,5.4132,2.55655,11.42465576,50.275154
9022,3.7451,1.50625,8.982610243,48.76659822
9023,3.42985,1.03854,4.865161741,51.86584531
9024,4.03403,3.06409,14.60388903,51.22245038
9025,11.8208,1.33272,7.870013133,48.38329911
9026,5.29298,3.37138,16.8839391,50.07802875
9027,5.8872,2.69959,12.35074535,52.678987
9028,4.39508,0.863439,4.271976537,51.43052704
9029,3.24025,2.19287,10.97693102,50.62286105
9030,2.87698,1.03913,5.41784512,50.13004791
9031,6.69668,8.02409,42.13055093,49.47022587
9032,4.63623,3.66592,18.93996678,49.64544832
9033,2.88113,2.61871,13.70922184,49.28678987
9034,1.94698,1.0212,4.257018005,52.09034908
9035,4.37613,3.66361,18.21622038,50.64750171
9036,7.5101,1.52944,8.644940944,47.51813826
9037,8.47628,3.37279,16.80250874,50.58726899
9038,8.8593,2.17343,12.12233734,48.73100616
9039,23.16793,3.10806,16.3171269,49.47843943
9040,3.8718,2.16006,10.51663021,51.37303217
9041,7.77878,1.41444,6.604345912,52.54483231
9042,21.914,2.23707,11.43384187,49.90554415
9043,13.5163,1.59319,8.572815218,48.46543463
9044,6.72795,1.51636,7.202177506,52.40793977
9045,6.5336,3.60529,17.10404998,51.08555784
9046,17.88883,5.65435,25.94309625,51.25530459
9047,16.16353,2.63893,14.67512577,47.1430527
9048,4.56828,1.58011,6.261970957,51.24161533
9049,6.3421,3.64089,19.82775921,48.17522245
9050,3.9694,2.54079,14.21167205,48.65434634
9051,5.87548,2.57258,15.12281496,47.4825462
9052,4.81163,2.86082,13.06382401,52.93908282
9053,2.96948,1.10021,5.441207455,51.89048597
9054,7.57598,4.60726,19.06193453,50.39288159
9055,8.876,1.70017,9.160062051,49.47022587
9056,17.64943,5.39461,26.63400974,49.9247091
9057,5.06558,2.67882,14.15809633,49.48391513
9058,7.08195,2.43056,11.25528773,52.14510609
9059,4.9442,1.13565,6.837435872,47.93429158
9060,23.61908,11.0038,44.6049908,51.40862423
9061,3.89083,1.4945,7.36021404,49.48391513
9062,6.39663,1.82229,10.25933635,48.60506502
9063,10.16985,2.52216,12.64434506,50.83367556
9064,12.22133,3.34634,17.51558741,50.14921287
9065,11.34988,6.39649,30.1265069,50.0807666
9066,12.82158,8.19271,31.28881564,52.92813142
9067,6.46578,2.46882,15.04019929,47.40041068
9068,7.86708,2.26462,10.99562326,51.26078029
9069,4.22808,2.39983,12.64659713,50.34360027
9070,5.2486,3.49264,15.40361339,52.06570842
9071,6.14225,3.07731,16.82716305,48.96372348
9072,8.37378,3.94821,18.69129008,51.4825462
9073,3.249,2.66877,13.49847486,50.07255305
9074,3.10073,2.8215,13.50866847,51.81930185
9075,3.4211,1.16207,5.670575561,51.27994524
9076,6.29215,3.74523,17.7712574,51.54825462
9077,24.34725,5.22054,23.06837934,52.75290897
9078,5.23923,1.82089,8.390302164,52.22450376
9079,3.59193,2.64849,13.26852595,50.76796715
9080,10.14668,2.02717,9.956313473,50.15468857
9081,3.16825,2.5286,12.72328628,50.36824093
9082,3.21468,1.99968,10.70536611,49.84257358
9083,3.92303,1.82522,8.313435223,52.73648186
9084,14.09153,2.48755,12.8955109,49.045859
9085,12.35303,1.59227,8.731148077,48.49281314
9086,2.82973,2.05489,11.04689949,49.06502396
9087,5.6783,3.05849,12.98085276,49.45106092
9088,20.4152,10.4905,49.0458494,47.21423682
9089,22.2693,3.11915,15.76382716,50.76249144
9090,3.67703,1.11963,5.299942968,52.62970568
9091,6.7363,2.56319,14.75264463,47.28268309
9092,3.40855,1.77803,8.304343944,52.50924025
9093,12.32415,1.93886,10.37198761,49.54688569
9094,2.82015,3.31874,16.61131926,50.73511294
9095,9.55913,3.84154,18.57311531,50.41478439
9096,5.83388,5.7562,25.97438827,52.58590007
9097,4.5893,3.18427,14.95023475,51.51813826
9098,6.60815,0.961171,5.428655089,47.96714579
9099,10.85993,1.44399,7.509028911,50.85010267
9100,3.3556,2.38391,13.28417196,48.3340178
9101,2.89055,4.81155,24.41038012,48.99931554
9102,6.46293,3.28496,12.76915753,52.28199863
9103,3.80603,2.92551,14.07879952,51.3100616
9104,13.05563,2.10754,10.9553822,49.88637919
9105,4.90835,2.03255,10.38240642,50.84736482
9106,7.40205,1.08938,5.135114644,51.76454483
9107,14.27493,1.92869,9.415020862,51.41136208
9108,3.50425,2.12474,11.37166084,48.07392197
9109,2.8157,1.02034,4.846339119,52.72553046
9110,17.01343,4.64698,20.75845962,51.96714579
9111,5.77745,2.4971,12.62277253,50.84462697
9112,3.25038,0.876246,4.352399389,51.80835044
9113,5.46843,3.59353,17.08721867,51.33470226
9114,6.10213,0.890129,5.147429949,48.71731691
9115,10.68443,6.56756,32.34361735,49.20465435
9116,9.78585,4.49452,21.95846102,50.46680356
9117,8.54885,2.12533,11.35050317,49.8973306
9118,4.26428,1.89764,9.261927045,51.1211499
9119,6.56895,3.63081,18.92526902,49.7467488
9120,3.17835,1.38567,7.50281792,49.09514031
9121,12.44683,3.39724,17.71637784,49.64544832
9122,3.83145,1.84536,9.969600727,49.95756331
9123,1.72328,1.2094,6.889589232,48.70362765
9124,4.2583,1.23616,5.738422341,52.43258042
9125,5.734,2.41324,12.2607808,50.35455168
9126,20.17833,4.52436,22.15925146,50.01779603
9127,4.27435,2.49463,14.92842516,46.80903491
9128,5.31495,2.95343,13.52763333,52.02737851
9129,13.90648,1.96685,9.672255457,51.8110883
9130,18.78363,2.50152,12.39969839,50.13826146
9131,3.2039,2.32417,12.27654534,49.50855578
9132,9.69785,3.71437,18.37232487,50.47501711
9133,3.73693,2.36677,12.60416326,49.14989733
9134,5.08893,1.54755,9.213708893,47.03901437
9135,2.1042,1.06618,5.180938483,51.94524298
9136,13.13713,4.80366,18.29800634,52.55304586
9137,5.7152,3.47117,15.74012109,51.94250513
9138,6.38713,1.57841,8.062565709,50.49691992
9139,2.93858,1.96889,9.609149892,51.64134155
9140,2.243,0.761687,3.464109139,51.59479808
9141,6.96233,4.97479,22.24163006,51.83025325
9142,5.37818,1.51539,6.089651514,51.24161533
9143,19.84105,3.954,20.34265511,49.81245722
9144,7.58943,2.96433,14.87959065,50.86105407
9145,4.47658,4.18043,21.26968108,49.93566051
9146,4.75798,2.02236,10.29957741,50.51060917
9147,15.49415,5.95679,27.59185361,51.90691307
9148,11.9853,4.8165,24.81658368,48.58042437
9149,22.65318,4.85412,23.54747907,50.46406571
9150,4.6796,1.36344,8.524668184,46.86652977
9151,3.69743,2.46619,11.38754391,49.59616701
9152,16.2353,3.38613,19.62222756,47.9835729
9153,5.89905,3.36113,15.6238428,52.93634497
9154,3.07685,2.28748,12.30677058,49.81793292
9155,3.8975,0.895815,4.412150545,51.17316906
9156,4.24825,1.94351,9.068959613,52.42710472
9157,14.51305,4.69853,20.85849925,51.86858316
9158,7.36078,3.24555,17.17208641,49.96851472
9159,6.74373,1.31046,7.859831375,47.37850787
9160,10.17578,1.95654,12.00890378,46.88021903
9161,4.2891,5.89967,24.75151051,52.22450376
9162,15.81125,2.51561,12.82344444,49.71115674
9163,10.45655,1.6543,8.476568562,50.20396988
9164,13.5163,5.26104,24.36913155,51.34839151
9165,13.96823,2.08113,10.13972736,51.85763176
9166,4.30645,1.91328,8.903514932,52.09856263
9167,3.32518,1.58011,6.261970957,52.24093087
9168,27.29298,12.5675,51.81329633,51.40862423
9169,5.817,2.87408,13.82087745,51.12936345
9170,5.17998,3.23283,16.05481921,50.35455168
9171,5.06528,2.37212,12.06567982,50.76796715
9172,3.17593,2.46781,10.93881166,52.82956879
9173,4.1216,5.03628,22.33763965,50.16837782
9174,2.8573,1.45551,7.507369486,50.99247091
9175,5.15195,3.0772,14.06967268,51.59753593
9176,3.07158,1.32444,6.329936267,51.21149897
9177,12.04968,2.8939,12.9845272,52.3449692
9178,3.48388,0.818866,4.451739686,49.66461328
9179,5.8341,2.25833,10.89685191,51.11293634
9180,3.90628,3.86087,18.32159388,50.82272416
9181,5.01275,2.58419,11.67864263,51.77002053
9182,3.5593,7.11307,33.36238582,49.88637919
9183,18.27698,3.27704,16.66762119,50.26694045
9184,3.87205,1.66094,7.728819764,52.06570842
9185,6.734,1.31331,7.859831375,47.37850787
9186,4.71923,1.91834,9.829521544,50.68309377
9187,5.93535,1.55818,8.815423166,48.25735797
9188,3.1753,3.72157,17.5186692,51.76454483
9189,14.27143,2.54124,14.08602987,48.43531828
9190,3.3246,1.57803,7.788239036,51.01163587
9191,7.95523,1.27986,7.579258152,47.85215606
9192,3.46113,2.94803,17.9242801,47.66324435
9193,3.43148,2.36324,10.9251214,52.90622861
9194,3.93658,1.70529,8.778560223,50.87200548
9195,3.88263,1.78872,9.178635758,50.9596167
9196,11.48958,5.31049,22.56355853,52.84325804
9197,13.46095,3.47507,19.65292692,48.87063655
9198,4.27735,0.53686,2.819837348,51.87953457
9199,19.68308,3.32433,16.66762119,50.4366872
9200,8.41923,2.13093,10.8683335,51.03080082
9201,10.15963,8.04849,32.4718672,51.81930185
9202,8.44893,3.47352,19.08232175,48.04654346
9203,2.60625,1.72636,8.917394837,50.09993155
9204,18.47668,2.21922,13.05647513,47.80561259
9205,11.582,2.23151,10.99669003,50.17385352
9206,8.89395,1.44665,7.088423916,51.11841205
9207,19.92565,3.63449,18.7967821,49.3853525
9208,11.42253,5.37611,23.8590954,51.68514716
9209,2.32323,3.03339,15.24739037,50.275154
9210,2.62705,1.40182,8.001261805,48.27104723
9211,15.46848,7.92244,34.64298787,50.61738535
9212,4.26615,1.4065,6.676459785,52.28199863
9213,5.31975,1.92106,9.86307749,50.9486653
9214,4.47665,2.83331,13.63276976,51.67693361
9215,6.27928,6.69694,31.29580894,52.73648186
9216,10.70478,2.0259,10.9042245,49.5523614
9217,7.61698,3.91927,20.18583943,49.78234086
9218,3.51738,1.34292,7.284935406,49.34702259
9219,23.714,3.21361,16.01440035,50.31074606
9220,7.24923,2.51491,11.45507065,51.57837098
9221,9.16688,4.58748,21.37920313,51.89596167
9222,3.776,4.39763,19.70425057,52.84052019
9223,2.26205,2.75224,13.07567705,52.6954141
9224,7.74425,4.56713,21.71405141,51.62491444
9225,20.68675,1.54877,9.141571314,47.71800137
9226,4.93818,4.01694,18.42483382,51.72895277
9227,8.52643,2.16815,11.08463956,50.9596167
9228,6.70833,1.52558,8.306667139,49.68104038
9229,8.8335,7.72902,37.3120546,49.86447639
9230,2.67405,1.76841,8.206023008,52.09582478
9231,5.7495,1.81821,9.322744974,50.90759754
9232,4.20543,1.94146,9.979592837,50.10814511
9233,4.11513,2.91248,13.35386781,52.82683094
9234,8.44428,3.19784,16.74051736,49.34702259
9235,4.82438,1.94201,9.981643412,50.26694045
9236,8.08625,1.98349,8.881563108,52.55304586
9237,5.62698,3.50016,17.62143502,49.59342916
9238,6.77948,5.6573,27.03713151,47.43874059
9239,5.96498,4.11839,19.88927647,48.28747433
9240,2.98493,1.35825,6.688063908,51.74537988
9241,2.75333,2.45048,13.68101162,48.09034908
9242,14.90265,4.1722,22.46553392,48.13963039
9243,2.10105,1.06585,5.377367001,50.68035592
9244,25.83778,6.41983,31.69845658,49.69746749
9245,15.28333,4.69244,20.849728,52.57494867
9246,10.85343,3.53714,16.08125148,52.50102669
9247,3.25435,1.32872,6.973307227,50.59548255
9248,7.42515,2.29134,11.72919583,50.63655031
9249,4.24138,1.89189,9.258134073,51.90691307
9250,3.52135,1.51357,8.616256596,48.59685147
9251,6.9698,1.41401,8.468484792,47.27720739
9252,2.8389,1.91534,9.049295426,51.22792608
9253,6.06383,1.70992,9.227482121,49.65639973
9254,7.14773,2.2076,11.24246274,50.03422313
9255,19.64308,1.41283,8.425375298,47.07734428
9256,6.1628,4.2692,19.21353486,50.56262834
9257,28.95948,4.66547,23.05059979,50.31074606
9258,6.48763,1.84083,10.88725095,47.82477755
9259,6.86193,2.17941,12.21870252,48.73648186
9260,26.89575,2.00832,8.594079565,52.81314168
9261,2.83693,3.6,16.50511606,51.60027379
9262,5.9091,3.40875,15.38346323,52.78028747
9263,3.79638,1.76741,8.653166951,51.68514716
9264,8.0983,3.22745,17.65047496,48.36413415
9265,4.12945,1.51569,7.982083592,49.78507871
9266,3.56145,2.78303,13.81459534,51.08281999
9267,2.24523,4.16517,20.41910719,50.47501711
9268,7.97498,4.45628,24.87418943,47.75085558
9269,2.97718,3.02527,15.06935776,50.24229979
9270,4.51993,1.68815,8.671681394,48.98015058
9271,2.54703,1.18208,7.163358812,47.16495551
9272,10.74635,2.41226,14.05651581,47.04722793
9273,18.81338,1.84131,9.453780291,50.09445585
9274,7.53855,4.66493,22.43981283,50.26694045
9275,4.60158,1.77382,9.087071053,50.21218344
9276,11.1586,2.58375,13.73280938,49.24024641
9277,14.59458,2.39708,12.1811284,50.10814511
9278,5.19898,1.64228,8.076362643,49.724846
9279,12.16345,2.75291,15.25604309,48.50102669
9280,7.14773,3.16769,15.77010927,50.6091718
9281,4.36793,2.47417,13.16386364,49.29500342
9282,4.22505,1.70173,7.903118664,52.06844627
9283,15.9793,2.066,12.20127856,47.01711157
9284,3.11463,1.24789,6.475171522,50.22039699
9285,2.75025,2.46765,10.93881166,52.58863792
9286,17.21895,4.6572,22.5271697,50.86652977
9287,8.0296,2.71511,13.71301481,50.86926762
9288,18.20645,10.1737,44.1833783,50.20123203
9289,4.14093,1.55314,8.031546313,50.0752909
9290,8.6315,2.04712,10.44307026,50.770705
9291,14.37663,8.05807,32.4718672,52.84599589
9292,17.88198,9.35792,40.05994401,49.99863107
9293,22.5739,2.132,12.55758083,47.44147844
9294,4.93905,4.01694,17.74245452,51.33196441
9295,2.2771,2.10235,10.61951456,50.63107461
9296,2.47508,1.21139,5.393214511,51.39493498
9297,13.81615,2.40108,10.56647223,51.77275838
9298,12.2887,2.03425,11.41174781,48.3613963
9299,6.9266,3.6727,18.86268499,49.98494182
9300,7.53473,2.68398,13.54529435,50.37097878
9301,13.66245,6.47834,30.1346855,50.55989049
9302,13.20885,3.95906,17.94158553,52.39972621
9303,11.29018,2.64991,13.97259631,49.93839836
9304,11.63578,2.97312,13.7441883,52.78850103
9305,9.41245,4.24757,19.0216342,52.93634497
9306,3.93375,2.82872,14.30922254,50.10814511
9307,4.24985,1.05793,5.225114749,51.40041068
9308,2.14525,1.5034,6.79214542,52.49281314
9309,3.03408,6.47667,27.32385646,49.60438056
9310,8.18383,4.29859,20.22756212,51.95345654
9311,7.72368,4.75516,21.71405141,51.62217659
9312,2.37988,1.76736,9.418671598,49.74401095
9313,11.30253,3.22493,15.47994694,51.96440794
9314,6.02708,2.84245,13.10056843,52.17522245
9315,3.1912,2.22345,11.33680106,50.21492129
9316,5.44663,1.61731,9.692536002,47.23613963
9317,3.3307,1.66702,8.565573012,50.57084189
9318,6.37673,1.99013,9.249149472,52.65434634
9319,2.83308,3.31036,15.1186664,52.92539357
9320,7.1455,3.34753,19.03562079,47.98083504
9321,6.80908,1.97018,10.56160063,49.86173854
9322,9.62378,1.72881,9.346012485,49.47022587
9323,8.78935,3.9235,20.18583943,49.78234086
9324,19.02818,2.01781,9.388019646,52.45722108
9325,4.19903,1.65695,10.49939589,46.93497604
9326,10.87118,1.32371,8.078934752,47.95345654
9327,5.3098,2.30195,11.72477464,50.091718
9328,4.02683,3.70596,16.82858542,50.48596851
9329,6.28278,2.32399,11.05312234,51.52087611
9330,6.39338,1.34391,6.695839499,51.59206023
9331,4.49133,1.57564,8.135817473,50.47227926
9332,3.35563,2.8924,11.95769866,52.20260096
9333,3.15403,4.48589,25.0442805,46.94045175
9334,4.15035,2.17329,10.06565773,52.25462012
9335,20.0613,4.13406,21.1905028,49.94113621
9336,2.912,2.37679,12.05631592,50.20396988
9337,2.74803,3.28983,16.44027995,50.95687885
9338,6.99105,1.55573,8.031818933,50.51882272
9339,8.3832,3.67862,19.84210138,49.3963039
9340,15.28333,4.1093,21.27217022,49.9192334
9341,9.1305,2.97286,14.47279444,51.03080082
9342,8.87418,1.61637,9.474297897,48.68172485
9343,4.47255,1.89821,10.8158127,47.75906913
9344,3.2949,1.70782,9.211871672,49.41273101
9345,4.20338,2.6363,12.62206135,51.67693361
9346,3.65433,2.98387,14.25398739,51.49623546
9347,5.4858,3.86813,18.29990282,50.01779603
9348,4.19833,1.93885,9.834416848,50.91581109
9349,7.19623,2.587,11.96635138,52.37234771
9350,9.4163,3.12457,17.17054552,48.21629021
9351,1.546,1.71914,9.285905737,49.64818617
9352,13.0453,1.72094,8.800263132,50.22039699
9353,5.57043,1.61895,8.776711149,49.41273101
9354,2.72075,3.12948,14.22791071,52.12320329
9355,9.38795,1.70183,8.734739547,50.72689938
9356,4.00075,1.31733,6.784203885,50.15468857
9357,3.49878,1.21911,6.139552797,51.49075975
9358,11.30263,1.66397,8.576240745,50.14099932
9359,4.4519,1.67824,7.872893421,52.8788501
9360,2.78743,1.10719,6.015451507,49.51403149
9361,4.91328,2.45312,13.04663711,49.7303217
9362,2.2586,2.75224,12.52889648,52.78850103
9363,3.3335,1.84362,9.071057601,51.35934292
9364,3.29223,1.80504,9.264961422,50.64750171
9365,3.60795,0.882423,4.858464776,47.77823409
9366,7.26528,1.89691,10.16956145,49.19644079
9367,27.68118,12.5675,51.13222086,51.96440794
9368,4.5932,1.8586,9.990710985,49.31690623
9369,4.98795,2.74697,13.12344479,52.07392197
9370,23.99145,1.72472,9.665131782,48.84325804
9371,8.02723,4.56913,22.84625344,50.03422313
9372,3.46025,2.04663,9.840722663,52.11772758
9373,14.39705,4.34123,19.39642721,52.22997947
9374,6.21113,2.3439,11.05312234,51.52087611
9375,9.23545,2.54504,12.31625301,51.74264203
9376,2.89773,3.67131,18.98299331,49.79876797
9377,4.5183,1.89695,9.261927045,51.35112936
9378,5.32703,4.69959,21.85877699,52.64613279
9379,3.1634,1.75641,10.96959399,46.80629706
9380,3.0683,2.48197,11.60201275,52.04380561
9381,5.97518,1.61705,8.766600509,49.51950719
9382,2.85985,1.4486,8.651780146,47.43874059
9383,5.8298,2.96329,13.63549596,52.82135524
9384,17.04313,5.4325,22.12878915,50.45037645
9385,3.52643,2.88736,12.36473193,51.77549624
9386,13.4637,6.17083,28.96680582,50.28884326
9387,2.6444,1.00978,5.378753806,49.83709788
9388,4.60428,1.74679,8.34191807,50.56262834
9389,11.0462,2.2525,10.89938846,52.78302533
9390,3.62693,2.56744,12.24003799,51.43326489
9391,6.0106,2.80959,13.25299847,50.06160164
9392,3.81535,1.27484,7.331114836,48.04654346
9393,22.40088,4.32129,20.32712763,51.78097194
9394,3.3238,2.4795,12.90771952,49.70294319
9395,2.24808,1.89117,10.61090926,48.07939767
9396,6.6801,2.50287,15.03545808,47.01711157
9397,5.6315,1.98918,11.74876519,47.85489391
9398,9.37875,3.82947,18.12293699,51.37850787
9399,15.81498,7.55005,35.23658793,50.51882272
9400,13.3065,2.47156,11.33018706,52.55304586
9401,12.13668,3.44116,16.34118856,50.71594798
9402,9.65585,2.93479,14.11921837,51.11019849
9403,29.94403,4.09947,21.30014338,49.38261465
9404,11.94443,1.86973,11.06616068,47.42778919
9405,5.77728,1.88491,8.778026836,52.55030801
9406,2.86225,1.55633,8.549535854,49.91101985
9407,3.65425,2.98387,14.25398739,51.17864476
9408,21.44658,3.99259,18.86268499,50.02053388
9409,3.33075,2.18972,12.87962783,47.46064339
9410,14.0401,2.36974,13.21020901,48.678987
9411,4.19905,1.65695,10.49939589,46.29158111
9412,8.35698,3.76254,16.93834454,52.40793977
9413,4.81085,1.57299,7.377045351,52.11772758
9414,3.17835,0.716901,3.831731061,51.56741958
9415,9.68538,3.46207,20.61894938,46.94592745
9416,8.28628,1.54841,7.860139554,50.71321013
9417,3.83155,1.45752,7.197744471,49.48391513
9418,3.96623,1.84217,9.969600727,49.80971937
9419,3.3678,2.46072,12.91589812,49.80150582
9420,21.67365,2.50998,12.73478372,50.11909651
9421,2.1595,4.89374,19.91653845,52.68720055
9422,9.32395,2.51305,12.76951312,50.45037645
9423,5.26595,1.90212,11.83183127,46.69952088
9424,8.74003,1.89235,10.20219286,49.67556468
9425,3.8144,0.973842,4.921534782,50.53251198
9426,9.38315,6.83574,30.75448077,51.79192334
9427,3.0516,2.26309,12.09543094,49.30321697
9428,3.84803,2.21212,9.97718667,52.41341547
9429,2.72235,1.98671,9.89563778,49.25667351
9430,19.7306,2.00899,9.338248746,52.45722108
9431,12.86218,2.5792,13.20214895,50.41204654
9432,11.38025,4.65165,20.70666185,52.29842574
9433,21.01553,3.63555,16.65884994,50.72689938
9434,4.03398,2.93903,15.41688879,49.76591376
9435,4.42093,1.40872,7.036732825,51.01984942
9436,8.1856,4.16579,24.56695873,46.6036961
9437,5.73553,2.68285,14.12016661,49.13620808
9438,20.32288,1.57765,8.77175658,48.25462012
9439,2.62438,1.87601,9.1625986,51.20328542
9440,3.36563,3.21522,14.55944014,52.06570842
9441,4.7008,1.88528,8.36304018,52.45174538
9442,14.4374,5.99383,27.59185361,51.18412047
9443,6.71488,4.1944,19.80986112,51.04175222
9444,8.13715,3.677,19.84210138,49.25667351
9445,4.9441,3.11976,17.05403017,47.68514716
9446,1.94983,5.27316,23.99907976,51.25530459
9447,2.55718,2.81989,14.10120175,50.03422313
9448,12.9569,2.81693,13.81981067,50.48596851
9449,2.60785,1.99555,10.17379298,50.38466804
9450,2.92803,0.825069,4.536062187,49.64271047
9451,10.63675,2.54153,11.65672636,52.05201916
9452,9.38098,2.69055,13.02447193,50.04791239
9453,14.29573,3.78352,17.84450916,51.40314853
9454,3.03698,1.33456,6.552915587,51.03353867
9455,6.64468,3.57419,17.00744774,51.27173169
9456,3.66153,1.61328,7.589759942,52.98836413
9457,6.0532,4.93488,21.84799072,52.03559206
9458,3.94713,1.70188,7.316061479,52.39698836
9459,5.36855,3.43217,15.65809808,52.19438741
9460,20.4151,1.97007,10.07719074,50.11635866
9461,31.3109,23.1512,76.80411964,47.02806297
9462,7.78718,3.02775,15.15327726,50.04243669
9463,13.81135,2.40108,12.21490955,50.24503765
9464,3.7161,0.870636,4.127002049,52.8569473
9465,2.64905,0.845607,4.254599986,51.55373032
9466,11.9877,2.56216,12.33367697,50.51334702
9467,3.1727,1.17721,6.531034882,49.27310062
9468,14.11678,2.77865,13.82443336,50.20944559
9469,6.33515,5.07641,23.76249315,51.58932238
9470,15.81913,5.21956,23.09611545,52.678987
9471,4.56613,2.52657,14.7630753,47.08829569
9472,7.30443,3.1154,14.25434298,52.42162902
9473,5.27965,1.7781,9.566561932,49.27583847
9474,5.69448,1.99412,10.24693807,50.9596167
9475,7.46745,5.71055,25.74716556,51.59206023
9476,11.62838,2.21835,11.88895105,49.62354552
9477,6.8884,3.16798,15.19535554,51.69336071
9478,7.87868,2.25163,10.44910346,50.9431896
9479,1.6592,1.97785,10.59490766,49.84804928
9480,16.51753,3.24549,16.08219972,50.54620123
9481,4.71963,3.45435,17.98247851,49.83436003
9482,9.63875,2.47815,12.01020761,50.23408624
9483,10.76478,2.40275,12.21799134,50.14921287
9484,5.7913,2.08666,10.19913478,51.20054757
9485,3.18835,2.43417,11.83865862,51.31827515
9486,19.90835,1.44914,7.784457917,49.43189596
9487,3.8975,1.00985,5.797580846,48.01916496
9488,5.263,1.77026,10.34883863,47.42778919
9489,9.48663,3.01819,13.8253816,52.28199863
9490,7.4197,2.71863,16.46505279,46.77344285
9491,21.0817,2.36374,11.93375553,50.05612594
9492,21.13668,21.9131,72.79044447,50.89664613
9493,14.7052,4.33172,21.13052643,50.86105407
9494,2.61793,8.6074,30.25345292,51.71526352
9495,3.96005,2.08864,11.55799057,48.07392197
9496,5.02495,1.45944,6.859103222,52.30390144
9497,7.0159,1.45009,6.789537752,52.01368925
9498,8.0765,3.57227,17.80657945,50.40930869
9499,3.52768,1.8237,9.352484243,50.64750171
9500,5.1955,1.67902,7.872893421,51.17043121
9501,7.76005,3.22537,17.64845994,48.8843258
9502,5.6213,2.35867,11.4334033,51.39219713
9503,2.86083,4.2359,20.80065643,48.6899384
9504,3.8665,2.86985,15.06117917,49.92744695
9505,4.47665,1.74875,8.988584174,50.99247091
9506,7.3399,2.35379,11.82217104,50.22587269
9507,3.39728,2.59224,12.51123546,52.89801506
9508,3.7414,1.95752,9.049141336,49.87268994
9509,11.1586,1.71236,10.36629815,46.7761807
9510,11.2382,1.26843,6.235372743,50.83093771
9511,1.79543,0.766484,4.016259131,50.92950034
9512,20.37428,7.45897,32.05345502,52.91718001
9513,3.26383,1.1514,6.288403228,49.90006845
9514,5.3739,2.53828,14.62546155,47.87953457
9515,5.94638,3.22249,14.71483345,52.62970568
9516,9.12553,4.11409,20.66754683,50.091718
9517,3.97315,2.54079,12.91056425,50.03422313
9518,8.4217,1.63792,8.447030796,50.15468857
9519,5.75128,1.4107,6.96882678,50.51334702
9520,1.8571,1.37355,6.464219316,52.36413415
9521,5.78778,2.92637,14.68721587,51.6440794
9522,3.91115,3.85872,20.88872449,48.40520192
9523,6.64223,8.02409,42.13055093,48.66803559
9524,4.65953,0.992265,5.425727389,49.87268994
9525,3.08343,0.796391,4.429811569,49.64271047
9526,4.39798,0.941138,5.748461863,47.06639288
9527,5.05085,2.33542,12.44876996,49.4072553
9528,8.36038,1.56596,7.789045042,51.34565366
9529,4.47513,2.83331,12.90866777,52.06570842
9530,3.36068,1.01455,4.987449517,51.20876112
9531,5.55368,3.86528,17.4214743,52.47638604
9532,3.26278,1.36413,6.490698999,51.03080082
9533,2.15975,1.56407,8.051008998,50.52429843
9534,3.70598,2.04805,9.899845608,51.35112936
9535,10.24428,2.42662,12.89420706,49.51676934
9536,6.4418,2.01499,9.868008353,51.02258727
9537,19.92595,4.67091,23.74921775,49.60985626
9538,8.69585,2.51384,12.73276871,50.13552361
9539,6.60738,1.76139,10.43688298,47.05270363
9540,3.04353,1.52994,7.923328091,50.72963723
9541,5.7939,2.53701,12.78942622,50.45859001
9542,10.94863,1.86345,9.387936674,50.2477755
9543,8.5955,2.90172,12.69069043,52.36687201
9544,5.86493,2.77486,14.01609695,50.51334702
9545,14.61473,2.28319,11.66424119,50.93771389
9546,15.28915,2.10303,12.99709142,46.73785079
9547,11.53373,1.94481,9.056822104,52.33675565
9548,6.94095,1.56444,7.397432574,51.86858316
9549,5.7844,1.70856,9.200030489,49.06228611
9550,6.29215,3.4864,17.52957399,50.07802875
9551,3.88538,2.39471,11.54136076,51.70431211
9552,2.6861,1.61806,7.938417006,50.9596167
9553,6.3476,2.07545,11.64641422,48.5338809
9554,3.3498,3.4423,15.68891597,52.76112252
9555,6.56098,3.14491,17.1607075,49.80424367
9556,11.37665,2.44782,13.72759405,48.72279261
9557,6.649,2.52378,14.07631038,48.04380561
9558,25.92435,6.84507,30.91212615,51.45516769
9559,6.01043,3.54449,15.00357341,52.82683094
9560,4.3895,2.87563,13.70519181,51.30732375
9561,2.30608,0.588182,2.973428993,50.57084189
9562,3.18533,1.30674,6.776629795,50.17659138
9563,17.93595,2.4533,12.53008179,50.22861054
9564,2.8727,1.67408,8.214118632,51.43600274
9565,3.85705,5.83433,24.24585998,52.66803559
9566,3.73565,3.06788,16.83735667,48.93634497
9567,3.29118,1.70918,8.381388681,51.68514716
9568,6.10213,7.00027,32.50209245,49.82067077
9569,18.81338,2.75001,13.77939182,50.20944559
9570,14.44588,5.99383,28.14266421,50.94592745
9571,4.74608,1.12665,6.174483696,49.97946612
9572,7.03323,4.62986,20.96102801,50.4476386
9573,8.7268,2.59109,12.63249202,51.51813826
9574,5.99955,1.96277,10.60506571,49.84804928
9575,7.35718,4.08329,18.41072871,51.40588638
9576,6.7398,1.32753,6.174732609,52.74195756
9577,8.50788,4.94253,21.90275175,50.50239562
9578,13.68928,3.3376,18.15636255,48.40793977
9579,5.7987,1.49232,8.06744916,49.95208761
9580,7.11878,2.06921,10.34966834,49.36344969
9581,11.86153,2.35719,10.50260807,52.38056126
9582,4.14218,2.08859,8.998706667,51.02532512
9583,7.05263,1.92275,9.429789746,51.88501027
9584,3.63548,1.50817,8.560393236,48.64887064
9585,13.83168,4.42046,21.75281084,50.59000684
9586,5.75675,3.38366,17.64620787,49.86995209
9587,5.13983,2.32161,11.23254175,51.96440794
9588,4.2924,1.95096,8.701408809,51.3045859
9589,5.84578,2.98926,15.71760032,49.99589322
9590,5.78903,3.23861,15.39567185,51.8275154
9591,9.9283,1.73351,8.896628318,50.98425736
9592,5.28108,4.41874,21.52143957,50.65297741
9593,3.01445,1.11096,5.774277776,50.65297741
9594,3.6392,1.57822,8.051388296,50.49691992
9595,6.56833,3.35088,19.11254699,47.77549624
9596,11.4097,6.34623,32.82840654,48.81314168
9597,8.28395,2.27039,12.10171305,49.91101985
9598,5.00465,1.24288,6.438047812,50.53524983
9599,9.68538,2.85993,13.78259214,51.8329911
9600,3.0386,1.48178,6.948238055,52.85147159
9601,6.10973,2.8783,15.18788813,49.44558522
9602,3.18533,1.25662,7.893233232,46.52703628
9603,6.26113,2.05148,9.527446912,51.75085558
9604,2.22853,2.07607,10.64169159,48.00273785
9605,11.57078,2.58276,14.31977175,48.31211499
9606,3.63648,1.98905,9.705064662,51.38124572
9607,5.27735,1.7781,9.602962607,49.44284736
9608,6.46543,3.675,17.9972948,50.67761807
9609,2.48748,2.87898,14.36256121,50.28336756
9610,15.35425,5.63563,30.72461111,47.39219713
9611,19.90748,5.91234,28.27103259,50.54620123
9612,3.14685,1.14259,5.964400479,50.43942505
9613,4.34438,4.74247,20.02060811,52.68720055
9614,18.24555,6.17113,29.27095474,50.98425736
9615,20.7067,2.40414,13.4381429,48.678987
9616,13.62653,2.12346,11.25877252,49.12799452
9617,7.22675,2.99911,14.43427208,50.7926078
9618,2.44258,6.1855,26.76332637,51.24161533
9619,5.47798,0.794227,3.780028116,51.4770705
9620,15.04233,4.61232,20.62191264,52.50376454
9621,3.5494,3.71447,19.04178437,49.5578371
9622,6.83843,5.83623,16.99476499,52.82135524
9623,2.31348,2.10134,10.73827013,50.4421629
9624,9.55913,2.65878,12.31340828,52.77481177
9625,3.9619,2.9583,14.79092994,50.72689938
9626,4.87563,1.50523,7.776255616,50.09993155
9627,5.22633,2.40061,10.59045092,52.42710472
9628,2.4463,1.81386,8.872412564,51.06365503
9629,4.40068,1.17184,6.107679983,50.58179329
9630,4.05225,2.81717,13.0044403,52.29842574
9631,5.2182,1.95029,9.443622239,51.01163587
9632,5.57678,1.49247,7.307657677,51.38398357
9633,2.35888,3.88188,17.48026536,51.99178645
9634,8.45378,3.12428,14.32676504,50.98973306
9635,16.47013,4.39418,22.5392598,49.30595483
9636,1.847,1.82472,8.927861068,51.67693361
9637,18.81338,3.72844,18.5402824,50.52977413
9638,2.41275,3.32691,16.62329083,50.83641342
9639,2.85578,2.15827,11.52831057,49.908282
9640,2.1745,1.01731,6.124855032,47.41136208
9641,5.5769,0.987247,4.885098548,51.02258727
9642,10.97183,1.37209,8.506627863,47.4661191
9643,4.407,6.00367,28.11552075,50.38466804
9644,4.79223,1.54891,8.331582222,49.9137577
9645,12.55788,5.17241,22.98422279,52.97741273
9646,22.9042,3.62361,16.65884994,51.67967146
9647,5.5183,4.54927,20.54202318,51.55099247
9648,7.58195,4.02361,21.06142323,49.40999316
9649,3.80358,0.91221,4.768488377,50.20670773
9650,4.37468,0.657877,3.15072671,51.03627652
9651,8.12905,2.60488,15.8701489,47.26625599
9652,4.80503,2.95416,13.47038316,52.27378508
9653,5.31863,2.59268,11.96765521,52.41889117
9654,7.89985,2.43322,11.25528773,52.07939767
9655,3.63818,1.74974,8.572803365,51.18959617
9656,8.75198,1.95083,9.537261226,51.78644764
9657,4.91133,2.55963,11.67864263,52.41889117
9658,7.5377,1.75115,9.450817032,49.35523614
9659,20.58063,4.44186,20.83360787,51.15126626
9660,12.82153,3.72215,19.31381155,49.15537303
9661,9.19698,7.22699,31.06017057,52.78028747
9662,4.30785,2.59863,12.54157923,51.50992471
9663,13.86228,1.96082,9.968379864,50.15195072
9664,3.51243,1.38276,6.760165928,51.27720739
9665,5.01835,3.1946,16.05481921,50.57631759
9666,2.51958,2.44264,11.81112401,51.33744011
9667,7.6015,7.42,31.52220193,47.37303217
9668,5.8592,1.91905,10.2878429,50.08350445
9669,4.99568,2.58812,9.779537289,52.73648186
9670,12.92405,1.8579,11.64699502,46.71868583
9671,6.98263,5.09074,23.76249315,51.52087611
9672,7.74738,1.91015,8.883779626,52.72005476
9673,8.7247,2.59109,13.10933967,50.41204654
9674,11.258,3.60687,17.13095638,50.59548255
9675,6.7695,1.51636,8.149815909,49.26762491
9676,7.78985,1.81372,9.83540065,48.99931554
9677,2.71083,1.68679,9.107434569,49.71115674
9678,5.7446,2.46283,11.45042426,51.84941821
9679,2.07653,2.1192,12.41332938,47.36208077
9680,3.48925,2.95447,16.1949221,48.31485284
9681,6.17933,3.03885,14.60756347,51.70431211
9682,3.63088,1.43945,7.10463887,51.25804244
9683,4.93818,4.71525,18.67481436,50.48870637
9684,5.21708,1.62383,7.640562056,51.52361396
9685,6.52963,4.0268,20.68544492,49.56605065
9686,8.8335,4.68891,21.80816452,51.62491444
9687,12.51615,2.66167,13.57753461,50.9650924
9688,5.0504,1.60775,9.524412535,47.39493498
9689,17.0771,5.30284,26.82721423,49.79603012
9690,3.26175,2.4741,13.16386364,49.17180014
9691,10.3842,6.25475,29.12468827,51.68788501
9692,4.69838,1.51323,7.090687846,52.88706366
9693,7.59598,3.47658,19.86426656,47.83572895
9694,10.06818,2.13566,9.860837266,52.5338809
9695,3.39838,1.25748,7.598827515,47.90417522
9696,11.54565,5.93446,27.9299022,50.4257358
9697,18.58095,2.35512,13.20440102,48.678987
9698,4.9708,3.67534,16.63834419,52.55030801
9699,3.2292,4.46234,21.90002555,50.22039699
9700,18.19218,1.46403,8.227856301,48.61054073
9701,9.4399,3.18669,16.72119691,49.724846
9702,3.12193,1.53344,8.309381485,49.71663244
9703,6.097,7.00027,31.11552425,52.73648186
9704,11.02288,2.73425,14.45122192,49.82340862
9705,11.7615,2.13677,12.59171758,47.45516769
9706,2.14288,1.78177,8.290629981,52.56399726
9707,4.10283,2.18975,12.88211697,47.00889802
9708,16.12805,4.95418,23.13120044,51.4825462
9709,9.965,4.96254,22.0017246,52.20807666
9710,8.6439,1.64134,9.352543508,48.72553046
9711,3.64413,1.87946,9.654878906,50.38466804
9712,7.10785,4.2985,22.044277,50.52977413
9713,3.98688,2.52334,13.38433012,49.98767967
9714,20.13228,4.10849,22.38019205,48.78850103
9715,3.8318,1.82347,8.028891233,52.10677618
9716,11.0893,3.25697,18.79512268,46.86379192
9717,17.0771,1.63541,8.495675657,50.71594798
9718,19.99585,2.78499,12.87346425,52.41615332
9719,5.08918,5.90934,28.12132874,49.94387406
9720,22.45888,7.85392,34.11849101,51.8384668
9721,24.1392,4.63089,21.08074368,52.13141684
9722,4.6671,1.71462,8.857051029,48.98015058
9723,8.99423,1.55623,7.630083971,51.72073922
9724,4.06925,1.57117,8.051388296,50.40109514
9725,2.82833,1.7837,8.334071359,52.74743326
9726,15.7338,4.57476,22.40958758,50.88295688
9727,3.87068,2.12862,10.36670115,51.80835044
9728,3.73915,3.31765,15.82463324,51.8110883
9729,4.90863,2.55963,11.92142837,52.76659822
9730,13.24345,2.99036,14.98638651,50.11088296
9731,7.93263,2.43133,11.76129385,51.12936345
9732,11.85943,3.47148,17.29429122,50.091718
9733,4.7271,1.01652,5.867454495,48.64065708
9734,7.75013,2.35114,12.52225878,49.86173854
9735,3.10608,2.87558,14.57010787,47.52361396
9736,6.3869,1.96778,10.58100405,49.07049966
9737,3.47398,1.03597,5.12541886,51.58384668
9738,20.3749,3.06016,14.62107593,51.47433265
9739,3.42838,1.9135,9.264167269,51.49897331
9740,6.56055,5.51566,29.97668452,47.16769336
9741,8.4364,3.54467,20.35711581,47.01984942
9742,4.4611,2.46727,10.07269844,52.70362765
9743,5.72988,2.86491,16.57315249,47.78918549
9744,10.913,2.50649,11.65672636,52.05201916
9745,3.44038,1.57284,8.916754773,48.65982204
9746,14.48808,2.0104,8.594079565,50.04791239
9747,12.70423,2.64023,13.98124903,49.44558522
9748,7.05178,2.41411,12.18646226,50.08350445
9749,5.63615,3.04712,13.97413721,52.58590007
9750,9.67798,2.22219,13.71929692,46.39014374
9751,12.51985,2.03123,11.38250637,48.87611225
9752,15.38503,4.69026,22.83179274,50.58453114
9753,16.6496,4.14315,15.65205303,49.9028063
9754,25.15783,3.43956,17.66280212,49.55509925
9755,3.88538,2.74239,12.56836709,52.79397673
9756,2.8573,1.85708,10.06239815,49.78507871
9757,8.59003,2.08999,10.18276573,51.24435318
9758,19.65798,3.32433,15.72174888,50.12183436
9759,11.46855,2.91141,13.95600206,51.49623546
9760,22.1427,1.38548,8.027042159,47.42778919
9761,19.35955,1.98575,11.20203203,48.73100616
9762,2.11425,0.794517,4.563691615,48.49281314
9763,9.00355,2.59764,11.94110441,52.52019165
9764,2.97548,1.30411,6.130224458,52.79945243
9765,6.81513,3.09801,14.13190112,52.96372348
9766,12.80633,1.20751,7.517646069,46.9650924
9767,11.62838,3.42381,17.00863304,50.23134839
9768,9.94983,3.93864,17.37038771,52.39698836
9769,10.5719,3.37801,16.10981729,52.27378508
9770,12.09628,8.79983,40.96836072,50.09445585
9771,12.71263,4.67561,23.74921775,49.96303901
9772,7.40675,1.54468,7.882138789,50.71321013
9773,4.14033,3.15922,14.45928198,52.91718001
9774,3.10023,1.71772,9.643428873,48.08487337
9775,2.58478,2.39357,11.12354123,52.93086927
9776,2.01668,0.636561,3.435377378,50.41752225
9777,12.5508,2.08926,11.18848401,49.60438056
9778,6.39398,1.34391,6.945559269,50.61190965
9779,7.11748,3.64071,16.43340519,51.38672142
9780,31.39658,3.43175,13.32328698,50.72689938
9781,6.12063,5.12727,23.58481614,51.58932238
9782,5.89678,3.36113,14.13865735,51.87679671
9783,3.55025,2.5949,12.53434888,51.89596167
9784,3.63648,2.87294,15.88413548,48.07392197
9785,21.95573,3.40817,17.14565414,51.08555784
9786,19.01178,4.13508,23.77647974,46.68035592
9787,2.8241,1.49417,6.448039921,52.44079398
9788,4.68828,0.974757,5.563293729,48.80766598
9789,6.54855,5.55361,24.83661531,51.51540041
9790,11.4462,2.41866,14.09883115,47.11841205
9791,3.51283,0.894165,4.235267683,52.22176591
9792,7.37303,2.7698,12.29195429,52.36413415
9793,3.98278,3.83179,18.14925073,51.22518823
9794,20.50275,9.97376,41.27843615,51.95345654
9795,8.6375,1.8301,11.01943601,47.17590691
9796,6.57115,4.94271,28.55716489,46.14647502
9797,4.47658,3.12445,14.86109992,51.70157426
9798,2.79318,0.965139,4.941376765,50.64750171
9799,3.4313,2.68607,12.97101474,51.70704997
9800,3.19373,3.12481,16.76932024,47.68514716
9801,9.38673,4.46654,20.812628,51.04722793
9802,2.93898,2.15695,11.12081503,49.63175907
9803,12.3257,3.93117,19.07639523,50.72963723
9804,18.75343,2.76564,13.30633714,51.16221766
9805,9.54753,4.38403,21.65727537,50.47501711
9806,9.66103,5.43065,25.04048753,51.321013
9807,3.5598,1.63173,7.646535986,52.1779603
9808,10.81498,1.89238,8.844593488,52.26830938
9809,8.96068,2.57172,12.33592905,51.4825462
9810,4.38905,0.863439,4.271976537,51.21149897
9811,17.88388,3.25436,15.58057922,51.33470226
9812,6.11878,2.2323,11.10877234,49.69746749
9813,7.81098,4.46635,19.70899178,52.78302533
9814,5.65263,3.09019,14.1923516,52.03285421
9815,4.25453,1.33113,6.896428434,50.17932923
9816,7.91008,7.44582,30.86815138,52.8733744
9817,2.71488,1.49225,8.078697691,49.10882957
9818,11.36103,3.01759,17.47007175,47.25530459
9819,3.68575,1.88157,9.654878906,50.30527036
9820,5.00518,1.24288,6.438047812,50.22039699
9821,5.03655,3.54212,16.4955151,49.58795346
9822,10.68053,6.42034,29.87913403,51.35386721
9823,2.043,2.06758,9.582693915,49.2183436
9824,9.132,2.44559,13.3612167,49.9137577
9825,2.5174,2.44264,12.08345938,51.6495551
9826,14.8524,2.90113,14.71187019,50.27789185
9827,9.8433,2.94833,15.56825206,49.46748802
9828,5.25358,1.90606,9.429718628,50.5927447
9829,5.32338,1.53346,9.116442877,47.8275154
9830,5.17648,2.3749,10.97689546,50.18480493
9831,1.7874,2.62919,12.1928629,51.86310746
9832,7.7705,3.17675,14.49258902,52.02190281
9833,6.06178,3.21739,14.71483345,52.49828884
9834,5.85873,1.02736,6.229315842,47.57563313
9835,15.26818,1.72366,9.740528947,48.39151266
9836,5.85408,1.02736,5.675696073,48.04928131
9837,3.99658,1.92768,10.83862979,48.11772758
9838,9.72513,3.30619,16.33383968,50.66392882
9839,7.12115,1.17074,5.606462488,51.97809719
9840,3.28488,2.05359,9.55429404,52.33127995
9841,7.67548,2.12916,10.3614147,51.61396304
9842,7.16605,3.62148,18.75624472,49.98767967
9843,4.19035,2.89061,14.53028167,50.40383299
9844,4.84375,3.32734,16.56331447,50.50513347
9845,5.10578,2.72282,13.12688217,51.22518823
9846,5.24103,2.72262,13.75722664,50.10540726
9847,12.44848,2.74993,15.95537223,47.52361396
9848,6.052,2.7445,13.19242946,51.66872005
9849,14.59458,3.13012,14.97927469,51.38945927
9850,3.92883,2.47066,11.82466018,51.28268309
9851,23.5909,4.04254,19.97165507,50.51608487
9852,6.6273,2.402,12.17117185,50.35455168
9853,12.12883,2.20438,11.26868166,50.22861054
9854,15.46545,3.29732,16.00408821,50.37371663
9855,2.43555,2.27373,10.5222604,52.12046543
9856,5.37973,3.06274,15.23790794,50.52429843
9857,17.6532,4.40195,22.96039818,48.93086927
9858,6.734,3.36221,14.50361234,50.48596851
9859,4.778,0.635598,3.235037358,51.03627652
9860,3.01605,2.85603,16.81234676,46.86926762
9861,7.49878,3.53485,17.62499093,50.9705681
9862,2.36455,0.863015,4.583012064,50.14647502
9863,10.40038,2.28306,10.34623096,52.62422998
9864,5.0566,4.51374,26.56834392,47.35386721
9865,21.05805,4.40168,21.16098874,50.90485969
9866,15.26355,1.51193,7.112177401,52.89253936
9867,4.26615,1.62077,8.264233269,50.29979466
9868,16.76458,2.72253,13.71348894,50.33812457
9869,2.4887,2.77393,14.67702226,49.84804928
9870,6.10215,3.38995,16.2823975,51.04175222
9871,9.62145,1.82447,9.754432558,47.92334018
9872,2.40023,0.928702,5.530674173,48.55852156
9873,4.40068,3.98911,19.56545151,49.35797399
9874,4.08423,2.61642,13.22668473,50.81177276
9875,3.27365,2.79711,12.88816201,52.88158795
9876,4.08423,3.53321,15.96248405,52.05201916
9877,3.79048,1.54359,7.58729451,51.40862423
9878,4.14218,3.59316,17.17540526,51.05544148
9879,7.6724,6.62129,29.49912569,50.96235455
9880,12.6798,4.11729,21.99556102,49.94113621
9881,7.18903,2.20256,10.91579306,51.22245038
9882,3.80165,0.96165,5.11866263,49.84257358
9883,14.27493,2.58922,12.5082722,51.24161533
9884,15.9793,2.0321,11.38250637,48.77481177
9885,5.80623,2.01987,9.868008353,50.64476386
9886,21.05805,1.17432,6.053867198,49.29226557
9887,5.91555,2.04896,9.974104881,51.20876112
9888,11.69403,1.74837,8.588117488,51.83572895
9889,13.9571,2.21789,11.65372754,49.77412731
9890,14.83128,3.08801,15.21171273,49.97672827
9891,21.95578,3.40817,18.6917642,48.85420945
9892,6.02893,2.1832,12.21004981,48.22724162
9893,2.2662,0.974679,5.482989408,48.59958932
9894,3.64948,1.83136,9.000105325,51.67693361
9895,13.71495,2.4331,12.20981274,50.2642026
9896,4.7016,4.48723,16.54517932,49.31964408
9897,4.77513,1.76994,10.81864557,46.88295688
9898,10.57538,5.93588,27.15483216,48.58042437
9899,5.99563,2.43365,10.59747977,51.33196441
9900,3.80848,2.39676,11.54136076,51.2991102
9901,20.2038,2.80275,15.32242009,48.79945243
9902,3.4238,1.70164,8.181036807,50.80903491
9903,18.96375,3.18816,14.62166858,52.07665982
9904,5.01398,2.22722,10.82541366,51.93976728
9905,11.97735,4.56869,21.37920313,51.75085558
9906,17.57315,2.33739,11.95070537,50.31074606
9907,3.35525,1.40615,7.282790006,50.12731006
9908,6.21505,3.96451,18.58247921,52.08213552
9909,17.9938,2.31513,11.77488928,50.21218344
9910,7.61055,1.50984,7.799072711,50.30800821
9911,3.08258,1.71917,10.70022189,46.52703628
9912,3.42105,3.7041,15.3458891,49.10061602
9913,20.08033,3.92797,21.24763443,48.5338809
9914,8.50328,8.33858,31.85716874,50.96235455
9915,8.93798,3.13065,13.33727356,52.3340178
9916,22.45725,9.91386,41.27843615,49.07323751
9917,13.11428,1.90603,11.27445409,47.50444901
9918,4.37843,1.46644,7.597452562,50.81177276
9919,3.58598,3.01843,13.83095253,52.36960986
9920,16.7113,4.97756,23.12076977,51.95071869
9921,5.98375,1.47959,8.39856373,48.20260096
9922,21.2619,4.62586,22.36181985,50.88295688
9923,18.3227,5.4414,29.78051677,46.7761807
9924,10.518,2.45501,14.93447021,46.46406571
9925,8.47383,2.37065,11.506015,51.40862423
9926,22.2693,4.86848,24.74214661,49.5797399
9927,4.4103,3.485,17.81274303,49.51676934
9928,8.10215,5.62848,25.95542341,51.40314853
9929,7.91698,2.56326,14.86347052,48.38877481
9930,5.20475,2.51555,13.03170228,50.45859001
9931,3.45013,1.61935,8.776711149,49.91101985
9932,5.69248,1.69941,10.09153291,47.94798084
9933,2.79633,1.40333,8.400768395,47.51813826
9934,12.35475,4.82477,24.53045138,49.99589322
9935,4.46258,2.26999,11.55943664,50.98425736
9936,21.77595,6.9839,33.73812708,49.08418891
9937,6.05065,1.87048,11.05385723,47.89596167
9938,20.8482,3.38748,16.27801188,51.97535934
9939,5.5373,4.07425,20.14494646,50.02600958
9940,4.74723,1.54828,8.626367236,47.77275838
9941,9.1639,3.56181,20.24451196,47.2991102
9942,11.8823,7.61729,35.23658793,51.20328542
9943,4.8999,1.82309,8.740381592,51.92881588
9944,3.70333,3.46206,15.54395334,52.19438741
9945,3.24605,2.03099,9.448043422,52.57494867
9946,7.59743,2.39878,12.90463774,48.44353183
9947,4.50555,1.79334,10.71122151,47.42778919
9948,8.63543,2.59698,12.53292652,51.52087611
9949,13.08133,2.89362,13.41905951,52.05201916
9950,5.00793,2.06098,10.48201934,50.48596851
9951,14.52583,3.37714,14.76331237,51.21423682
9952,6.8494,2.8465,16.50535312,47.80013689
9953,4.09178,3.13254,14.95616127,51.63586585
9954,9.1818,2.46733,13.89744806,47.50992471
9955,2.22305,1.31036,7.449325167,48.58316222
9956,2.68028,2.50687,12.74509587,50.18480493
9957,3.85473,3.15309,16.55288379,49.88090349
9958,8.2151,1.19862,6.937925914,49.4017796
9959,10.8969,3.33309,19.10010131,47.04996578
9960,22.34843,2.30247,11.23363223,51.08555784
9961,13.38253,2.79959,13.94829759,50.46132786
9962,10.43955,1.63729,8.051696474,52.36960986
9963,4.48023,1.77213,8.677086378,51.76454483
9964,4.00828,1.79498,8.458587506,52.75290897
9965,5.0055,2.94755,15.36769869,49.38261465
9966,6.14975,3.56116,16.55395057,49.43189596
9967,2.13263,2.91495,14.78405518,50.00410678
9968,2.1486,1.10002,5.377367001,51.15400411
9969,5.73853,4.3391,21.13052643,51.43326489
9970,3.48925,1.15267,6.927613772,47.69609856
9971,4.8687,2.49361,12.61186774,50.76249144
9972,2.64523,1.46183,8.268630746,48.3613963
9973,3.46775,1.76227,8.870172341,51.20054757
9974,2.43883,0.580335,2.823962204,51.6550308
9975,3.31805,2.62151,15.24288622,47.16495551
9976,2.9793,1.48931,6.970521764,52.63244353
9977,12.69733,2.64023,12.74628117,51.30732375
9978,2.6643,4.60588,21.65917185,51.39767283
9979,5.42623,1.79832,8.818101952,51.4825462
9980,6.3384,1.63514,8.448156834,50.80629706
9981,8.16938,2.13987,10.91421661,50.40109514
9982,7.77605,2.27918,10.7184163,52.81861739
9983,6.58828,1.08497,6.049019306,48.98288843
9984,2.90625,2.27075,10.55285309,51.78370979
9985,3.53928,1.82886,10.99943994,47.38945927
9986,15.58855,2.45961,13.85216946,48.21081451
9987,4.56485,2.52657,14.7630753,47.58658453
9988,2.48005,0.894475,4.223082762,50.56262834
9989,18.29955,2.85704,16.5646183,47.87132101
9990,5.3598,1.32954,6.890110765,50.37919233
9991,4.75395,2.20291,10.20417232,52.39972621
9992,4.96398,2.38536,12.73134634,49.60164271
9993,8.75383,1.95083,10.47103158,49.9137577
9994,10.55908,3.25959,17.09302666,49.93292266
9995,9.53223,2.5313,11.7372796,52.24640657
9996,4.41358,2.07689,10.61004399,50.9650924
9997,5.3797,2.57758,12.8393275,50.2477755
9998,4.80878,4.40616,20.14565764,51.03627652
9999,4.24565,2.69827,10.5747575,50.7871321
10000,4.13828,2.77545,13.38753044,51.97809719
10001,5.1614,4.83407,21.11784368,50.65845311
10002,8.04968,1.88828,10.13778346,49.30047912
10003,6.93745,1.56444,8.859492755,48.54757016
10004,3.76803,2.31532,10.71445738,52.35865845
10005,8.16993,1.78686,9.631966987,49.95756331
10006,2.45688,2.94928,16.26212881,48.00821355
10007,2.62245,3.98468,18.69863896,51.00342231
10008,2.3463,1.77791,9.591465162,49.16084873
10009,4.06835,3.22837,13.08741156,51.53730322
10010,3.05183,1.43434,8.632530815,47.57015743
10011,15.23258,2.11044,11.80888379,48.81040383
10012,18.1933,1.64572,8.466469775,50.0698152
10013,9.23315,2.05368,10.9971523,49.60438056
10014,7.687,1.77309,8.656841392,51.45790554
10015,13.96155,2.26251,13.28950583,47.6605065
10016,4.01345,1.71095,7.69081893,51.99726215
10017,12.3236,1.93886,11.38728314,47.01437372
10018,3.5964,1.73214,8.895549691,50.34907598
10019,11.77843,3.09196,16.26852945,49.77412731
10020,15.42825,3.92298,15.49914886,51.50718686
10021,8.49643,1.25834,5.879248266,52.94455852
10022,21.13668,1.64189,8.495675657,50.20396988
10023,1.68068,1.59164,7.45187357,52.183436
10024,15.98725,2.0321,9.886179057,51.87405886
10025,2.36368,2.47626,12.67231822,50.55167693
10026,7.41725,3.75303,19.33360612,49.74948665
10027,5.55768,1.43682,7.768717085,49.92744695
10028,4.17915,2.04907,9.493025695,52.03011636
10029,16.8793,3.17162,17.4398465,48.49555099
10030,6.34455,2.06424,12.08689676,47.6659822
10031,5.2839,2.47253,10.07269844,51.74264203
10032,2.9511,2.24767,10.92145881,50.19028063
10033,2.99485,1.03113,5.15071324,51.47433265
10034,14.37263,3.90091,18.14996191,52.89253936
10035,5.91895,8.18481,34.60790288,52.55030801
10036,6.18295,5.19137,20.50705672,52.21629021
10037,6.26665,1.02529,5.452325603,50.0698152
10038,10.62555,4.43689,20.83929733,51.23340178
10039,2.53248,2.56556,12.20388623,51.74811773
10040,14.87108,3.65698,18.87382684,49.29500342
10041,5.2852,0.985833,4.740835243,52.72826831
10042,7.49548,1.4919,6.978202531,52.28747433
10043,4.4089,4.07373,20.14494646,50.11088296
10044,4.5297,1.14784,5.975625305,50.25598905
10045,12.6632,4.55277,21.27074785,51.32375086
10046,5.4567,2.03385,11.41957081,48.27652293
10047,3.97115,4.30532,21.20294848,50.50513347
10048,3.66153,1.61328,7.880467511,51.74537988
10049,10.63653,2.60031,13.77322824,48.59137577
10050,4.60503,1.02307,6.58872361,46.86379192
10051,9.55193,4.38403,21.66035716,50.75701574
10052,4.3907,5.10974,25.73009719,50.85557837
10053,4.44873,5.23079,24.81729486,51.08281999
10054,6.87075,7.88456,32.57084006,49.95208761
10055,4.20543,1.94146,9.960070886,50.44490075
10056,3.16758,2.33861,9.579813627,51.22518823
10057,7.77878,3.29981,18.51539102,48.21902806
10058,12.03253,2.75253,16.04830004,47.52361396
10059,4.21305,1.96367,9.57994401,51.94524298
10060,3.33235,2.63413,14.59428807,48.29295003
10061,11.4097,4.64756,20.70666185,51.96714579
10062,15.77438,2.76629,12.24074917,52.36413415
10063,12.26315,5.53935,28.82646587,48.09582478
10064,4.9419,2.64816,11.19788347,52.41889117
10065,6.4344,2.63113,12.72387893,52.94182067
10066,8.45378,2.8146,12.93498151,52.36687201
10067,2.29473,1.42653,6.888048337,51.08008214
10068,2.60015,2.52824,11.70257391,52.27104723
10069,21.29915,5.01936,23.29915796,51.94524298
10070,5.57948,1.81813,10.71000064,47.21697467
10071,6.94663,2.13185,9.898529921,52.862423
10072,4.12028,1.99514,9.294688837,52.6954141
10073,15.34208,3.60254,17.97595934,50.73511294
10074,4.062,1.91733,8.950583339,52.01916496
10075,2.61873,1.97701,9.666672677,51.91512663
10076,2.374,3.34421,16.78733685,50.82819986
10077,5.61008,8.921,35.4187691,51.77002053
10078,6.79573,1.76347,9.502389593,49.79876797
10079,12.7815,1.65111,8.957718867,48.64339493
10080,20.94805,4.63092,25.82563266,48.30116359
10081,9.88223,2.52446,12.97575595,49.52498289
10082,2.29858,0.798563,3.774018627,52.7063655
10083,6.1312,2.20138,10.73651589,51.34839151
10084,3.33028,4.59537,23.98509318,48.28199863
10085,16.06048,2.1342,9.913571424,50.13278576
10086,7.24305,2.51491,12.18598814,50.10540726
10087,5.58468,5.79342,25.29497222,52.88158795
10088,6.29088,1.13342,6.476771682,47.87132101
10089,10.27493,11.7424,52.69421399,49.63449692
10090,22.42075,4.59332,25.84898314,47.63312799
10091,4.57805,2.39846,11.54136076,51.91786448
10092,19.37395,3.7755,20.46391167,48.64339493
10093,3.52238,1.74407,8.488741631,51.09103354
10094,19.89105,5.64937,31.03776833,47.2991102
10095,3.75125,2.08418,10.04259173,51.69062286
10096,26.92453,5.30361,22.74242085,52.28747433
10097,4.06725,1.90989,10.24649951,49.94113621
10098,6.06383,2.8273,13.58666145,51.17590691
10099,9.36435,2.58934,12.63249202,51.55099247
10100,2.59835,1.61819,7.885208726,51.21697467
10101,2.5985,2.77424,14.71744111,49.45106092
10102,10.90218,1.16734,6.216028588,48.81861739
10103,11.2221,10.2389,47.44853422,49.92197125
10104,15.7594,6.38829,28.49197319,52.08487337
10105,13.28273,13.5459,53.50472462,52.28747433
10106,10.76405,5.03601,22.28204891,52.01916496
10107,8.09348,2.14568,11.45747682,49.045859
10108,7.12415,3.29885,15.78599234,51.2936345
10109,2.19445,1.29447,6.313899109,51.83025325
10110,7.91765,1.3196,6.239165715,51.51540041
10111,4.03055,1.91151,10.26394718,49.72758385
10112,13.91788,21.1591,63.5137841,52.26009582
10113,11.35225,4.48387,21.01827818,51.06365503
10114,9.52453,3.55854,17.69172353,50.45585216
10115,11.04285,1.85139,8.829706074,52.00821355
10116,6.46543,2.06561,9.527446912,52.27652293
10117,5.76043,1.41119,8.121807184,48.77481177
10118,2.3515,1.94908,9.151516011,52.89253936
10119,13.59128,2.26006,10.92192108,51.06365503
10120,6.42938,2.27888,10.5644098,52.17522245
10121,2.8079,2.79316,13.50345313,51.58658453
10122,3.3047,1.66297,8.540954256,50.89938398
10123,3.5239,0.939544,6.23016926,46.89390828
10124,18.11555,3.74058,21.34731847,47.2936345
10125,9.43348,1.97193,8.901037647,51.15947981
10126,3.39123,3.62537,19.11456201,48.37234771
10127,2.0911,1.53639,7.555836552,51.02806297
10128,16.0257,3.40696,15.67255878,52.47091034
10129,2.26205,2.75224,13.22052115,51.81930185
10130,3.52005,1.33735,7.201537442,49.46748802
10131,8.0994,2.6564,14.6728737,48.95277207
10132,4.56243,0.875198,4.77728333,49.26214921
10133,4.65838,1.00863,4.788923011,52.91991786
10134,5.7813,2.4971,13.84339821,48.40520192
10135,8.68675,4.50033,19.37378791,50.78986995
10136,4.74548,2.17594,10.55850699,51.07460643
10137,4.24138,1.58755,9.452535722,47.24435318
10138,11.4788,5.42703,29.57403688,47.39219713
10139,4.57323,7.04331,26.05487038,51.40862423
10140,2.56265,0.815186,4.738535754,48.54483231
10141,4.88543,3.16869,18.14119066,47.09650924
10142,15.61408,2.31128,10.67857824,52.90896646
10143,2.72695,1.91181,8.884716016,52.16427105
10144,9.85938,12.0298,48.96833054,47.34291581
10145,4.7987,1.20327,6.880106803,48.85420945
10146,18.54745,3.17626,15.21194979,51.90143737
10147,3.17933,1.81774,9.834890969,49.35249829
10148,2.48903,1.4972,7.046843465,51.74537988
10149,5.5998,1.52714,7.217835367,52.58042437
10150,4.43458,1.37661,6.575388944,52.96098563
10151,5.2221,2.79818,15.49322234,48.62696783
10152,18.0851,4.80201,21.46928621,52.62149213
10153,3.20603,2.45332,12.45469648,50.27789185
10154,2.1509,0.889212,4.385208593,51.59479808
10155,22.67133,3.36996,16.06323486,50.06160164
10156,8.62783,4.96514,23.21132696,51.19780972
10157,6.651,4.4278,20.77410563,51.43326489
10158,5.98395,1.47959,7.022675124,52.91991786
10159,3.97478,1.14475,6.879988272,47.48528405
10160,13.86158,5.86548,25.97675887,49.17453799
10161,4.72145,1.63953,8.320179601,50.56536619
10162,4.93998,2.64816,15.41131786,47.78918549
10163,5.5998,1.46079,7.207084663,51.08829569
10164,7.8023,2.10217,10.7631141,50.0698152
10165,3.2219,1.99968,9.957581748,50.66119097
10166,4.14193,2.80209,14.07856246,50.4421629
10167,3.11403,4.57144,26.16830394,48.59958932
10168,9.78598,3.09934,14.84083122,51.10198494
10169,7.17528,1.79636,8.96280382,50.32717317
10170,11.58323,6.4136,30.51327148,50.0807666
10171,3.7632,5.77649,25.87043714,52.66803559
10172,3.32628,1.77423,8.294233304,52.81861739
10173,10.93938,3.89052,19.3077665,50.20944559
10174,4.75275,1.8617,9.114676774,51.71800137
10175,7.66603,2.9634,14.92356542,50.04243669
10176,24.34725,6.93092,31.17360413,51.82477755
10177,13.8607,3.83568,20.18619503,48.60232717
10178,2.96973,2.68135,12.93474445,51.4880219
10179,2.60625,2.49705,12.55912173,50.72689938
10180,2.67925,0.76674,3.81353665,51.4770705
10181,10.76478,2.81901,14.19341838,50.35728953
10182,6.09065,1.75921,8.625620495,51.46338125
10183,25.90268,6.41983,27.96640956,52.42984257
10184,6.8005,1.67937,10.13019752,47.05544148
10185,6.9236,6.00419,27.95704566,51.60848734
10186,2.25365,1.92766,9.871386468,50.66940452
10187,7.32825,4.79291,21.6757661,52.29568789
10188,4.5249,3.17518,16.52336973,49.86447639
10189,8.3745,3.09168,14.85078777,51.50444901
10190,2.99905,2.29899,11.662321,50.0752909
10191,10.20973,3.20687,16.40851381,49.60985626
10192,10.3833,1.42978,8.551645695,48.61054073
10193,25.5033,1.9774,11.70649726,47.78370979
10194,14.5274,4.04397,19.00421024,51.4770705
10195,14.55255,3.4351,16.9186685,50.07802875
10196,2.70638,2.33642,11.88658044,50.39835729
10197,5.50945,2.62234,13.79527489,49.16632444
10198,4.64983,3.48281,20.00982184,47.60301164
10199,3.21048,4.62189,24.55427598,48.83778234
10200,2.92158,1.02998,6.199339513,47.65776865
10201,3.57388,2.20036,12.31293416,48.02464066
10202,9.55145,2.25239,12.06733925,49.26762491
10203,10.38055,1.68273,9.514657486,48.84325804
10204,4.47255,1.41242,7.036732825,51.58932238
10205,4.83608,5.27097,23.5663254,51.17316906
10206,5.78903,3.56311,16.50357516,49.43189596
10207,14.07713,5.8446,27.96000892,50.74606434
10208,1.84843,2.13293,12.41332938,47.75359343
10209,2.81665,0.716358,3.427779582,52.92813142
10210,3.51975,1.33735,7.189636994,49.91649555
10211,17.50083,5.24903,24.79026994,50.95687885
10212,20.42533,7.96274,34.64263228,50.61738535
10213,7.0619,2.62259,12.64114474,51.1266256
10214,3.12583,2.13761,10.87823079,50.20123203
10215,15.6978,2.55725,13.55856975,49.78781656
10216,10.91478,10.7817,40.27863253,52.72826831
10217,12.92428,2.66279,13.46777549,50.95687885
10218,3.17593,1.81141,10.73834125,47.6495551
10219,14.53305,3.4351,15.67516645,52.5174538
10220,16.9538,4.09022,21.81575046,49.89459274
10221,7.04995,4.06537,20.84806858,50.38740589
10222,9.3597,2.30794,10.66041939,52.37234771
10223,13.13648,1.90603,9.338379129,51.2991102
10224,18.49933,1.76915,9.084048528,50.29979466
10225,20.94298,12.9464,51.81329633,52.40793977
10226,5.31978,2.17337,10.60331146,51.24709103
10227,8.1219,2.42887,11.25528773,50.53798768
10228,9.89223,2.81548,14.18713627,50.34633812
10229,6.63353,3.41265,16.24245277,51.03901437
10230,16.53038,7.01633,30.36321204,50.01232033
10231,11.60915,1.23005,7.31817132,47.50444901
10232,1.9457,2.19245,12.8912438,47.67967146
10233,7.06648,2.37728,12.69246838,49.97946612
10234,13.8941,2.23504,10.36987776,52.73921971
10235,3.62213,4.6601,19.9319474,52.82135524
10236,8.62975,2.39092,13.91878353,47.02258727
10237,25.97595,3.31584,15.1464025,52.85420945
10238,4.61643,1.54492,8.004805863,50.71868583
10239,5.17735,2.49433,13.14466172,49.88364134
10240,7.31978,1.5329,9.209702567,47.39493498
10241,7.65603,2.35222,13.48448827,47.57289528
10242,7.19975,14.0857,52.18583726,49.68925394
10243,3.10358,2.16885,11.57644575,49.908282
10244,8.74123,3.96599,19.59686206,50.40930869
10245,5.20443,2.39364,12.16643063,50.09993155
10246,7.20465,1.895,9.691694437,50.27789185
10247,5.91895,3.63268,17.83241907,50.92676249
10248,2.7502,2.99009,17.25991741,47.86310746
10249,3.912,5.29488,19.46090773,52.54757016
10250,4.97998,2.29253,11.15300788,51.78370979
10251,3.23258,1.73708,9.359370857,49.64818617
10252,14.5876,2.85911,13.1801023,51.88501027
10253,4.2172,2.73334,12.60096294,52.48186174
10254,4.3846,1.72543,8.917394837,50.11909651
10255,10.43983,2.00247,9.656976893,51.08008214
10256,12.16345,4.06616,22.97189563,47.59206023
10257,5.19383,1.58318,8.177990577,51.95893224
10258,3.5632,2.76025,12.67267381,52.48186174
10259,10.58325,1.91046,10.77224094,48.5284052
10260,3.14685,2.24126,9.443918565,51.2881588
10261,4.21258,1.96367,10.55649197,49.79876797
10262,4.18698,1.87319,8.784617124,52.57221081
10263,3.63823,1.60994,8.606868991,49.63723477
10264,5.74778,1.81821,8.798141439,52.5065024
10265,3.8462,2.36003,11.34951937,51.2991102
10266,4.034,1.61681,7.936164929,52.49007529
10267,4.25453,1.32815,6.552133287,51.35112936
10268,16.88033,2.62974,13.10139814,50.00410678
10269,10.56843,3.00926,14.99112772,50.86105407
10270,9.13713,2.22623,11.21300795,50.17385352
10271,5.11123,2.58139,12.42186356,52.26009582
10272,12.08678,3.41276,15.43561659,52.66255989
10273,19.05438,5.19562,27.46905615,48.80219028
10274,13.99028,3.27326,17.87556412,49.62902122
10275,20.52073,4.86914,25.86332532,48.30116359
10276,12.45885,2.74993,15.86765976,47.60027379
10277,7.67068,1.39936,8.067769192,47.4825462
10278,9.22363,1.74026,9.21635212,49.16906229
10279,4.0889,1.45017,8.264019915,48.96372348
10280,3.2037,2.32417,13.03027992,48.72553046
10281,9.07688,2.0143,9.851615603,51.90691307
10282,12.265,1.72981,9.234013144,49.97125257
10283,9.77158,2.67909,12.43656133,51.55373032
10284,3.57715,1.09843,5.714739975,50.24229979
10285,7.41725,9.88496,42.11241579,51.06913073
10286,8.72225,9.18767,43.26986479,49.10061602
10287,5.49,1.16351,6.639110867,48.48733744
10288,2.31265,2.69985,15.75161854,47.67419576
10289,8.75198,1.12296,6.912347061,48.04106776
10290,5.70358,1.18387,6.134764171,50.94592745
10291,3.87148,1.64099,9.744487861,47.4934976
10292,4.688,3.06334,13.9065749,52.1889117
10293,5.95233,3.60144,16.84612791,51.66872005
10294,19.90365,5.64937,29.4745899,48.46543463
10295,10.60395,2.01481,10.30212581,50.67761807
10296,4.73275,2.72184,13.07318791,51.54551677
10297,10.343,2.69522,12.84525402,52.27104723
10298,6.04953,1.17936,6.143713213,50.32169747
10299,6.97225,7.79492,36.72284016,50.11909651
10300,10.33758,3.80374,17.38532254,51.91512663
10301,5.69385,2.16955,11.60892307,49.25393566
10302,12.03115,3.13994,17.30780368,48.53114305
10303,5.32843,2.50149,13.2308333,49.76865161
10304,10.52735,2.45501,14.36623565,47.88227242
10305,5.98873,3.72003,16.8905768,51.84120465
10306,7.62985,4.53588,21.25012357,51.70157426
10307,5.69385,1.53792,8.353723694,49.91101985
10308,9.77158,2.50679,12.15611849,51.8220397
10309,2.77373,1.82237,10.24090488,48.60506502
10310,6.01153,2.60841,14.54545356,48.0054757
10311,5.56808,2.22829,11.36394451,49.24845996
10312,9.86165,4.83931,23.51784648,50.52977413
10313,5.7417,2.94183,13.46504929,52.46817248
10314,4.33948,1.92306,9.872820685,50.88569473
10315,10.00058,2.48206,11.99396895,51.89322382
10316,10.29933,5.05514,25.56865883,49.86995209
10317,4.81085,1.3765,6.791493503,51.56468172
10318,5.34305,1.6422,7.68109944,52.36960986
10319,10.18723,2.80309,13.41052533,51.00342231
10320,16.17288,5.94908,28.47099331,50.06707734
10321,4.31538,1.82328,9.779146139,49.30047912
10322,3.91505,1.7444,8.143379711,52.95003422
10323,5.98733,6.0064,29.79130303,49.66735113
10324,11.904,4.1499,19.91013781,51.34017796
10325,6.18575,1.61841,8.968718485,49.51950719
10326,15.178,1.67275,9.03517846,49.60711841
10327,11.35553,2.66695,12.97611154,51.76728268
10328,4.2145,1.96367,10.53967251,49.32785763
10329,2.95498,1.42796,7.01977113,51.21149897
10330,4.21443,3.23393,13.08741156,51.53730322
10331,3.80965,6.02523,27.4895619,50.14099932
10332,8.27638,1.25944,6.133827781,51.74811773
10333,4.47373,1.89821,9.258134073,51.35112936
10334,2.68148,2.50687,12.14983638,51.38945927
10335,8.89395,1.89109,9.691694437,50.24503765
10336,6.0185,1.6208,7.620874162,52.41889117
10337,13.63285,2.12949,9.913571424,52.69815195
10338,8.26893,2.85708,13.1668269,51.88501027
10339,4.77698,1.62736,7.990013273,51.57563313
10340,15.52928,5.89301,33.86803635,47.20602327
10341,2.75105,3.28983,15.7276754,49.70020534
10342,5.35328,2.40629,12.20412329,50.65845311
10343,7.2461,2.51491,11.61884406,52.57768652
10344,13.20645,6.48618,29.494503,51.90417522
10345,5.08893,3.14495,16.46019305,50.40383299
10346,5.51433,3.27566,16.95209406,49.53593429
10347,8.36368,1.56596,7.370111325,51.68514716
10348,11.07543,2.64014,13.98124903,49.84804928
10349,11.46775,3.24307,16.42546365,49.34702259
10350,8.0804,2.11797,10.87331178,49.53593429
10351,2.68595,1.95863,9.372504021,51.55373032
10352,6.13448,3.22108,14.81475454,52.77481177
10353,2.62175,3.61232,18.78481054,49.73853525
10354,4.32303,0.9575,4.885228932,50.85010267
10355,3.78065,2.61825,13.70922184,49.72758385
10356,2.2586,2.11061,11.81645788,49.83709788
10357,8.396,7.62593,33.48245708,51.59479808
10358,5.62635,1.33965,6.983346749,50.96783025
10359,16.36165,2.48583,14.83751237,47.8275154
10360,2.8743,5.67284,27.11346506,50.68583162
10361,9.53623,2.5313,11.57447814,52.05201916
10362,3.85375,2.26007,13.23972307,47.37029432
10363,5.2683,1.58142,7.774667309,51.56468172
10364,4.8462,3.13093,16.56639625,48.78850103
10365,4.47853,1.59237,7.818487984,51.25530459
10366,7.90338,2.02244,11.38978413,48.44626968
10367,6.051,1.6858,8.663633182,50.85284052
10368,15.1645,2.38558,12.05927918,50.47227926
10369,12.39293,4.13764,22.17181568,48.79945243
10370,24.90493,5.70013,24.99153449,52.08213552
10371,6.13305,2.20138,11.18198855,50.0862423
10372,3.4187,5.43253,24.71535875,51.08281999
10373,7.37705,3.77607,18.66545046,50.90485969
10374,9.01593,2.02603,11.99076863,46.99247091
10375,5.48313,2.13111,10.1193994,50.6255989
10376,2.77825,0.879077,4.577476696,51.10198494
10377,14.40318,2.31844,12.52403674,48.65708419
10378,8.33688,3.98714,16.46659369,50.6036961
10379,5.54825,2.53087,11.90127821,51.42505133
10380,2.31265,1.97768,10.62662639,49.41273101
10381,3.3819,2.02475,8.698706317,52.43531828
10382,3.78168,1.54048,7.204927411,49.98767967
10383,11.9504,2.4778,13.18804383,49.88637919
10384,3.9711,2.54079,12.91056425,50.7926078
10385,1.96263,4.46735,22.93526975,49.27857632
10386,5.64705,1.39424,8.345770306,47.27720739
10387,6.56893,3.14491,15.07220249,51.08281999
10388,4.19705,2.6157,12.60321502,51.08555784
10389,16.52645,3.24549,16.1281895,50.65571526
10390,11.66823,3.02066,17.47007175,47.25530459
10391,6.07038,2.66143,12.85651441,51.58110883
10392,9.60855,1.74595,10.10564988,47.94250513
10393,3.55708,0.997718,5.482278226,49.8973306
10394,5.34635,1.6422,8.076362643,52.28747433
10395,19.01178,4.23917,22.83463747,48.15331964
10396,12.76508,6.37756,31.09442585,50.27241615
10397,11.58305,6.91744,31.19434694,51.24435318
10398,2.85893,2.31764,13.52680361,47.6386037
10399,3.4919,1.85895,9.99369795,49.95756331
10400,4.84303,2.27254,11.06894614,51.46885695
10401,5.41225,2.55655,9.938628743,52.43805613
10402,3.99095,1.84422,10.40946691,48.66803559
10403,2.84098,1.77814,9.591465162,49.16084873
10404,2.45988,3.18892,15.36129805,50.99794661
10405,9.0831,2.59702,12.53292652,51.86310746
10406,13.93048,4.78518,20.60401456,52.38329911
10407,5.29285,1.82974,10.89192104,47.40041068
10408,11.66133,4.20124,20.26288417,50.20123203
10409,7.60425,1.45914,6.875413,51.33196441
10410,3.6973,1.69388,8.714055999,50.08898015
10411,3.64253,1.87946,9.57076976,50.54893908
10412,4.45353,1.42195,6.672157133,52.51471595
10413,4.36278,0.863439,4.992285556,48.12320329
10414,8.55435,3.34232,16.71171448,50.58179329
10415,9.06413,1.80263,9.754432558,47.92334018
10416,4.92943,4.71955,18.76738657,51.26078029
10417,12.74208,1.63934,8.991630404,47.41136208
10418,9.70708,2.24142,10.94264019,51.06365503
10419,3.36885,2.20848,11.81098178,49.52498289
10420,4.06543,0.891128,4.858464776,49.90554415
10421,5.79955,1.49232,7.307657677,51.17043121
10422,3.80358,2.66076,12.79357478,51.92607803
10423,7.3226,1.91644,9.76076208,50.47775496
10424,13.81633,1.13802,6.763164746,48.98836413
10425,6.33838,2.20751,12.9337962,47.00889802
10426,2.84998,3.65368,18.19097342,50.54620123
10427,11.85385,5.69617,25.21437158,52.13141684
10428,10.86258,2.27644,11.50469932,50.77344285
10429,9.13143,2.99669,15.56469615,49.16084873
10430,17.07108,8.06333,29.20588157,50.18480493
10431,4.99453,3.48297,16.55383204,49.58795346
10432,5.66013,2.18519,11.04029735,50.14921287
10433,14.7452,2.15005,12.61234186,47.44147844
10434,16.53265,8.29255,44.18231153,47.49623546
10435,3.14698,2.24126,10.15116554,51.05817933
10436,3.31748,2.15366,10.48126075,51.56468172
10437,6.5304,3.25795,14.81475454,52.49828884
10438,4.2843,5.89967,28.86558089,48.63518138
10439,5.2852,1.48603,8.865004417,47.96167009
10440,10.82858,2.84949,13.69239053,51.45516769
10441,6.5419,1.0978,6.049019306,49.51403149
10442,4.81163,1.57299,7.377045351,52.73648186
10443,4.41983,1.65429,8.572269978,49.87268994
10444,5.19143,2.96485,13.63549596,52.5338809
10445,3.88803,1.79469,10.68365134,47.27173169
10446,14.52583,4.04397,19.95861673,50.30253251
10447,5.05253,2.1845,12.29954023,48.43258042
10448,4.75275,1.50716,8.385122387,48.31211499
10449,2.9828,2.86088,16.81234676,47.2936345
10450,4.47513,1.74875,8.56353429,51.36481862
10451,6.663,1.95578,10.82678861,48.42436687
10452,2.7274,2.51458,12.0238386,50.55715264
10453,2.8743,3.62585,19.69737581,48.27378508
10454,14.11678,6.11651,26.74708771,52.50102669
10455,11.73665,3.15684,14.78915198,49.88090349
10456,2.97033,1.327,6.554243127,51.1211499
10457,4.26968,1.8475,9.929430787,49.65092402
10458,6.39398,1.34391,7.273034958,49.34702259
10459,3.76433,1.95525,9.111405336,52.3340178
10460,5.4897,2.06311,10.9950069,49.96577687
10461,6.4344,1.89906,9.284993054,51.39219713
10462,7.4197,2.85175,15.72269713,48.32306639
10463,8.47763,2.16122,11.53498383,49.045859
10464,11.2998,3.22493,16.86355188,49.74948665
10465,19.69845,1.78853,9.128687063,50.80629706
10466,11.16838,1.58453,8.173533835,50.28336756
10467,4.40458,1.80979,11.05743684,46.75427789
10468,6.42875,3.28268,17.93068074,48.3559206
10469,6.39218,4.69076,22.55703936,50.83367556
10470,3.59655,1.62794,9.702646643,47.02258727
10471,2.57358,4.47787,22.80014513,49.46201232
10472,18.24555,1.91637,8.945865831,51.73990418
10473,7.33458,2.94743,15.36769869,49.28131417
10474,7.65935,2.35222,11.72919583,50.13826146
10475,15.8562,2.52614,13.35884609,49.39356605
10476,13.24345,2.54289,12.70325465,50.69678303
10477,11.79728,2.05452,12.00475522,47.16495551
10478,11.79103,5.27267,24.34909992,51.11841205
10479,20.97998,3.57427,19.62530935,48.46817248
10480,9.6934,2.15726,10.9854415,50.73785079
10481,4.6601,4.75738,20.49686311,52.51471595
10482,11.3351,4.1455,22.22965849,48.57768652
10483,6.7694,2.79479,14.06801325,50.03422313
10484,4.04813,1.17106,6.107679983,50.58179329
10485,6.2225,3.88202,19.19528119,49.9247091
10486,14.71558,2.14088,12.03166161,47.86858316
10487,4.30385,9.3901,39.31901071,51.57015743
10488,4.69838,3.47049,15.706577,51.54004107
10489,1.7253,1.51285,7.215713674,52.15605749
10490,7.78015,2.65223,14.20159697,48.06844627
10491,9.30978,1.92703,9.888525959,50.89938398
10492,10.29598,2.63944,11.81575855,49.04859685
10493,11.0008,3.82518,18.18220217,51.10198494
10494,2.506,2.30015,13.29424704,47.18685832
10495,2.20858,1.2113,7.643169724,46.85284052
10496,3.23685,2.19718,12.31293416,48.67351129
10497,4.22255,2.48248,12.52261437,50.46132786
10498,3.26758,5.52836,23.63685097,49.82888433
10499,9.09898,3.09114,14.13190112,50.954141
10500,6.75165,1.86713,9.592140785,50.11088296
10501,3.18768,1.67025,9.062487855,49.71115674
10502,5.30675,3.58554,16.28856108,51.72347707
10503,3.2289,2.672,14.80041237,48.97193703
10504,13.7369,1.79814,10.22209411,48.55304586
10505,6.4344,1.91639,9.799260742,49.29500342
10506,9.44375,3.07814,14.10700974,52.15605749
10507,25.26375,4.79534,23.36103081,50.56536619
10508,5.292,6.53511,32.18348283,49.11430527
10509,10.20973,7.01312,30.12603278,51.45242984
10510,3.66258,1.54206,6.713630907,51.24161533
10511,8.52335,1.36778,8.0519928,47.37577002
10512,23.00485,10.8188,45.75129795,49.07323751
10513,3.09525,0.894794,4.962261815,49.51676934
10514,4.6432,2.35588,13.17571668,47.95893224
10515,2.16455,1.36922,7.051738769,49.15537303
10516,2.99668,1.08184,5.126758253,51.94524298
10517,6.1085,2.71447,14.205627,49.30047912
10518,17.69698,1.93218,9.923053853,50.0862423
10519,6.45743,1.91737,10.20342558,50.26694045
10520,2.5639,1.42188,7.0922643,48.35318275
10521,3.94068,1.57701,8.951780496,48.59958932
10522,3.04968,1.78715,8.404241335,52.58316222
10523,13.42423,5.89792,28.00149454,51.07734428
10524,5.87548,1.49422,8.035220754,49.84531143
10525,15.48903,0.974808,5.222471522,49.99315537
10526,4.2691,1.76475,8.122719868,52.21902806
10527,13.76558,1.8006,9.322164176,48.78850103
10528,1.9485,3.48689,15.43466834,49.10061602
10529,6.944,4.14776,19.61416749,51.49623546
10530,8.38055,1.69078,8.319266917,51.65229295
10531,6.41865,2.40157,11.64258569,51.53182752
10532,2.81228,3.3397,16.7945672,50.7871321
10533,3.06575,0.986512,5.13302851,50.37645448
10534,11.85943,2.18819,10.22261564,52.00821355
10535,21.21518,5.6398,29.4745899,48.09582478
10536,9.28295,3.48012,20.61894938,47.56468172
10537,3.78368,1.54048,7.940597965,50.37645448
10538,2.82683,2.58997,14.35829411,47.65776865
10539,5.57043,1.61895,8.776711149,49.33880903
10540,14.90363,2.34965,11.96931464,50.94592745
10541,7.98938,1.47398,7.254271601,51.74811773
10542,8.6139,2.45079,12.48243258,50.33812457
10543,2.75333,3.71036,18.65146388,50.56536619
10544,7.27425,2.7791,13.3596758,51.73716632
10545,5.4288,3.56593,17.64277049,50.54072553
10546,2.6346,1.29696,8.192747607,46.65297741
10547,4.5169,1.82706,8.740381592,52.5065024
10548,7.19503,2.21849,11.88089099,49.34154689
10549,2.36455,1.57784,8.549535854,49.9247091
10550,11.9865,6.11474,27.35159256,51.816564
10551,2.51548,1.25375,6.198604625,51.32375086
10552,6.99235,1.99363,10.71737323,49.12799452
10553,17.78393,5.87714,33.86803635,47.43326489
10554,5.29675,6.53511,32.28375952,49.30047912
10555,9.81248,2.12052,10.87331178,49.08692676
10556,4.0306,2.76042,12.71937478,52.10130048
10557,5.95133,2.03552,9.455463422,52.65434634
10558,12.23645,2.83217,16.35766428,48.55304586
10559,24.2205,2.77596,15.47947282,48.59958932
10560,10.60285,5.48602,26.54463785,50.68583162
10561,5.5474,4.89769,20.98271907,51.8275154
10562,7.37048,2.7698,12.20993127,52.0054757
10563,3.53903,2.87758,13.79788255,51.77002053
10564,3.58203,1.09843,6.592445463,47.21149897
10565,13.85415,2.65871,14.37429571,48.81861739
10566,6.0825,2.53798,11.87413475,50.49965777
10567,18.8911,2.54645,12.68571215,47.83025325
10568,3.74558,2.70929,12.26409965,52.57221081
10569,3.7017,1.68057,9.535969245,48.73374401
10570,9.84303,2.94833,15.56351085,49.46748802
10571,3.34568,1.77078,9.05762811,50.50239562
10572,4.9945,2.82884,14.27401902,50.7871321
10573,2.64215,0.93457,4.840424454,50.14921287
10574,11.59395,1.8707,10.08924528,49.63175907
10575,2.69173,2.72752,14.50622001,49.04312115
10576,3.5753,2.20036,12.35963512,48.02464066
10577,6.9596,4.97479,22.23677031,52.42984257
10578,2.12315,1.6682,8.510930515,51.01984942
10579,10.43193,1.82838,9.387936674,50.84462697
10580,3.00968,1.31902,6.904132907,49.09514031
10581,12.29568,4.25801,18.62194982,52.30116359
10582,5.2872,3.01609,16.07425819,49.8973306
10583,5.92485,5.1428,24.01472577,48.24093087
10584,4.65838,1.78576,11.15908848,46.63107461
10585,11.4507,4.75539,21.14723921,51.40588638
10586,7.9994,0.922481,4.5581681,48.74469541
10587,2.83823,2.76337,12.68215624,52.5229295
10588,13.3065,2.47156,11.33018706,52.55304586
10589,3.53835,1.35496,6.981651765,50.03969884
10590,3.69863,1.5468,7.973952409,50.0807666
10591,6.86445,3.24391,17.76224909,48.58863792
10592,2.23738,3.57279,20.25968385,47.18412047
10593,10.3114,3.43738,15.49168145,52.45722108
10594,3.66595,1.18112,6.188339895,50.71594798
10595,7.1685,1.88493,9.732563706,50.95140315
10596,7.75893,2.75388,13.28369784,51.8384668
10597,10.792,5.32782,26.65167076,49.64271047
10598,4.79078,1.22891,5.774692632,52.97193703
10599,2.84485,0.883931,4.638045712,50.80629706
10600,4.32708,0.951291,4.916343152,50.68309377
10601,19.40248,5.9061,29.31599627,49.26488706
10602,4.20273,2.6363,13.28547579,50.10540726
10603,5.22805,3.69483,17.56880754,51.1266256
10604,5.78358,1.57566,7.039376052,50.4476386
10605,2.6847,1.63785,7.700905864,52.28199863
10606,4.82343,1.86779,7.403868773,52.81861739
10607,3.41573,1.05318,5.76281589,49.97946612
10608,5.15688,1.25549,6.502149032,50.2642026
10609,2.9195,1.9367,9.940465964,50.770705
10610,7.50703,1.57436,8.577224547,47.41136208
10611,2.4325,2.27373,11.06894614,51.46885695
10612,7.6273,1.99018,10.60019411,49.25667351
10613,3.8742,1.85935,10.02714722,49.80971937
10614,6.7425,1.7039,10.12086918,47.10472279
10615,7.26033,4.27644,19.04391791,52.84599589
10616,6.79925,2.09945,10.66500652,50.34633812
10617,24.03268,8.72715,32.97159122,51.71526352
10618,2.58478,1.33297,6.799482449,50.80082136
10619,10.57538,3.9069,18.79381885,51.70978782
10620,9.74733,3.15104,11.81341165,50.33812457
10621,4.2675,5.11398,24.68264437,50.20123203
10622,15.66135,3.76498,17.11045062,52.29842574
10623,6.95758,2.61733,10.2390558,51.24435318
10624,7.47843,3.04387,13.93751132,49.05954825
10625,2.75675,3.33272,16.6364477,50.83641342
10626,2.54158,1.30591,6.753374138,50.17659138
10627,5.84175,2.25833,12.06567982,49.05954825
10628,1.98318,1.37648,6.464219316,52.37782341
10629,14.4274,3.73608,18.61092649,50.42299795
10630,3.81508,1.61481,7.586535916,52.74469541
10631,9.0784,1.45828,8.267611385,48.28747433
10632,5.2221,1.45354,7.443031205,50.73785079
10633,16.19295,13.5257,54.34048221,51.90417522
10634,10.98575,3.84355,19.94806753,49.25667351
10635,12.8953,5.81894,27.67861783,50.94045175
10636,3.31255,0.978517,4.365117697,51.6605065
10637,4.247,2.69827,12.44236932,52.82135524
10638,8.74003,2.10919,10.81650017,50.48870637
10639,3.83375,3.66675,17.38745608,51.99178645
10640,4.4203,2.10693,9.762954891,51.96988364
10641,2.5896,2.75698,13.90704902,47.91238877
10642,12.23475,3.7457,17.77576155,51.49897331
10643,5.55828,1.54535,7.993403242,50.29158111
10644,16.85128,1.98309,11.71497218,47.75906913
10645,5.43423,0.914172,4.77021892,50.06433949
10646,6.02003,1.36852,6.494456412,52.18617385
10647,3.09665,3.55551,15.58437219,49.10061602
10648,12.25893,2.95283,13.54612406,51.56194387
10649,8.35898,1.8833,11.14363212,47.50718686
10650,5.88835,1.7893,10.11227573,48.95277207
10651,8.4721,2.63856,13.06121635,48.65434634
10652,12.05015,4.68548,26.11532087,47.23887748
10653,3.25648,1.5498,6.736708769,52.54757016
10654,5.94693,1.64351,10.26980258,46.29158111
10655,5.57263,1.12015,6.442006726,48.70362765
10656,4.90703,1.96936,10.06043054,50.17385352
10657,3.36068,0.999797,4.51144343,51.09103354
10658,13.62043,2.14703,10.44977908,51.3155373
10659,2.99778,2.29899,11.662321,50.47227926
10660,18.8401,3.5306,16.11894413,52
10661,2.86593,1.39448,7.939922342,48.62696783
10662,2.98995,1.97481,10.04717885,50.39835729
10663,5.7987,1.71729,9.698391402,48.70362765
10664,18.67073,4.08845,23.15170619,46.99520876
10665,19.00668,2.55805,12.63889266,51.85489391
10666,3.34328,1.82485,8.949670655,51.26078029
10667,9.8708,10.2576,44.82332373,50.34360027
10668,4.64908,2.09732,9.840367072,52.05749487
10669,3.43888,3.39796,19.29745436,47.79466119
10670,6.20405,2.41723,12.28543512,49.9247091
10671,22.18425,5.17855,23.82922575,51.35386721
10672,5.83573,1.64977,8.083486318,52.91991786
10673,3.2621,2.4741,12.54880958,50.40657084
10674,2.39398,2.49707,12.67231822,50.65023956
10675,3.09665,1.92942,10.35943524,49.33880903
10676,14.56185,2.84241,13.04521475,52.21629021
10677,8.6979,1.57407,7.682498098,51.37303217
10678,4.69105,1.588,9.285941297,48.30663929
10679,3.57715,1.09843,5.730291158,50.24229979
10680,5.20933,3.67527,16.65505697,52.39972621
10681,2.89545,2.10168,10.72748387,50.68583162
10682,22.34135,3.09597,16.17394222,49.80971937
10683,5.98873,4.60885,21.49856321,51.26351814
10684,16.18115,2.74792,15.87702366,47.52361396
10685,7.30808,4.90993,23.79532606,50.39561944
10686,3.92303,2.71964,14.83881621,49.04312115
10687,7.906,4.57791,21.08429959,52.04106776
10688,3.58658,3.62305,17.92250214,50.58453114
10689,4.06148,1.35692,7.523181437,48.95277207
10690,4.37468,8.44504,31.37557987,49.33333333
10691,4.1987,3.40888,15.57749743,52.5229295
10692,3.39938,1.63222,9.715661276,47.37850787
10693,2.86438,2.77301,12.77982526,52.77481177
10694,4.82343,1.39494,8.379219575,47.17316906
10695,5.43933,2.74247,15.95418693,47.98631075
10696,7.09155,1.16113,6.079351226,50.25598905
10697,6.4986,2.19239,11.20933351,50.93223819
10698,3.99405,5.57705,25.73353457,52.66803559
10699,3.2945,1.70918,8.81844569,50.80355921
10700,4.41315,2.50928,12.64825656,50.23408624
10701,20.4152,8.57496,39.79704367,50.7761807
10702,11.74673,3.29923,18.17106032,48.41889117
10703,5.8681,3.52599,17.62143502,49.82067077
10704,3.43888,1.40207,6.938245946,51.25804244
10705,8.07408,4.48932,21.94755623,50.46680356
10706,3.68275,1.45557,7.494271881,50.05065024
10707,4.79865,1.46379,7.202118241,51.01163587
10708,5.40893,4.63328,22.64641125,50.83367556
10709,3.1755,2.3452,13.08207769,48.32854209
10710,9.58943,1.3936,8.317370431,47.4661191
10711,7.7777,1.41444,6.942418215,52.28747433
10712,2.99258,1.25585,6.863714053,49.045859
10713,21.00338,3.57427,20.46035576,47.56468172
10714,7.89958,3.57835,16.86532983,51.4880219
10715,4.91263,2.00606,9.053503254,51.75633128
10716,13.77033,7.39689,29.62002666,51.90143737
10717,4.277,4.69805,22.44858407,50.2477755
10718,10.73168,2.05778,11.04251387,49.60438056
10719,4.39798,2.43041,11.24510597,52.58042437
10720,4.83908,1.29431,7.865485273,47.137577
10721,4.10945,2.41509,12.17911338,49.77686516
10722,3.26825,2.17911,12.8182291,47.00889802
10723,2.55473,1.89337,10.35586748,48.03832991
10724,11.26978,6.70538,29.42575539,51.66872005
10725,6.2446,1.58483,8.968718485,48.26830938
10726,8.4744,3.10064,14.42040402,52.64613279
10727,10.38963,3.08362,17.60152192,47.50992471
10728,9.58753,2.92979,14.68721587,50.87474333
10729,14.18658,3.57398,16.31949751,52.81040383
10730,3.36588,2.68787,15.63806645,47.44695414
10731,8.89665,2.28796,11.73870196,50.6036961
10732,18.32255,2.14116,12.59171758,47.44147844
10733,3.41705,1.84155,9.910406664,49.78507871
10734,3.87288,2.13361,11.43919944,49.07049966
10735,5.19705,3.15088,15.0371175,51.70157426
10736,6.9932,2.01795,9.868008353,51.87953457
10737,3.28248,6.01863,23.46616724,52.51471595
10738,9.64198,2.30176,11.70302432,50.70773443
10739,3.01578,2.85603,16.06062719,48.31485284
10740,4.34593,1.55291,8.020037014,50.49144422
10741,2.4173,3.32691,15.92028724,49.70020534
10742,7.59258,3.66658,17.43534235,51.816564
10743,10.7199,2.68838,13.04438503,48.65434634
10744,16.07353,4.82599,23.56217684,50.15195072
10745,6.99105,1.55573,7.669222698,51.72895277
10746,2.31608,1.12707,5.315494151,51.24161533
10747,5.22888,4.89157,20.14779119,50.05612594
10748,2.58155,1.47717,7.336496114,51.43052704
10749,5.38883,2.34626,12.79452303,48.97741273
10750,11.26978,12.7559,53.50472462,51.85215606
10751,7.31158,4.97157,22.97794068,51.19780972
10752,3.34328,2.31128,9.433274538,50.70499658
10753,4.14598,1.87027,9.598138421,50.31895962
10754,4.85345,2.54749,14.67607402,47.59479808
10755,10.23133,1.36316,6.389746689,52.23545517
10756,4.03695,1.49722,7.719977399,50.54620123
10757,6.15003,2.3439,12.16062264,49.79055441
10758,3.58943,2.91376,13.97733752,51.43874059
10759,3.42273,1.19943,5.939414279,51.23887748
10760,2.91448,1.61105,9.619473886,47.48528405
10761,7.1516,7.79906,35.13560006,52.55030801
10762,22.5739,2.98858,14.45667431,51.816564
10763,12.13078,6.03019,24.93570669,50.58453114
10764,5.05275,2.15762,9.996104116,52.20533881
10765,3.7359,1.37099,6.510410599,48.21902806
10766,1.74545,1.21743,5.733574449,52.04928131
10767,9.38673,1.70183,8.351530882,51.40314853
10768,5.3085,1.62228,8.302862315,50.54346338
10769,2.52505,2.21344,11.80366845,49.75496235
10770,12.06585,5.82957,29.10856814,49.82067077
10771,5.28513,2.25052,10.94774885,51.95893224
10772,2.92433,0.866593,4.939669928,47.38124572
10773,3.01605,2.53516,12.25864725,51.70704997
10774,3.796,1.74398,9.388754534,49.16906229
10775,7.46198,3.67589,18.31898621,48.05475702
10776,7.5727,6.52294,30.61840791,50.68583162
10777,3.83808,3.99339,18.02313442,52.42710472
10778,14.07713,4.00478,17.25114616,51.73169062
10779,9.91193,1.50172,8.521029302,48.41889117
10780,2.89538,1.9636,10.55649197,49.89459274
10781,2.26105,1.92766,9.002914495,52.98288843
10782,5.6555,4.72951,21.97102524,50.2477755
10783,12.97998,3.90583,19.32127896,50.38193018
10784,18.5448,3.08035,16.65920553,49.724846
10785,11.57405,3.07849,14.86785615,51.1266256
10786,10.09543,2.89379,13.79195604,51.8329911
10787,6.38085,11.4349,36.6398689,50.61738535
10788,5.0933,1.64307,7.650625283,51.26078029
10789,21.67365,1.61234,8.626224999,49.90554415
10790,5.60468,3.7657,20.38864489,48.40520192
10791,9.36335,4.95291,23.21132696,51.55920602
10792,4.09383,2.05552,11.50537494,48.30390144
10793,8.44578,3.06232,13.98255286,52.98562628
10794,3.91115,3.46785,14.6381443,51.97809719
10795,5.47583,1.39104,8.345770306,47.27720739
10796,4.6903,1.69446,8.36276756,51.27994524
10797,3.00415,1.29715,6.457024523,50.05612594
10798,4.06248,1.62387,7.583276331,52.98836413
10799,3.15868,6.52037,30.7276929,49.45653662
10800,8.45433,4.87173,22.53641507,51.51813826
10801,8.70515,9.8188,42.81186346,51.88501027
10802,7.73435,2.55572,13.4568707,48.76933607
10803,17.4891,8.84636,39.20202124,50.89117043
10804,2.56288,2.53656,12.20388623,51.74811773
10805,14.76525,4.77246,24.26174304,49.76043806
10806,3.07498,1.63979,7.658471994,51.45242984
10807,3.4339,5.3752,30.19738806,47.17590691
10808,2.0497,1.96627,9.138963646,52.91991786
10809,4.84488,1.93916,9.979592837,50.04517454
10810,8.06813,1.57838,8.133660221,50.88569473
10811,9.6423,2.47815,12.01020761,51.03627652
10812,3.119,1.35524,6.403093208,52.10951403
10813,5.54608,1.95268,9.034834721,52.44900753
10814,5.28598,2.24108,11.37890304,50.33264887
10815,5.00383,3.02922,13.9065749,52.40246407
10816,4.4253,2.30571,11.22096133,51.56741958
10817,9.37925,3.12657,15.68737508,50.4257358
10818,13.97173,1.82854,10.4332441,48.28199863
10819,6.47685,4.25756,21.48919931,49.2347707
10820,8.41218,2.19503,11.49731488,49.045859
10821,2.54985,1.20076,5.715024448,52.44353183
10822,3.4939,0.957396,5.707521475,47.8275154
10823,9.97043,4.96254,23.07963973,51.67145791
10824,5.84705,2.98926,15.05513412,50.49144422
10825,5.56753,3.56643,16.50357516,49.58795346
10826,4.31313,2.87532,15.78978531,48.48459959
10827,4.4006,2.44277,10.47663806,51.33196441
10828,6.06803,2.64166,11.35816023,52.73100616
10829,9.56603,4.51331,24.19086189,48.97741273
10830,8.73998,2.2166,12.87737575,47.15126626
10831,9.30925,2.10575,11.81921964,48.98562628
10832,5.64705,3.75604,17.7712574,51.15400411
10833,16.77403,2.72253,13.71348894,50.93223819
10834,2.21385,1.50558,7.323445921,52.15605749
10835,10.898,2.76607,13.28606844,51.40588638
10836,9.1383,2.3291,13.65019372,47.41957563
10837,3.13775,1.5368,7.571198087,51.77823409
10838,5.0412,1.36802,7.105515995,50.18206708
10839,2.3255,1.68404,9.47204582,47.13483915
10840,3.498,1.21911,6.139552797,51.94250513
10841,6.33838,2.54243,10.65196818,52.43531828
10842,6.57288,1.59005,9.208351321,48.83230664
10843,20.36263,3.06016,14.66445804,51.31279945
10844,12.06585,2.61119,12.73063516,50.40930869
10845,4.80413,2.44625,11.32031348,52.11225188
10846,12.13465,2.98344,17.23632987,47.44969199
10847,4.8963,1.30344,7.43977162,48.09034908
10848,5.94818,2.06022,11.03411007,49.66735113
10849,1.94393,4.3276,19.46280422,52.87063655
10850,11.85708,2.18499,10.23158839,52.67077344
10851,2.78705,1.27661,6.911967764,49.63175907
10852,2.57215,2.15623,10.58505779,51.37303217
10853,5.1363,5.9909,29.79130303,49.59342916
10854,3.10003,1.19627,7.032406467,47.41136208
10855,4.1072,2.34201,11.38646528,51.64681725
10856,3.91195,3.46785,15.73419457,51.4934976
10857,5.43153,5.16201,24.93938113,50.82819986
10858,4.73543,2.13622,10.83587989,50.6091718
10859,3.02713,2.66369,12.85947767,51.25804244
10860,9.54505,1.69354,8.153964472,51.61122519
10861,2.64058,1.60916,9.618430819,46.82546201
10862,10.5743,1.98357,11.1532805,48.76933607
10863,19.84143,6.34607,34.09288845,46.53251198
10864,4.18153,1.51976,7.132766125,52.38877481
10865,3.91433,3.85872,19.82491448,49.0403833
10866,6.7694,1.77523,8.220803744,52.08761123
10867,7.95523,1.93681,10.16244963,49.10335387
10868,5.09523,2.33736,12.44876996,47.96167009
10869,3.16435,1.70657,8.019254714,52.38877481
10870,16.48583,1.37151,7.338060715,48.91991786
10871,6.02148,1.36852,6.443452796,52.65434634
10872,4.69648,2.36989,13.86757841,46.85284052
10873,4.84913,1.19124,6.442054138,49.44010951
10874,7.79578,1.86361,8.637200911,52.6844627
10875,5.99945,2.43365,11.79311925,51.24982888
10876,4.0857,2.4898,12.53719361,50.40657084
10877,5.5447,1.67827,7.869420481,52.91991786
10878,7.45203,2.63542,13.30669273,50.48049281
10879,9.17645,2.37631,11.05404688,52.62422998
10880,6.7165,3.35641,16.03668406,51.69336071
10881,3.5362,1.35496,7.321549435,49.16632444
10882,2.54153,2.20859,12.39092714,48.85968515
10883,21.9437,4.262,20.50978292,50.26146475
10884,4.4118,2.41531,13.36062404,47.02532512
10885,17.6128,5.28373,22.90077741,52.678987
10886,3.74638,2.21385,10.75495921,51.08281999
10887,5.47768,1.1412,5.71839071,51.40862423
10888,6.02783,3.45291,17.27745991,50.38466804
10889,4.91285,1.15724,6.889624791,48.52019165
10890,3.40608,2.79722,13.34320008,51.94250513
10891,2.44805,2.0639,12.15196993,47.1156742
10892,5.7306,3.25114,17.86276284,48.3559206
10893,3.3264,2.86335,13.19562978,51.96714579
10894,2.89545,1.92033,10.16204663,50.39835729
10895,8.6369,3.13124,13.33727356,52.32306639
10896,8.15383,2.35605,11.99207247,50.06160164
10897,2.63543,2.22899,11.89641846,49.31964408
10898,2.5666,1.18881,5.468433879,50.66392882
10899,8.28983,0.86862,5.144205923,47.41683778
10900,2.7018,2.21342,11.83708216,49.75496235
10901,4.17645,1.63588,9.294961457,48.58316222
10902,4.34408,2.66636,12.87370131,51.27446954
10903,15.82308,5.64933,24.88604247,52.21355236
10904,7.62418,1.85725,8.637200911,52.72005476
10905,4.36325,1.70732,9.678810186,48.183436
10906,5.56753,4.38103,21.66438719,50.73785079
10907,5.07838,0.662483,3.250102567,52.79671458
10908,1.60208,2.87188,14.36256121,50.31348392
10909,15.17935,6.0357,28.52160578,50.54620123
10910,20.59073,2.42653,12.28306451,50.35455168
10911,3.86045,2.0866,11.6917995,48.44900753
10912,3.22365,1.75827,10.96959399,46.96783025
10913,2.0607,1.60712,8.252842501,50.92950034
10914,27.2997,2.73068,14.68330437,49.14715948
10915,3.44155,1.40207,7.662513879,49.95208761
10916,4.6441,1.7165,8.467240223,51.27994524
10917,4.80413,2.28873,12.37551819,48.77481177
10918,8.37658,2.02893,9.429825305,52.96919918
10919,6.30188,2.14157,9.965475871,52.90622861
10920,3.38113,4.50252,23.87983821,48.47091034
10921,3.54253,5.63709,27.464552,49.41820671
10922,3.7362,1.51595,7.468693029,51.76180698
10923,5.13603,2.48282,14.54983918,47.12936345
10924,6.8573,2.07119,9.898529921,51.38124572
10925,3.26538,1.58643,9.452535722,46.82546201
10926,23.52553,4.40142,24.66628718,48.61327858
10927,4.96158,2.98429,14.41175131,51.03901437
10928,14.11798,2.77865,12.3286987,52.77481177
10929,6.1268,1.89441,9.613819988,50.93497604
10930,2.73773,0.748216,3.930810592,50.25051335
10931,14.5782,3.99227,21.59303191,48.88706366
10932,3.32438,2.34762,11.96646991,50.38740589
10933,5.84765,1.81256,9.759090802,49.30047912
10934,5.76825,1.62964,8.416141783,50.66119097
10935,15.42825,1.58859,8.729619035,48.47364819
10936,3.6892,2.46438,11.27188198,52.57221081
10937,5.0894,3.14495,16.46019305,49.83162218
10938,7.52373,2.62649,13.92127266,49.36344969
10939,5.83425,3.21547,14.6994245,52.31485284
10940,3.58343,6.60009,24.2834341,51.87953457
10941,11.2853,1.49129,8.903550491,47.96714579
10942,1.98953,0.91917,4.446631028,51.2881588
10943,8.47763,8.01149,35.59004548,50.75154004
10944,10.6791,7.43906,24.95953129,49.78234086
10945,4.55673,5.75867,27.28308201,51.19233402
10946,11.36103,2.40639,12.87204189,49.81519507
10947,7.02603,2.28933,12.20850891,49.98767967
10948,4.4985,2.29081,11.22096133,51.59206023
10949,11.05165,5.33503,25.39074476,50.33812457
10950,5.80263,2.07907,10.68694649,50.16016427
10951,2.45688,2.94928,14.14648035,51.67693361
10952,26.72615,7.18615,26.61848226,52.47912389
10953,10.50738,1.70883,8.896628318,50.31622177
10954,18.55455,3.63758,18.10373507,50.68035592
10955,6.1924,3.1595,15.48765142,50.13826146
10956,2.8819,4.40691,24.66628718,46.94045175
10957,7.2473,2.51491,11.45507065,51.57837098
10958,2.77268,2.12554,9.846530651,52.83230664
10959,12.27863,1.74763,9.394147665,49.97125257
10960,2.69253,1.15211,5.974949682,50.93771389
10961,2.95468,1.52108,7.53635016,51.58658453
10962,24.56528,5.4475,24.34755903,52.08213552
10963,9.5546,2.65878,12.31340828,52.21902806
10964,3.35648,2.5789,11.78591261,52.04106776
10965,4.62403,1.81772,8.366074558,52.47638604
10966,2.85093,5.37871,25.72180006,50.30527036
10967,2.35888,3.44217,14.50408646,51.36755647
10968,2.12718,4.7324,20.54178612,50.84188912
10969,4.20788,1.80802,10.0055984,47.15674196
10970,3.99533,2.76577,14.66315421,49.31964408
10971,4.0545,1.95711,10.03182917,50.51334702
10972,4.03305,3.35317,15.24845714,52.14236824
10973,3.65063,2.20048,10.22063618,52.80766598
10974,5.85985,3.14923,15.81989203,50.90485969
10975,4.4417,3.22677,16.79990107,49.59069131
10976,6.48728,0.591214,2.995878644,50.68583162
10977,2.87763,3.78063,20.38864489,49.7357974
10978,18.49523,4.72711,24.00310979,49.50034223
10979,12.51615,3.70431,19.20369684,50.29979466
10980,9.38098,3.12657,17.17054552,48.21629021
10981,14.88428,1.65234,9.259082316,48.45995893
10982,2.7534,2.44241,11.86749705,51.88227242
10983,8.88553,2.95676,13.60017391,52.59958932
10984,6.35095,2.74917,13.25003521,51.92060233
10985,8.62975,2.40406,12.22427345,50.4257358
10986,9.01115,2.59764,12.51953258,51.69336071
10987,4.42893,2.60636,14.50989445,48.29568789
10988,7.26528,3.44771,15.71522971,51.53182752
10989,4.14878,1.55631,7.281699527,52.95550992
10990,2.4459,2.37289,12.66141343,49.79876797
10991,3.61498,1.41428,6.975903042,50.41204654
10992,5.00465,2.08022,9.812559849,52.183436
10993,6.3384,2.20751,11.8280383,49.02395619
10994,5.38743,2.34626,12.79452303,48.31759069
10995,20.75228,3.19487,18.70160222,47.33744011
10996,8.20685,1.7043,9.625258168,48.18617385
10997,5.1634,1.94435,9.113989298,52.44900753
10998,4.6757,3.3299,16.67982981,50.86926762
10999,4.38015,2.5392,12.89337735,50.23408624
11000,10.7518,1.92483,8.886814004,52.00821355
11001,18.80368,2.88869,14.95390919,49.60438056
11002,3.50198,1.34597,7.189636994,49.98767967
11003,5.22885,2.69205,14.83952739,48.33127995
11004,12.91005,3.03818,15.96627702,49.72758385
11005,21.87205,7.27136,30.83472582,50.72689938
11006,9.6449,4.43089,24.85522457,47.77002053
11007,18.6374,1.7541,9.014814943,50.30253251
11008,13.96373,1.67208,9.950007658,47.1321013
11009,18.3451,8.94511,38.70715697,50.36550308
11010,2.75333,3.71036,18.47568335,50.72963723
11011,20.11188,2.15056,10.93403488,50.42847365
11012,4.743,1.72013,9.361409579,49.50855578
11013,2.34048,0.864657,4.939669928,48.3613963
11014,3.28488,2.43487,11.87496447,51.62217659
11015,11.67893,2.28853,12.78515913,48.45448323
11016,12.40723,2.29144,10.64633798,52.49828884
11017,9.16505,1.98894,11.14365583,46.32991102
11018,9.19958,3.48012,16.47453522,51.26078029
11019,6.21753,6.95026,34.08873989,50.15742642
11020,4.93683,4.71525,21.02847179,52.87063655
11021,3.29258,2.00548,9.774061187,51.39219713
11022,5.1858,3.28113,14.43403502,52.38329911
11023,5.84555,1.35256,7.694517077,48.0109514
11024,13.48818,3.60665,17.83585645,50.54346338
11025,4.4637,1.78505,8.355122352,52.91170431
11026,5.17233,3.03384,14.62320948,51.70431211
11027,23.25588,3.5044,19.79990457,47.56468172
11028,7.20228,5.13632,23.76225609,51.24982888
11029,6.5569,2.74699,12.99875084,52.04380561
11030,4.38315,1.76436,7.62640953,50.81724846
11031,10.19535,2.09887,12.26089933,47.70157426
11032,3.87275,1.64099,8.669014461,49.64271047
11033,11.01023,5.22361,25.15676582,50.92402464
11034,3.92155,1.60899,7.874884731,51.54277892
11035,2.1867,4.09436,20.34549983,49.19096509
11036,3.63425,1.5651,8.890737359,48.72005476
11037,14.41685,2.21727,11.67885598,49.88090349
11038,2.99643,1.83258,9.470303424,50.40109514
11039,14.61563,5.26834,24.33049066,51.54004107
11040,6.07683,2.50695,12.78812239,50.18480493
11041,5.4041,6.71003,30.25629765,52.73648186
11042,11.31833,2.78776,12.81739939,52.79397673
11043,6.36038,5.00616,22.24163006,52.07118412
11044,2.92773,2.02488,10.28150153,50.2642026
11045,2.57365,4.47787,25.0442805,47.80287474
11046,10.11758,9.34229,41.60320935,51.01984942
11047,4.5936,2.12321,11.39925471,49.08418891
11048,8.2525,2.00681,12.29799933,47.15400411
11049,10.41148,9.42605,39.27385064,52.95003422
11050,3.0154,1.11096,6.609620513,47.6386037
11051,3.64183,1.60258,9.087189583,48.79397673
11052,13.71598,4.7141,25.17478243,47.39493498
11053,3.0347,4.1392,20.32795734,50.6255989
11054,18.5463,3.08035,16.05031505,49.44284736
11055,7.95008,2.45835,12.4376281,50.13552361
11056,18.46475,1.96304,9.576068067,51.10472279
11057,2.29335,1.42653,6.659367707,52.68172485
11058,2.70425,0.799856,4.391395878,49.7412731
11059,10.2504,2.58983,15.13360122,47.03627652
11060,2.62245,1.04214,6.285985208,47.83572895
11061,22.16798,4.52769,21.95514217,50.46680356
11062,6.01068,3.32127,13.84351674,51.44421629
11063,16.05465,6.94104,31.17360413,51.91512663
11064,10.91415,1.83825,8.562254162,52.21629021
11065,21.71243,1.3406,7.515038401,48.26009582
11066,8.2525,1.95011,10.55277012,49.96303901
11067,11.66133,5.23859,28.86617355,47.36481862
11068,7.82423,2.33581,12.48859616,49.63449692
11069,7.53305,3.25822,14.72075996,52.09034908
11070,15.6978,2.55725,12.72802749,50.01779603
11071,4.55175,2.21451,10.74812001,51.04996578
11072,5.04623,4.3072,20.08094006,51.96167009
11073,11.1227,2.26113,9.540307457,52.59137577
11074,2.0962,1.06585,6.375416368,47.04449008
11075,5.24473,2.16085,9.996104116,52.36960986
11076,9.98788,2.46755,11.95402422,50.71868583
11077,3.54158,0.78393,3.680201844,52.22450376
11078,2.18165,1.46471,7.681727651,50.954141
11079,6.81945,1.69112,8.309393338,51.24982888
11080,4.87995,2.09857,11.19948363,49.88637919
11081,8.44893,3.06232,14.043596,52.98562628
11082,15.85358,2.43683,11.19079536,51.69062286
11083,3.26688,1.85763,9.250880015,51.71800137
11084,3.95195,5.95009,25.9983314,51.12936345
11085,9.80358,1.53008,8.341787686,49.8973306
11086,9.13713,2.3291,13.65019372,47.73442847
11087,18.12878,1.94498,10.25582785,50.63381246
11088,4.66375,1.17816,6.74198337,48.94455852
11089,3.99493,3.26568,16.19966331,50.92128679
11090,2.35845,1.5137,8.189926584,49.17180014
11091,9.5546,4.41598,21.47047151,50.94045175
11092,15.55748,4.72723,24.00310979,46.74880219
11093,8.12178,2.8957,13.79195604,51.8329911
11094,5.8129,1.43545,8.589539852,47.68788501
11095,2.78418,1.6113,8.699749384,49.12251882
11096,4.1987,2.34942,11.51405136,51.2991102
11097,4.48318,5.64393,28.38565145,49.41820671
11098,23.48743,5.51181,25.32756807,50.65845311
11099,4.26273,1.52895,7.839408593,50.71868583
11100,19.6191,4.33054,18.79073706,51.42778919
11101,5.91118,2.69765,10.5747575,52.22176591
11102,2.74128,2.32013,14.22897749,47.51540041
11103,13.2196,6.47559,33.61011428,48.19712526
11104,3.64678,6.57519,25.48059077,52.5065024
11105,4.00353,3.85713,19.82491448,49.17453799
11106,6.42273,2.52463,11.54996606,50.275154
11107,18.1933,3.21466,18.70160222,46.62286105
11108,2.93653,2.28774,11.12616075,51.03353867
11109,5.55073,1.64427,9.83192771,47.10472279
11110,5.0872,4.49989,23.64645193,47.99726215
11111,2.9195,1.47253,8.003442763,49.72758385
11112,3.94143,3.21473,16.7734688,48.59137577
11113,9.48088,2.97503,14.38520051,51.69062286
11114,3.9338,4.46204,19.70899178,52.84052019
11115,6.40713,2.9077,14.67394047,50.36550308
11116,19.01443,1.75592,10.37921796,47.75906913
11117,4.78208,2.3825,12.73134634,49.61806982
11118,5.90093,4.73732,22.03076454,51.17590691
11119,17.96363,1.60346,8.626224999,49.30869268
11120,5.46518,2.4633,12.4403543,50.15742642
11121,6.4222,2.83547,13.58666145,51.23613963
11122,11.9696,2.25278,12.59124345,48.09856263
11123,5.59045,3.06306,15.99982112,49.74948665
11124,3.60078,1.75935,8.389294656,50.56262834
11125,4.76413,1.96393,10.53967251,49.59616701
11126,9.74305,3.15104,15.82558148,50.31895962
11127,5.72153,2.86174,14.17528323,50.85284052
11128,5.21473,0.939352,4.832328831,52.08213552
11129,16.129,1.66875,8.943412252,49.78781656
11130,14.10055,2.32932,12.40349136,48.81861739
11131,10.31448,9.33179,40.4580875,51.70157426
11132,6.08915,2.03978,9.509999243,51.75085558
11133,3.2252,1.85187,9.034348747,51.71800137
11134,7.68983,2.26634,12.10171305,49.71389459
11135,2.40198,1.39693,6.572710158,52.36413415
11136,9.23075,2.70992,12.98464573,49.66461328
11137,10.96338,2.47122,13.72759405,48.54209446
11138,5.32183,2.06037,9.501085759,52.58042437
11139,10.1254,1.98052,10.619076,49.89459274
11140,6.32785,1.16473,6.682149242,48.63791923
11141,21.26248,8.66254,36.19881742,51.39767283
11142,1.878119,0.663132,3.634804715,47.21971253
11143,17.57315,2.48639,13.32459081,49.91101985
11144,10.8732,1.32371,8.159570958,47.37577002
11145,2.89773,2.6623,12.83944604,51.79739904
11146,6.36038,3.82907,21.78931819,47.1211499
11147,3.85015,3.25816,15.78765177,50.9596167
11148,7.19895,4.13608,19.16446329,51.35386721
11149,3.6871,0.987104,4.917801076,51.17043121
11150,3.05013,1.31436,6.731801612,50.17659138
11151,5.12675,2.2376,10.96136798,51.05544148
11152,3.53613,1.55904,7.417653854,51.46885695
11153,3.8665,3.12811,16.55288379,48.88706366
11154,17.80355,3.96633,19.65375663,50.99520876
11155,3.23973,2.77072,13.39618315,51.29637235
11156,4.94393,1.42447,7.365085638,50.11635866
11157,5.38133,2.14197,10.29357977,51.36208077
11158,11.7344,3.29923,14.69966156,52.29021218
11159,5.27133,2.97622,14.98816446,50.19849418
11160,19.0759,3.20327,15.50566803,50.5927447
11161,4.75395,2.56458,11.55413833,52.57221081
11162,3.39945,0.809715,4.666018877,48.49281314
11163,8.31243,7.44819,32.07633138,52.73921971
11164,2.84685,2.7202,14.30495545,49.65913758
11165,5.42623,3.56593,16.96702888,51.56468172
11166,3.88223,2.37283,13.87243815,47.51540041
11167,11.87113,4.25592,20.26288417,50.84736482
11168,3.40475,1.73138,10.28661018,47.71526352
11169,4.07525,1.94924,8.036441617,51.3045859
11170,9.44143,2.8142,14.18227652,50.46132786
11171,6.74555,0.969487,4.629843411,51.09924709
11172,13.977,4.06784,21.00286923,48.27104723
11173,8.7858,3.9235,15.71285911,51.68240931
11174,4.79083,1.523,8.593925475,48.00273785
11175,3.45325,5.34214,24.35241877,51.62765229
11176,2.87573,1.46455,7.197424439,51.74537988
11177,8.0994,2.68415,12.3431594,52.77481177
11178,4.13155,4.61393,24.68442232,48.1615332
11179,3.9154,2.79495,17.01621898,46.38466804
11180,30.63125,6.74373,33.28131106,49.36071184
11181,12.0118,3.13994,16.20701219,49.99041752
11182,5.81298,0.854407,4.459456013,50.14647502
11183,3.60665,1.98766,9.720876612,51.91512663
11184,7.24923,1.99257,10.71737323,49.71663244
11185,6.83155,2.22407,11.3389346,47.15947981
11186,9.66435,4.54616,19.65399369,52.40793977
11187,3.74033,2.2078,12.29207282,48.02464066
11188,4.69863,1.51881,7.122880693,52.90622861
11189,11.41545,4.64756,21.87928274,51.06913073
11190,4.9016,2.18319,11.6580302,49.33607118
11191,2.47243,1.90986,9.002914495,51.1321013
11192,4.418,1.95792,11.42981183,47.58658453
11193,3.89963,2.85934,13.17334607,52.93360712
11194,5.30723,4.93348,18.6613019,51.99178645
11195,1.6786,1.42888,6.645321858,52.5065024
11196,8.90533,2.77651,14.33435098,49.7467488
11197,15.29393,2.60825,12.59906646,51.86310746
11198,5.8584,0.802994,3.774018627,52.75017112
11199,4.03195,1.68805,8.669298933,50.25051335
11200,4.27735,0.53686,2.797435109,50.08898015
11201,10.20943,1.54732,9.195881926,47.09377139
11202,7.59945,7.42,33.02978962,51.05544148
11203,3.3414,1.82485,8.028891233,52.10677618
11204,9.49078,2.26219,13.28950583,47.00616016
11205,6.71215,2.98687,15.71760032,49.45106092
11206,2.03375,2.75164,12.52889648,52.14510609
11207,4.97633,2.14282,9.85429439,52.36960986
11208,3.27218,2.82578,14.21819122,50.35455168
11209,6.0618,2.39549,11.07844042,52.14510609
11210,10.32633,2.21411,12.97113327,47.12936345
11211,3.55255,2.20496,10.72628671,51.1266256
11212,13.25938,3.08079,16.85798095,49.045859
11213,3.8918,1.78321,9.563883146,49.30595483
11214,2.8314,3.52558,16.03834349,52.78850103
11215,6.28323,1.84743,10.88229638,47.86584531
11216,5.17648,2.3749,12.59562908,47.84394251
11217,11.12053,1.24696,6.475503407,50.82272416
11218,5.96648,1.15374,6.016494574,50.33264887
11219,15.0402,1.905,11.13258509,47.23887748
11220,15.1783,2.42313,11.19079536,51.50992471
11221,3.0009,1.72571,8.22722809,50.86105407
11222,30.69898,4.69698,23.86786665,49.65639973
11223,14.11798,2.25615,12.06271656,49.52498289
11224,3.2887,2.49016,11.79053529,51.24982888
11225,2.6795,2.50673,12.0238386,51.42778919
11226,11.40548,4.68524,22.6430924,50.25051335
11227,15.25065,3.11608,14.95556861,51.86310746
11228,9.11238,3.49524,18.1253076,49.44284736
11229,8.53805,1.76909,10.01598166,48.44626968
11230,2.84668,1.25903,6.515886702,50.10540726
11231,8.46605,2.63856,13.27326717,49.45379877
11232,4.77828,4.03689,18.17366798,52.42710472
11233,3.4479,11.9565,42.10957106,52.41067762
11234,10.00348,3.09802,16.03739524,49.92744695
11235,8.23583,2.83794,13.63834069,51.45516769
11236,23.2326,1.75666,10.42574113,47.97809719
11237,4.68283,1.49163,8.90440391,47.18138261
11238,3.08748,2.82773,14.86038873,49.0568104
11239,9.07478,1.41099,8.425375298,47.78370979
11240,4.06835,1.77924,8.457165142,52.00273785
11241,6.79573,1.90612,9.759387128,50.35455168
11242,19.01178,4.05557,18.38026641,51.44695414
11243,13.51783,6.95701,34.08873989,49.60711841
11244,4.7961,1.46379,9.179963299,46.85557837
11245,7.454,3.0107,13.70874772,52.3394935
11246,13.54665,3.59698,17.83004846,50.73511294
11247,4.41975,2.07689,9.54562947,52.3340178
11248,5.64355,4.2745,19.21353486,52.5119781
11249,5.36688,3.43217,15.54051596,52.93634497
11250,10.35343,3.18109,15.24039708,51.95893224
11251,4.29708,4.81124,23.45609216,50.20670773
11252,3.27718,1.13476,5.360867574,52.06844627
11253,3.86968,1.88776,10.47218132,48.22997947
11254,13.27478,2.05951,10.50174279,50.82546201
11255,3.64933,1.41171,7.771751462,49.57700205
11256,4.8236,1.36302,7.0885543,50.17932923
11257,4.0545,5.01823,24.33072772,50.55441478
11258,12.63358,2.81995,15.44142457,48.92813142
11259,5.92485,2.26929,11.02908438,51.61670089
11260,3.96478,1.84344,8.833404222,52.59411362
11261,9.78598,5.49377,25.04048753,51.09377139
11262,6.8827,2.04473,12.06876161,47.46064339
11263,6.72195,4.34312,23.55210176,48.47091034
11264,15.5858,2.45961,11.90756032,50.00410678
11265,3.13725,1.80476,8.412277693,52.87611225
11266,2.2804,1.56291,7.629621703,51.05544148
11267,5.08093,2.51057,12.42186356,51.70704997
11268,2.35098,1.94908,9.941722386,50.770705
11269,4.17315,1.95942,11.42981183,47.55373032
11270,4.1401,3.15922,15.09401208,51.67419576
11271,4.63315,2.88192,13.25323553,52.48186174
11272,8.93383,1.64973,8.093051718,51.06365503
11273,3.0407,4.91487,21.92811725,49.35523614
11274,6.9197,1.26131,6.170335133,51.94798084
11275,4.39158,2.02944,10.90079897,49.30047912
11276,4.32043,3.47129,16.55383204,51.45242984
11277,4.94473,1.13565,6.252132937,49.17180014
11278,12.74125,1.89998,10.10215323,49.82340862
11279,5.33713,2.29193,11.99788045,48.94182067
11280,3.35148,2.47996,12.90771952,49.05407255
11281,10.78585,2.25386,11.48892293,50.77344285
11282,12.39033,2.6179,12.64114474,51.08555784
11283,7.69373,1.88352,9.055707919,51.14852841
11284,27.68118,4.66308,20.86229222,52.82683094
11285,2.36323,5.37674,26.22519852,50.23408624
11286,2.4287,1.78479,8.999726028,49.61259411
11287,2.68028,2.50687,12.14983638,51.03353867
11288,2.57223,2.72628,12.16370443,52.0109514
11289,3.92275,1.86658,10.02714722,49.96303901
11290,6.6291,3.44096,15.67374409,52.38329911
11291,2.349,1.96828,11.06707336,48.86516085
11292,4.95773,0.812499,4.03866137,50.63928816
11293,2.41275,4.31353,20.08094006,51.93976728
11294,3.65065,1.33904,6.847297598,51.15674196
11295,8.17195,2.40936,11.20001702,52.08761123
11296,6.9081,1.70379,9.767660547,48.57494867
11297,4.1561,1.08875,5.126758253,50.98151951
11298,4.34315,2.22735,11.36394451,50.47501711
11299,5.13713,5.9909,32.20398858,48.75017112
11300,4.99723,3.58175,17.04466627,50.43942505
11301,10.81255,3.87224,17.81132066,51.99726215
11302,5.45713,1.64963,9.83192771,46.94592745
11303,5.74878,2.66783,12.87571633,51.2936345
11304,9.882,1.90884,9.399291883,51.00068446
11305,8.27638,3.42779,15.52214375,52.80492813
11306,8.00773,3.87606,17.40405033,51.99726215
11307,13.7463,2.48888,13.84209438,48.862423
11308,5.58148,2.37302,12.08132583,50.76796715
11309,10.0588,2.76778,12.7303981,52.90896646
11310,20.38353,6.477,33.73137085,47.59753593
11311,18.08678,2.23781,10.87740108,51.12388775
11312,8.9328,5.39835,25.12606646,50.38466804
11313,5.2335,2.22474,10.8369111,51.25804244
11314,3.36348,3.15424,14.45335546,52.49555099
11315,6.91505,3.61936,14.19543339,52.57221081
11316,5.23075,1.87115,9.600615706,50.79534565
11317,9.07803,7.93647,28.85064607,52.19438741
11318,6.99048,1.55573,7.630083971,51.72895277
11319,3.28743,2.60053,12.57998307,51.23613963
11320,4.47523,1.30981,6.77563414,50.17659138
11321,4.89658,1.59319,7.477511688,52.183436
11322,3.8308,0.951215,5.165328034,49.9192334
11323,3.4653,1.76227,8.653166951,51.19233402
11324,6.44313,2.01499,9.90523874,50.37097878
11325,4.84578,1.56319,8.815423166,48.12046543
11326,5.27418,0.739285,3.995385934,50.33812457
11327,9.19933,4.47227,19.89591417,51.89869952
11328,9.3372,1.40501,6.862445778,52.54483231
11329,3.10835,2.7018,14.32261647,49.33880903
11330,5.06708,2.67882,14.75868968,47.89048597
11331,3.82475,0.786347,3.680201844,49.93566051
11332,5.28598,1.48603,7.308688891,51.79739904
11333,4.82368,4.47106,23.2630062,47.53456537
11334,3.19813,0.54611,2.77545958,50.4257358
11335,3.3831,1.48548,7.01645228,52.43258042
11336,15.17468,1.86674,10.0518608,48.59685147
11337,7.454,5.68754,27.15898072,50.4476386
11338,9.68848,3.18688,15.34754853,51.36208077
11339,10.91268,3.38399,17.05865285,50.13552361
11340,9.73035,2.39469,11.60857933,51.47433265
11341,5.22633,3.86646,17.4214743,52.29295003
11342,3.06185,2.95386,16.28085661,48.68720055
11343,9.08395,2.96265,12.00653317,52.52019165
11344,13.47015,1.36442,8.352965099,47.32922656
11345,2.27995,1.38294,6.506143506,52.56399726
11346,9.57088,4.86197,23.58268259,50.0862423
11347,4.07,3.14349,14.95616127,51.63586585
11348,20.69568,1.96175,10.03575252,50.78439425
11349,4.6841,3.16802,18.14119066,47.06913073
11350,3.18835,2.00423,9.791734064,51.26078029
11351,3.4704,1.99888,9.298659605,52.24093087
11352,14.08765,6.03218,27.59185361,50.85557837
11353,8.0483,1.44567,8.641408739,47.21697467
11354,3.0065,3.35053,15.27074085,52.39425051
11355,4.89513,3.81039,17.16793785,52.12046543
11356,9.23315,2.63178,13.29638059,49.45379877
11357,5.22028,2.81972,13.62506528,51.43326489
11358,3.776,5.46302,24.09745996,52.66803559
11359,9.05963,1.03848,4.999978177,51.76454483
11360,6.36938,1.67484,8.284075252,51.60027379
11361,17.5012,1.70798,9.335783314,49.93566051
11362,5.04553,4.67295,21.83518944,51.15126626
11363,6.74788,3.36221,15.90132239,51.51266256
11364,14.10653,1.9608,9.968379864,50.23682409
11365,10.39945,2.28306,12.78515913,48.45448323
11366,8.1184,3.26142,17.04585158,49.34702259
11367,16.3667,3.76379,17.79768967,51.98631075
11368,9.54395,3.55346,16.76884612,51.37029432
11369,3.04455,2.12685,9.890766182,52.88980151
11370,8.76,3.55254,17.71068838,50.57357974
11371,11.3862,4.1476,19.42949719,50.75701574
11372,11.4758,2.31906,12.40349136,48.09856263
11373,6.2495,3.2039,16.81246529,49.97125257
11374,10.16985,2.33423,12.38654152,49.229295
11375,7.04408,3.30122,16.38184448,49.51676934
11376,3.62985,1.21867,6.024590198,51.40588638
11377,6.24968,2.1893,9.464554701,51.2881588
11378,1.8571,1.22877,7.014176497,48.31759069
11379,8.71133,3.20871,15.36497249,51.08008214
11380,6.11933,1.92681,9.863065636,50.32169747
11381,7.39065,2.05469,12.16963095,47.21149897
11382,20.54723,4.00062,19.27600036,50.9486653
11383,14.31015,4.62382,23.51843913,48.46817248
11384,6.7045,3.88043,18.29990282,50.82272416
11385,4.6432,1.23215,6.08022835,51.40588638
11386,5.71275,2.22362,11.26177134,50.00958248
11387,13.94648,3.15547,11.81341165,49.04859685
11388,5.67895,3.05849,14.43427208,51.37577002
11389,2.73563,5.89361,27.30133569,49.10061602
11390,15.83645,2.52267,14.666236,46.92676249
11391,5.6792,3.53456,15.96793645,52.87611225
11392,19.10005,4.32377,18.79073706,52.30116359
11393,3.9068,10.8598,28.48272782,51.71526352
11394,2.23073,2.07607,11.20116676,49.13347023
11395,7.64673,3.30691,15.10254627,52.15605749
11396,6.27295,1.88583,10.1198024,49.19644079
11397,11.94843,3.11692,14.93186254,51.6440794
11398,5.62185,2.54407,11.88764722,52.04928131
11399,5.6046,2.62888,12.10301689,52.6954141
11400,2.8128,2.44865,11.36373116,52.35318275
11401,4.69818,4.54036,21.47936129,51.09377139
11402,4.9515,3.28204,17.20586757,49.02121834
11403,10.97268,1.66348,8.561068859,51.86310746
11404,9.68835,1.82881,9.427596934,50.49691992
11405,14.31463,3.00145,14.47872096,51.03080082
11406,23.00485,4.40723,21.62076802,50.41752225
11407,17.94465,4.23575,19.13044508,51.45242984
11408,3.07685,1.63979,7.641249532,49.97399042
11409,12.05238,4.68548,22.7336496,50.12457221
11410,4.6148,3.03447,15.16228557,50.52429843
11411,2.83173,3.52558,16.03834349,51.55646817
11412,3.87328,1.53994,8.319219505,49.15537303
11413,9.08395,2.19408,11.41087068,49.68651608
11414,5.98908,1.63404,8.037721745,52.00821355
11415,13.82963,1.95655,9.968379864,50.63381246
11416,4.42063,3.36356,17.61515291,48.5119781
11417,6.34665,2.21314,10.75344202,51.34839151
11418,4.71873,3.45435,17.24569377,50.06160164
11419,4.23168,3.4242,17.06754263,50.06433949
11420,2.78488,1.73569,8.283162568,51.39767283
11421,4.83878,2.27254,11.05584854,51.46885695
11422,5.03968,1.73278,10.28661018,47.86036961
11423,2.2941,1.72479,8.895786752,50.13826146
11424,13.33475,7.12765,34.5236278,49.7467488
11425,10.03078,2.32788,13.65019372,47.78370979
11426,7.87378,7.99929,35.59004548,52.54483231
11427,24.26538,6.16331,28.12737379,51.73169062
11428,13.38253,1.31168,7.270356171,48.22176591
11429,24.68148,1.50578,8.067781045,49.58521561
11430,11.71465,2.24817,9.540307457,50.17111567
11431,9.0077,3.59932,17.90389288,50.10540726
11432,4.3907,1.80049,11.18290123,46.98151951
11433,3.25235,2.16931,12.75066679,47.85763176
11434,1.97638,2.92388,13.32862085,52.38603696
11435,4.74195,1.4166,7.672328193,49.41820671
11436,4.77323,11.6206,42.10957106,50.61738535
11437,4.4764,1.73797,8.643080017,50.69404517
11438,10.0612,2.76778,14.61716443,49.62080767
11439,5.5474,1.12816,6.15900363,49.51129363
11440,2.20263,2.77152,14.58634653,49.41273101
11441,6.08893,3.29823,14.959006,51.30732375
11442,5.91795,1.47573,8.744340507,47.53730322
11443,4.7164,2.22266,11.33680106,50.45859001
11444,8.8517,2.35513,11.4757305,51.60027379
11445,2.59743,2.77424,14.72040437,49.41273101
11446,6.35908,3.73634,16.8905768,51.49897331
11447,4.01478,1.86858,9.167956173,51.88774812
11448,3.37165,3.33348,16.10175723,50.86652977
11449,2.72423,1.93046,12.00866672,46.55167693
11450,22.35098,2.30247,13.53178189,47.87953457
11451,6.1778,1.76695,8.638362509,51.38398357
11452,7.73953,3.8491,15.51799519,52.41067762
11453,17.89205,3.49709,20.01740779,47.41683778
11454,4.64985,3.48281,17.33814745,50.07802875
11455,6.9473,2.85621,13.03988088,51.75906913
11456,2.32785,4.41784,24.66628718,46.95140315
11457,3.74638,2.22441,10.8369111,49.97672827
11458,4.73985,5.34365,28.40722398,48.70362765
11459,6.99713,3.69252,16.7430065,52.1779603
11460,5.3085,2.30195,11.72477464,50.71321013
11461,2.98645,1.23426,5.806553594,52.49281314
11462,4.70165,2.0208,9.806325151,51.49897331
11463,2.4371,1.66872,8.19767847,51.91238877
11464,10.09695,1.65336,9.331765135,48.72005476
11465,3.1021,1.01627,5.044699683,51.51266256
11466,6.24485,2.86521,15.10977662,49.12799452
11467,6.60815,3.74329,18.60452586,50.93223819
11468,14.09465,2.89093,16.37188793,47.87132101
11469,4.97633,2.88424,12.7542227,49.57700205
11470,11.34843,4.1455,19.38789303,51.54004107
11471,6.11593,6.77239,31.29580894,51.25256674
11472,24.38535,6.93092,24.08963696,46.83915127
11473,3.13565,2.1415,11.40918755,49.53319644
11474,8.1957,2.24013,13.05825309,48.85147159
11475,11.42023,8.64164,38.64315058,50.00136893
11476,5.7197,3.34944,17.47967271,49.72210815
11477,9.47613,2.97503,14.29760657,51.91512663
11478,14.16553,3.57398,13.8347455,52.0109514
11479,4.3593,1.83105,9.898150624,49.24024641
11480,2.95285,1.76786,8.206023008,52.09582478
11481,14.27618,2.54124,11.95034978,51.11293634
11482,6.5505,2.20644,9.464554701,52.74743326
11483,6.51095,2.65707,14.72407881,47.00342231
11484,2.98468,2.9865,14.92830663,50.55167693
11485,5.96525,1.76683,10.46589921,47.42778919
11486,2.8296,1.6844,7.872016296,51.42231348
11487,3.37828,1.06699,5.023459042,52.65982204
11488,4.04925,1.17106,5.606462488,51.87679671
11489,4.4256,3.6901,16.7430065,51.1211499
11490,5.96958,1.76683,10.46589921,47.36755647
11491,15.66003,2.11245,11.80334842,48.5338809
11492,11.5422,3.0384,14.1767056,50.87200548
11493,2.91448,1.27753,6.635780164,50.03148528
11494,5.42798,2.72362,15.16927886,49.5742642
11495,3.05938,0.762594,4.640250376,47.2936345
11496,6.78663,5.6573,29.38699596,49.76865161
11497,4.00218,2.32581,10.7412571,52.67077344
11498,2.96928,5.45096,24.09745996,51.04996578
11499,5.5328,1.2473,6.796756251,49.81519507
11500,20.22383,1.91068,10.22799692,49.93566051
11501,4.41358,1.60805,7.510723895,52.85420945
11502,7.13458,2.95749,14.89559225,50.49144422
11503,2.7127,1.49225,8.347809029,48.0054757
11504,14.03305,2.15332,11.53562389,49.21013005
11505,3.69048,1.10073,6.034428218,48.96372348
11506,8.98775,3.43928,17.93399959,48.49555099
11507,16.12265,3.36303,15.93830386,51.48528405
11508,5.84175,3.01631,15.81846966,49.86721424
11509,6.67283,2.53087,13.22218058,49.56057495
11510,2.87698,2.20048,10.70236729,51.4661191
11511,11.58395,6.4136,31.62212303,49.77686516
11512,8.16713,4.6567,24.96439104,48.16974675
11513,17.4747,6.2658,30.77332709,49.81245722
11514,21.9297,3.57761,20.32961677,47.60848734
11515,4.20723,5.35589,25.37521728,49.72210815
11516,7.13485,5.8159,27.74120187,50.53798768
11517,4.83263,2.2932,13.50143812,47.20054757
11518,3.5733,6.10292,26.47363816,52.57221081
11519,4.04805,2.11166,10.81888263,50.83093771
11520,20.48415,2.8853,15.50080829,49.58247775
11521,3.02518,1.82429,9.317529638,50.4257358
11522,3.02885,2.66369,10.41271464,52.30116359
11523,18.3058,2.62446,15.29314309,47.61122519
11524,8.50295,1.86002,11.01943601,47.69062286
11525,3.72348,1.73993,8.132996451,52.61327858
11526,11.2537,1.39073,8.132794949,47.42778919
11527,3.70598,1.50137,7.034753368,52.76659822
11528,15.15163,1.08206,6.652386268,46.72689938
11529,2.1745,2.23122,13.1586483,47.89596167
11530,3.47585,2.47809,12.60724505,50.48323066
11531,5.31183,2.68102,14.15809633,49.44558522
11532,4.1647,1.30419,6.542650858,51.78370979
11533,3.7414,1.73588,8.462072299,51.39767283
11534,13.2196,3.42092,16.32305342,51.23066393
11535,3.3334,1.11207,6.015451507,48.96372348
11536,3.36585,3.21522,16.22111731,49.83162218
11537,21.15285,2.4726,13.73553558,48.57494867
11538,3.55543,2.94001,15.45422585,49.93566051
11539,20.39463,4.4439,22.48212817,50.86652977
11540,3.73753,3.7974,17.32344969,52.12046543
11541,2.35145,1.22707,5.788216947,52.04928131
11542,10.66115,3.05673,16.73115346,48.39972621
11543,5.16163,0.95867,5.568556477,47.96714579
11544,9.15063,3.67704,18.36841337,50.97878166
11545,19.16423,8.45478,39.79704367,50.7761807
11546,5.24915,1.99366,11.25848805,48.62149213
11547,16.52468,4.47837,20.88742066,51.8329911
11548,7.6327,3.15161,15.80685369,50.53524983
11549,26.92453,3.20435,16.83605283,49.34702259
11550,3.07753,1.32405,6.845697438,50.85284052
11551,8.3555,0.739943,3.558743781,51.27994524
11552,3.31503,2.2476,11.45636264,50.87200548
11553,17.04313,5.52941,25.44704668,50.95687885
11554,3.43148,3.64736,18.25818013,50.12183436
11555,5.66843,1.80993,8.447386387,52.64887064
11556,7.16605,1.33074,6.774543661,50.67761807
11557,8.70405,9.59277,37.86962143,52.49281314
11558,3.33008,1.01909,4.826283782,52.73374401
11559,18.23573,4.41052,19.47430166,52.49828884
11560,9.41315,3.12457,16.39097132,49.60985626
11561,8.43633,4.60454,22.60457003,50.09445585
11562,4.66035,4.60842,21.52084692,51.34839151
11563,3.29758,1.06995,5.551985933,50.37645448
11564,5.27515,1.80029,8.374988041,52.55578371
11565,18.8615,1.54106,7.905880421,50.39835729
11566,18.35398,5.4414,22.42072944,50.45037645
11567,4.15868,1.98684,11.17142749,48.26557153
11568,19.37395,3.99063,20.64064044,49.70841889
11569,9.25203,1.76393,8.617726372,49.80698152
11570,4.42893,1.78232,9.124763708,50.00958248
11571,7.05305,0.792259,4.351972679,49.54140999
11572,2.01008,1.26366,5.977320289,52.79945243
11573,2.53363,1.6869,8.234624384,51.01984942
11574,18.72923,12.451,41.32715213,51.55373032
11575,3.48388,0.695329,3.993880598,50.2477755
11576,2.007,0.968931,4.912004941,50.32717317
11577,6.26393,1.78458,8.495201536,51.24435318
11578,7.20465,1.895,8.844593488,52.88980151
11579,3.98688,2.52334,12.14924373,51.03353867
11580,2.52505,1.39829,6.074076625,50.0752909
11581,4.35375,0.863439,5.495814393,48.3613963
11582,2.54105,1.91839,9.327035774,51.72347707
11583,6.6765,4.44737,23.51523882,48.05749487
11584,6.11933,1.45101,7.486757056,50.9596167
11585,20.32555,6.53098,33.73137085,47.77823409
11586,6.9625,2.19649,11.13776487,50.9705681
11587,5.23008,1.87115,9.583748835,50.54893908
11588,3.62765,0.67107,3.345744718,51.16769336
11589,9.21845,5.80085,25.48201314,51.78097194
11590,5.62508,1.52958,8.310614201,49.91101985
11591,12.94835,2.43837,14.96742165,46.7652293
11592,2.64095,1.39333,7.208151437,50.4421629
11593,15.0892,3.42359,17.16533018,50.36002738
11594,3.75963,3.45825,16.72167103,50.83641342
11595,3.71925,1.47846,7.629100169,50.51608487
11596,23.2616,3.10806,17.07121707,48.33675565
11597,20.115,3.2445,15.53198177,50.5927447
11598,11.5368,1.94481,9.215581673,52.45722108
11599,2.60873,1.32242,7.244931408,49.55509925
11600,18.27698,2.85704,15.0105667,49.19370294
11601,7.89308,2.16415,11.24495188,50.33538672
11602,9.32395,7.22532,33.65776349,50.51882272
11603,8.87418,1.38646,8.555746845,47.83025325
11604,6.11905,6.05247,26.4199439,52.20260096
11605,4.32303,0.9575,4.885228932,50.51608487
11606,9.1125,2.57479,12.50803514,51.1211499
11607,11.10345,2.7323,15.0944862,48.50102669
11608,3.5464,2.4799,12.00036959,51.65229295
11609,9.1839,2.64701,13.29638059,50.04791239
11610,4.33183,1.99472,8.509318502,52.08761123
11611,15.2735,4.74265,18.07564337,49.06228611
11612,18.10555,4.05534,18.37813286,52.49828884
11613,23.71193,4.56642,22.36181985,50.87474333
11614,2.26215,1.97106,10.10966806,50.770705
11615,5.9691,1.61705,7.231561183,52.35865845
11616,2.27903,1.38294,6.75221254,51.73169062
11617,2.99268,2.60589,13.85157681,49.75496235
11618,7.43748,2.59882,15.94387479,46.50239562
11619,2.92708,5.69316,27.09023311,50.68583162
11620,9.5959,3.0442,13.86745988,49.05954825
11621,7.78718,2.43276,11.81086325,51.21423682
11622,5.25665,0.614889,3.250102567,51.89322382
11623,10.956,2.28653,10.5800321,52.8733744
11624,9.22228,7.02546,31.50039234,50.7871321
11625,2.85053,2.06924,9.632713728,52.06297057
11626,11.9504,2.2986,11.66619694,50.93771389
11627,3.41055,2.46878,11.9496386,51.94524298
11628,17.2455,10.527,43.56038271,51.1156742
11629,11.1017,3.57461,18.40480219,49.63175907
11630,8.93108,3.6325,17.28220112,50.72689938
11631,5.65493,4.52047,24.19086189,47.14852841
11632,3.00588,3.54105,17.36398707,50.84188912
11633,6.5991,1.89044,10.17629398,49.19644079
11634,7.08645,2.8186,14.8895472,49.80150582
11635,4.47928,1.17906,7.053896021,47.61943874
11636,4.85193,2.26074,12.0558418,49.42915811
11637,2.8787,4.40691,19.54719784,52.53661875
11638,5.85985,3.04321,13.88796563,52.09856263
11639,18.0774,4.80201,24.81658368,48.58042437
11640,6.87503,3.56689,17.80657945,50.85284052
11641,5.40698,4.63328,22.64641125,50.85010267
11642,4.3999,3.04482,14.6061411,51.74811773
11643,10.10588,5.64476,30.00868772,47.04722793
11644,3.28545,1.37184,7.557069268,49.09514031
11645,4.0406,2.54017,13.42866047,49.43189596
11646,14.54718,3.4351,17.16533018,49.94113621
11647,1.91383,1.55518,9.31082082,47.46885695
11648,12.68718,7.60453,34.25373416,49.7467488
11649,16.07353,2.02602,9.910205162,51.41957563
11650,10.25815,3.24376,14.71222578,52.09856263
11651,13.5625,5.31556,26.82721423,49.00479124
11652,5.39653,1.09702,5.54834705,51.93155373
11653,10.17578,3.36671,17.63684397,49.80971937
11654,4.9401,2.79084,14.06220527,50.28610541
11655,3.51533,1.34292,6.978569975,50.50239562
11656,3.74473,2.0148,9.831133557,50.04791239
11657,14.95778,3.84131,19.66359465,47.02806297
11658,6.36033,1.70514,9.767660547,48.8843258
11659,7.96575,1.93681,10.90831379,48.91718001
11660,6.9067,1.98474,10.61234348,49.9192334
11661,8.75013,6.62634,28.74859142,50.89117043
11662,13.03818,3.29658,18.93024729,48.65708419
11663,15.10123,3.61828,17.30685544,50.65571526
11664,3.28933,0.855631,4.458531476,50.770705
11665,5.9283,2.05021,11.1133002,49.13347023
11666,13.36253,4.07489,23.18797648,46.99520876
11667,3.119,3.04607,13.94936436,52.40246407
11668,16.7113,3.87986,21.73147537,48.19712526
11669,2.93898,3.01491,14.45940051,51.85489391
11670,12.26315,4.01677,18.93617381,51.67693361
11671,3.9349,1.39601,8.75099006,46.69952088
11672,3.76775,1.47697,7.618645791,50.87474333
11673,3.4653,6.48905,29.50362984,50.46954141
11674,18.86633,1.54106,8.220424447,49.29226557
11675,3.12133,6.6823,25.93207293,52.08761123
11676,2.5806,1.47717,8.068741141,49.69199179
11677,5.83573,3.01631,16.07425819,49.48391513
11678,3.00138,1.66535,8.169847541,50.92950034
11679,6.5928,1.30641,7.74707344,48.30116359
11680,5.9721,1.61705,7.231561183,52.67624914
11681,4.47265,1.17396,6.108734903,50.86652977
11682,4.39508,2.90679,13.35386781,52.19164956
11683,2.5124,2.3408,11.98081208,50.69678303
11684,7.28225,3.40276,16.57445632,50.99520876
11685,6.0597,2.39549,12.18978111,50.0807666
11686,18.72853,12.451,41.32715213,52.52019165
11687,2.12213,1.50714,7.141264752,52.3613963
11688,4.1716,3.40831,15.42352649,52.58863792
11689,3.17925,1.45694,6.859103222,52.21902806
11690,19.2813,2.66661,13.50274195,50.22861054
11691,3.4226,1.20237,6.238122648,50.55715264
11692,16.27795,1.87712,9.12656537,51.26899384
11693,3.72843,1.3009,6.138877174,52.07118412
11694,12.27863,1.74763,8.549038027,51.83572895
11695,11.7785,2.55245,12.97540036,51.59206023
11696,2.14525,1.40081,6.728447202,51.34017796
11697,3.20403,2.32417,11.17970091,51.32648871
11698,4.32148,1.52894,7.847456805,51.18685832
11699,5.84668,1.80889,8.488599394,52.42710472
11700,3.48388,3.51923,16.58903555,51.05544148
11701,7.37438,2.65829,15.53731564,47.93429158
11702,7.90338,7.91127,35.59004548,52.59411362
11703,15.035,8.48447,34.96136043,52.26009582
11704,14.5698,2.84241,15.02016766,48.00273785
11705,3.2684,1.9027,8.896687583,52.89801506
11706,4.78733,1.51671,7.841210255,50.1026694
11707,3.48863,2.86144,13.69156082,51.94250513
11708,9.87668,3.17499,14.52316985,52.3613963
11709,9.42595,5.08294,23.53787811,51.75906913
11710,3.96368,2.10942,9.724278434,52.3559206
11711,2.3365,1.26145,5.908797886,51.29637235
11712,3.5628,2.78303,13.81009118,51.08281999
11713,16.4411,2.1888,10.11792962,52.81587953
11714,11.22038,2.10562,10.73808049,50.95687885
11715,7.8951,4.76697,26.38236978,47.30732375
11716,2.00093,1.4189,6.581173226,52.37782341
11717,2.11473,1.57586,7.243935753,52.75838467
11718,3.9851,7.13914,32.21963459,50.99520876
11719,2.48383,1.5735,9.289094204,47.35112936
11720,5.15098,1.9351,9.443622239,51.27994524
11721,10.8379,2.46299,13.72759405,47.73990418
11722,3.04488,5.49872,24.21338266,52.59411362
11723,6.46543,3.15355,15.73360192,50.52977413
11724,7.46318,2.79638,14.49697464,49.82067077
11725,3.93495,1.39601,8.166327189,48.27652293
11726,5.1947,1.32841,6.874938879,50.45037645
11727,11.8823,4.1559,22.77703171,47.50444901
11728,8.38693,2.54382,12.93201825,50.16563997
11729,3.01195,1.43784,8.632530815,47.50718686
11730,6.5169,1.40998,6.438178195,49.81519507
11731,13.96273,2.08113,10.13765308,51.52635181
11732,11.70148,2.24817,10.4377601,50.9431896
11733,11.05165,3.80918,19.30587002,49.9301848
11734,12.26315,4.01677,16.66335409,52.6899384
11735,6.21753,2.3738,12.65050864,49.97946612
11736,3.42838,2.5321,14.52992608,47.64134155
11737,3.37553,1.09746,6.58501361,47.43874059
11738,6.10215,3.56905,16.50357516,50.70225873
11739,7.61,1.68761,9.523061289,48.18617385
11740,17.51723,1.70798,8.908149469,50.14099932
11741,2.98133,1.48929,7.689657332,50.7871321
11742,9.1591,5.28593,25.37995849,50.95687885
11743,2.6643,2.5856,13.66382471,49.07323751
11744,6.81065,1.94089,10.42088138,49.45653662
11745,3.0967,2.00036,8.844984638,52.43531828
11746,14.14263,2.37175,12.05927918,50.31074606
11747,3.01228,2.74025,12.16370443,52.05475702
11748,2.91493,1.33815,6.554243127,51.63586585
11749,3.6869,1.51548,7.468693029,51.07186858
11750,2.3463,3.23698,14.77872131,52.49828884
11751,3.5723,6.30686,31.14124534,49.15263518
11752,7.18903,3.26893,16.89911099,49.19096509
11753,5.57818,1.81813,9.741666838,49.5633128
11754,30.63125,4.69698,20.85221714,49.14168378
11755,4.37783,1.80049,11.18290123,46.9431896
11756,4.0444,1.49852,7.719977399,50.35728953
11757,19.10005,2.84748,13.73932855,51.40862423
11758,2.83173,1.62763,8.000278003,51.21423682
11759,2.80493,2.54358,14.01538577,49.79876797
11760,22.6509,5.51505,23.18145731,50.86105407
11761,1.62718,0.926116,5.237050757,49.55509925
11762,5.97983,1.7258,8.917394837,50.81177276
11763,5.4954,2.59854,11.98164179,52.55030801
11764,16.6573,4.01111,17.96458042,51.34839151
11765,4.84518,0.835144,4.809144291,49.47022587
11766,2.50625,2.68414,12.8888732,51.80013689
11767,2.89688,2.02438,10.89256111,47.98631075
11768,3.99725,2.27566,10.55570967,51.11293634
11769,18.14165,2.38826,11.64987531,51.34839151
11770,4.2048,0.896822,4.535173209,51.10198494
11771,3.6459,2.4179,11.14087037,52.60780287
11772,11.91753,5.1356,24.7729645,50.37097878
11773,9.38648,3.82947,21.65407505,47.03627652
11774,20.08033,4.76458,26.53065126,47.85763176
11775,4.1988,2.34942,9.129398246,52.70362765
11776,7.63943,2.98937,16.68788988,48.30116359
11777,8.98775,4.41406,20.44506534,51.9890486
11778,2.8147,2.14734,10.43954991,51.03627652
11779,5.1387,2.48282,13.13861667,49.44284736
11780,7.29848,1.91668,10.33041901,48.7118412
11781,6.83843,8.96285,36.17262221,51.34839151
11782,3.57195,1.71705,8.799575656,50.09445585
11783,4.69843,2.84257,13.68753079,51.43052704
11784,10.2505,4.44311,21.72471914,50.80629706
11785,2.61855,3.88629,17.48026536,52.46817248
11786,4.65733,2.48006,14.54983918,47.94524298
11787,18.68648,2.27264,12.30297761,49.23750856
11788,9.39353,1.70183,8.351530882,51.43052704
11789,15.57938,2.28242,11.09511765,51.16221766
11790,13.05298,1.72094,8.800263132,50.10540726
11791,7.12558,2.08765,10.16287634,51.38124572
11792,5.21618,2.5279,10.76062496,52.59137577
11793,3.9934,2.06221,9.86944257,51.99726215
11794,4.17738,1.63588,8.669014461,48.96372348
11795,9.13713,1.83915,10.3641646,48.74195756
11796,5.62163,2.54407,12.54679457,50.78986995
11797,11.32675,3.04911,15.21171273,50.82546201
11798,13.708,3.87938,23.07489851,46.98699521
11799,9.54665,4.38403,21.47047151,50.51882272
11800,9.64633,1.23653,7.039387905,48.06844627
11801,10.87948,1.62635,7.98976436,51.43326489
11802,16.2197,6.34335,27.27632578,51.29637235
11803,11.91295,2.49942,12.59894793,50.50239562
11804,9.04753,2.41516,12.85438086,49.30595483
11805,2.89533,1.69783,7.970882473,52.35865845
11806,17.32728,2.84366,16.5646183,47.63586585
11807,10.65858,2.9644,13.60017391,52.10677618
11808,6.9856,3.2554,16.18188376,50.06160164
11809,4.8076,1.79415,8.448630956,52.45448323
11810,2.58478,1.35829,6.403093208,52.99657769
11811,4.56098,2.60862,13.2039269,50.00410678
11812,5.87665,1.94726,10.33186508,49.84531143
11813,4.19235,1.57875,8.051388296,50.19301848
11814,8.2045,4.25746,21.84550158,49.30321697
11815,5.98935,4.44884,24.84787569,47.80287474
11816,21.96008,4.262,21.49915586,49.71663244
11817,4.54113,4.15443,20.60188101,50.66666667
11818,5.23885,2.72262,13.12688217,51.60301164
11819,3.61455,1.71058,7.69081893,51.87953457
11820,6.74555,4.98062,23.26916978,51.06639288
11821,4.19353,5.55743,28.89272435,47.10472279
11822,4.16118,3.02938,13.82395923,52.11498973
11823,4.34983,5.48737,23.95569765,52.80219028
11824,10.75635,3.75055,16.9835046,52.78850103
11825,15.62745,4.17618,22.66466493,47.50444901
11826,11.42253,4.88053,20.20243369,50.2696783
11827,7.22155,1.1064,5.448437807,51.88501027
11828,6.55458,2.93639,13.44916623,52.31211499
11829,18.5463,3.10114,15.39792393,50.17659138
11830,2.98995,1.39438,6.54734466,52.57494867
11831,7.57608,2.29875,13.36868411,47.00616016
11832,2.47245,1.55853,8.549535854,49.91101985
11833,4.72855,1.25824,6.502149032,50.13826146
11834,14.68278,3.26676,16.32329048,50.56262834
11835,4.13068,4.61393,23.13392664,50.22313484
11836,3.88668,2.69895,14.83881621,48.96098563
11837,8.23583,3.314,14.94667884,50.93497604
11838,10.28568,3.18875,15.3127006,51.22518823
11839,17.02178,5.55385,28.87565597,48.14236824
11840,5.80088,2.14481,9.569999313,51.11841205
11841,5.00615,2.08022,10.87495935,49.86995209
11842,6.56055,3.35088,16.55217261,50.04517454
11843,4.12028,2.44623,10.22716721,52.64613279
11844,4.7797,2.98955,15.01649322,50.16016427
11845,4.49133,2.52418,14.25469858,48.1779603
11846,3.75475,1.39154,7.543900544,49.68925394
11847,4.82493,1.94201,9.466676395,51.57563313
11848,3.63173,2.814,14.85718841,49.62902122
11849,2.8314,3.52558,15.64956389,49.87816564
11850,2.35145,2.13165,11.30264061,49.045859
11851,2.31608,1.41798,7.724991234,49.76591376
11852,3.35013,2.53616,12.90771952,50.47775496
11853,7.58853,2.71436,14.39871297,49.58247775
11854,4.50495,1.79334,9.801903969,48.63244353
11855,3.77308,5.46302,20.72574524,51.75633128
11856,3.18913,5.01737,29.02986398,46.76249144
11857,5.10045,5.89832,28.12132874,50.49418207
11858,2.8314,1.53421,9.493310168,46.12731006
11859,12.6616,1.79627,8.325039346,51.83572895
11860,3.8436,1.06517,5.548181108,50.37645448
11861,5.85873,0.802994,3.774196422,52.79397673
11862,6.2751,1.74344,9.381654565,49.46475017
11863,8.4474,3.06232,15.41131786,50.67488022
11864,3.99875,2.07496,9.01293031,52.07392197
11865,3.3319,1.66689,7.449822995,52.81861739
11866,17.27285,1.7356,9.335783314,49.97125257
11867,9.93463,2.90096,13.94106723,51.23887748
11868,8.04968,1.80097,10.18270647,48.20533881
11869,3.123,0.667556,3.915520175,48.47091034
11870,2.84473,2.34647,11.36242732,51.36208077
11871,6.34123,2.06424,10.65411358,50.39561944
11872,4.95318,3.74493,16.94107073,51.79739904
11873,6.95438,2.88714,13.87006755,51.32922656
11874,3.2832,6.01863,28.11552075,48.65160849
11875,8.69405,3.1556,15.113214,49.88090349
11876,7.30175,2.14409,11.45747682,49.045859
11877,5.91608,2.64144,13.28547579,50.93497604
11878,3.6144,0.896377,4.665935906,50.5982204
11879,3.84883,1.44543,8.983297719,46.69952088
11880,6.18925,1.38425,6.816776029,51.54825462
11881,16.30605,2.10132,12.26089933,47.37577002
11882,4.03638,0.839075,4.375453544,50.98699521
11883,10.71243,1.50002,8.903550491,48.41341547
11884,3.1651,2.27779,11.53601504,50.87200548
11885,4.14973,2.42162,11.77543452,51.65229295
11886,3.8785,2.3122,13.45924131,47.37029432
11887,21.92715,5.80224,27.7346827,51.54551677
11888,11.41188,5.45125,24.32254912,52.11225188
11889,7.58358,0.920836,4.788508155,49.57152635
11890,11.15505,11.3881,50.2286639,49.58247775
11891,4.27523,7.7827,31.918686,52.30937714
11892,10.26355,2.00059,11.7862919,48.14236824
11893,17.14555,1.12318,5.847505835,49.79876797
11894,3.7906,3.21835,16.7734688,49.02121834
11895,7.71628,2.01946,10.36589514,50.39014374
11896,15.54978,2.28242,12.19926354,49.14168378
11897,4.8512,4.91002,21.92811725,51.17590691
11898,5.77878,2.66574,12.85912208,51.84668036
11899,7.75893,4.43078,21.8127872,50.31348392
11900,5.42035,2.00943,10.70958579,49.81245722
11901,6.8514,1.90489,11.83140456,46.57357974
11902,23.25588,1.30615,8.295643816,47.32922656
11903,3.51103,2.12895,10.88703759,50.43394935
11904,3.85283,1.45536,7.506065652,50.81177276
11905,11.65808,2.09924,12.99709142,46.87748118
11906,3.31938,0.749317,4.345062359,48.14510609
11907,23.85503,2.76682,15.7276754,47.86584531
11908,3.5733,1.86989,9.178114225,51.75085558
11909,10.60285,4.43689,21.72471914,50.51882272
11910,5.22888,2.88738,13.87006755,51.21423682
11911,4.70448,4.48723,20.97051044,52.84052019
11912,4.3999,1.76436,9.050362199,50.93223819
11913,5.23723,3.20271,16.18982529,50.40383299
11914,4.6998,1.72462,9.766439684,48.57494867
11915,2.74478,1.26485,5.977320289,52.8788501
11916,4.14933,4.01107,19.05328181,51.52361396
11917,3.48168,1.15808,6.01745467,50.19301848
11918,10.56595,2.85318,13.10685054,52.63791923
11919,19.23828,2.66661,12.75161504,48.91170431
11920,6.06015,2.81021,13.25299847,50.06160164
11921,6.5419,3.63992,17.94739352,50.36824093
11922,7.43278,1.93863,10.59905622,49.9137577
11923,4.6671,14.5001,47.18907126,51.81382615
11924,3.35718,1.15674,6.288403228,50.63928816
11925,5.32923,2.49862,12.8393275,49.70294319
11926,5.33793,1.64121,8.076362643,52.1779603
11927,3.0443,2.1644,10.49808021,50.17111567
11928,3.7625,3.45825,15.89658117,51.53182752
11929,23.70498,7.80568,36.74879831,49.99315537
11930,6.93238,9.39153,42.3779238,50.20123203
11931,3.34055,1.74834,8.99750951,50.50239562
11932,3.36613,3.40278,17.65486058,49.70294319
11933,16.6257,2.35351,12.03829931,50.94592745
11934,4.52988,2.41689,11.18853143,52.07939767
11935,6.20645,4.83669,21.39366384,50.68309377
11936,5.17965,1.99387,10.71737323,49.37166324
11937,23.41523,5.77791,26.23942216,51.03353867
11938,5.7417,1.07948,5.888149896,49.52498289
11939,4.39498,1.83105,9.898150624,49.24024641
11940,8.00955,3.03008,15.91447926,49.69472964
11941,5.1441,1.43367,6.724618672,52.70910335
11942,3.8746,1.80049,9.630141619,49.30047912
11943,9.0217,1.68931,8.294897074,51.20054757
11944,10.1256,6.25135,30.1265069,48.45448323
11945,2.5788,4.80204,21.42377055,52.61875428
11946,6.31625,4.96272,27.45210631,47.30732375
11947,2.88093,2.48336,14.45288134,47.12936345
11948,9.6353,2.47815,12.01020761,50.00410678
11949,12.54633,2.53609,13.32328698,50.9596167
11950,3.09438,1.85917,10.43073125,48.43805613
11951,3.3128,1.48774,7.293090295,51.42778919
11952,10.39945,2.50644,11.19826277,52.32032854
11953,10.66918,2.12352,12.63794442,47.71252567
11954,2.5806,1.71519,9.707601212,47.13483915
11955,5.90905,2.69765,12.44236932,52.94729637
11956,4.78208,3.0268,15.91530897,49.99315537
11957,10.3391,5.15994,24.90797059,50.54893908
11958,5.2695,1.90212,10.22700126,49.7303217
11959,2.48325,1.5735,8.537445757,49.75496235
11960,3.64905,1.33756,6.862113893,50.64202601
11961,2.75268,3.14179,14.35710881,52.79397673
11962,12.00305,10.2228,47.44853422,50.77344285
11963,2.96528,1.28464,6.036218027,52.21629021
11964,7.51488,3.45556,16.76860905,50.07802875
11965,20.2127,1.91068,11.13258509,47.2991102
11966,2.99455,1.25585,6.822998873,49.5797399
11967,2.15975,1.56407,7.080968356,51.90143737
11968,2.7328,1.68597,7.883667831,52.35865845
11969,4.4731,1.41242,6.903848434,51.86310746
11970,7.78868,3.10242,18.81716933,46.91033539
11971,6.22923,2.7925,14.08354073,50.78439425
11972,7.35238,2.75058,14.53644525,49.58247775
11973,4.61643,3.03447,15.22700315,50.76796715
11974,3.41595,1.46806,7.629100169,50.83641342
11975,5.97575,1.42898,7.437958105,50.86652977
11976,20.24388,1.61836,9.842251705,47.66324435
11977,6.32785,2.56237,12.42447123,51.08281999
11978,3.1651,4.08403,18.41072871,52.07665982
11979,2.81205,2.44865,11.32864617,52.14510609
11980,12.11933,2.20438,11.26868166,50.57084189
11981,4.48235,2.51066,14.62747657,47.78918549
11982,4.78105,5.97213,22.26189875,49.82888433
11983,19.1757,3.5857,16.35659751,51.01163587
11984,5.85985,2.91167,15.35003766,49.63175907
11985,13.8783,5.86548,28.00149454,50.94045175
11986,5.84175,2.25833,12.06449452,49.42915811
11987,4.669,2.15612,10.02616342,52.40520192
11988,3.1696,2.05477,10.71634202,49.18001369
11989,6.4272,2.08604,10.21331101,51.18138261
11990,6.5922,4.77872,21.33439866,52.79671458
11991,3.933,1.79744,8.313435223,52.08761123
11992,3.91255,5.29488,19.46090773,52.20260096
11993,2.59573,1.87374,9.178137931,51.08008214
11994,4.17783,4.99982,22.0790064,52.03559206
11995,4.2766,1.41089,6.903848434,51.95619439
11996,3.59655,2.63756,14.53917145,48.29295003
11997,5.02238,1.27598,5.117761799,52.30390144
11998,5.78443,2.5331,12.68464538,50.78986995
11999,5.91555,1.59923,7.941000968,51.89596167
12000,24.58598,1.50578,7.872490418,50.67488022
12001,5.17518,1.81397,9.673073317,49.5633128
12002,4.29383,1.59979,7.842502236,51.8110883
12003,13.99518,3.27326,15.70479904,51.20054757
12004,2.74268,3.57541,15.27429676,52.5174538
12005,14.4274,1.40934,8.003656118,47.4825462
12006,2.6936,2.2126,11.84561635,49.908282
12007,4.32915,1.55417,8.448346483,49.22655715
12008,10.09248,2.39591,11.63622061,51.41409993
12009,19.64308,3.34346,14.31597877,51.20328542
12010,4.4067,6.00367,28.11552075,51.60848734
12011,16.77338,2.09648,12.94493806,46.66392882
12012,8.34373,1.92103,8.924103656,52.36687201
12013,11.70513,1.74075,8.562313427,51.63586585
12014,9.38098,6.83574,32.02903776,50.18754278
12015,6.95395,1.33885,6.306929524,52.06844627
12016,10.51643,2.66616,13.63739244,49.43463381
12017,3.94068,1.30087,6.277877732,51.26625599
12018,3.00698,1.38249,6.80370213,51.27720739
12019,15.63675,2.5693,13.57196368,48.76933607
12020,2.8727,1.67408,9.00414721,49.84804928
12021,8.9959,1.03637,5.340717413,51.02806297
12022,4.4531,1.61188,9.592105226,47.16221766
12023,16.20983,3.53062,18.42993063,49.63175907
12024,3.70353,1.56648,8.505727032,49.89185489
12025,5.04165,2.59617,13.12806747,50.73511294
12026,4.20925,1.66841,9.833610841,47.89322382
12027,6.15188,2.39403,11.63339959,51.91786448
12028,4.3058,1.72355,8.856185758,50.35181383
12029,12.13078,2.20438,10.1258356,52.00821355
12030,3.17203,1.50687,7.046796053,52.0054757
12031,3.80475,1.35656,7.352391036,49.5742642
12032,8.7274,3.12102,17.17054552,48.21629021
12033,12.48943,5.55125,26.74708771,50.30253251
12034,8.61565,3.22614,16.77631353,49.63997262
12035,4.51553,1.2687,6.238478239,51.91786448
12036,2.99785,1.86257,9.570200814,50.11088296
12037,3.87288,1.64099,9.744487861,47.09103354
12038,3.7906,2.56305,12.24003799,51.54277892
12039,4.64765,2.35588,11.4334033,51.15400411
12040,7.1455,1.85184,9.981157438,49.69746749
12041,2.63615,2.29587,13.43589082,47.6386037
12042,11.42198,3.55037,18.56280317,49.27036277
12043,3.19858,2.02523,9.434187222,52.58316222
12044,18.8911,2.54645,12.17555747,51.35934292
12045,20.89888,2.54455,14.44837719,47.09377139
12046,2.71615,1.0706,6.447672477,47.83572895
12047,5.38105,2.03108,11.95959515,47.21971253
12048,9.55943,2.65878,12.31340828,52.20533881
12049,3.43898,1.57284,7.695797205,51.61396304
12050,2.38265,1.80143,9.217501865,50.18480493
12051,12.35093,3.65363,18.05490056,50.20123203
12052,2.43578,1.29916,6.720730876,50.90485969
12053,10.03563,2.10114,12.26089933,47.21149897
12054,2.38203,1.4835,7.323445921,50.76796715
12055,8.03223,3.18823,13.36998794,50.90485969
12056,6.6262,2.72436,13.77334677,50.10540726
12057,10.55908,1.32967,6.239165715,52.6899384
12058,4.11588,2.91248,13.91629439,51.82477755
12059,8.72225,3.17295,14.52316985,52.35318275
12060,5.77205,1.48606,8.06744916,49.39904175
12061,9.3904,1.146,6.110406181,48.22724162
12062,2.93503,4.08706,17.03802857,51.55099247
12063,4.95863,2.00466,12.41984855,47.49897331
12064,1.89595,1.07063,5.441859372,50.58453114
12065,6.8438,2.8465,13.72107488,51.08008214
12066,20.53193,3.20661,15.50566803,50.5927447
12067,10.0425,1.8918,9.775578375,50.52429843
12068,20.62803,2.22158,12.45327411,48.37782341
12069,15.43525,4.16957,23.74530625,47.10198494
12070,10.4772,1.92554,9.842796944,50.17659138
12071,3.79598,3.18452,14.7259753,52.39698836
12072,6.96275,1.34726,6.773868038,51.55920602
12073,17.79283,5.87714,30.23140627,48.45722108
12074,3.92475,2.57615,15.67208466,46.75701574
12075,8.88553,2.95676,14.89203634,50.85557837
12076,23.23375,1.30615,8.295643816,46.88295688
12077,18.363,2.75289,11.64618901,52.71731691
12078,14.09465,2.89093,14.49970084,50.50239562
12079,13.6321,2.9663,13.55833269,52.05475702
12080,24.31745,4.32668,20.32712763,51.46885695
12081,7.7514,3.81424,19.67675152,49.9301848
12082,8.04663,2.73688,16.7028247,46.78986995
12083,2.88978,2.5488,12.88318374,50.81177276
12084,3.3297,2.4795,11.68801838,51.04449008
12085,6.99235,4.11074,19.35826044,51.16495551
12086,21.96008,6.06256,26.51820557,52.41889117
12087,2.1504,1.89857,8.7786669,52.5338809
12088,14.27493,3.3889,17.5144021,49.79603012
12089,5.6657,2.0952,12.33984055,46.69678303
12090,4.03098,4.73689,22.80370104,52.45995893
12091,10.17458,2.7602,12.76868341,52.41615332
12092,13.44125,4.47876,21.78125813,50.66119097
12093,14.51443,3.70477,20.21286436,48.35318275
12094,4.28133,2.81777,12.90866777,52.55304586
12095,10.41148,5.08664,22.57588568,51.1430527
12096,7.70373,2.60338,13.80475732,49.36344969
12097,2.44855,0.912848,4.61083114,51.59479808
12098,5.78005,1.56741,8.868394385,48.54757016
12099,15.38253,5.63563,29.66198641,47.04722793
12100,5.5292,1.44858,7.856785145,49.32238193
12101,3.22998,1.43586,7.474927726,49.43189596
12102,5.00898,2.2252,10.82665823,51.87405886
12103,6.6262,1.77988,11.08976007,46.55989049
12104,5.7417,2.19486,11.22595146,50.91581109
12105,11.97688,4.8165,24.81658368,49.78234086
12106,9.30978,6.71649,33.13397781,49.68377823
12107,6.18295,1.80395,8.488599394,52.47638604
12108,10.20965,7.47127,37.73864537,46.75154004
12109,5.78005,1.62189,8.302862315,50.21218344
12110,3.70955,3.16855,15.16157439,51.41957563
12111,4.12475,1.51569,7.113576059,52.90622861
12112,11.10303,2.97349,14.93079577,50.85557837
12113,11.0462,1.85139,9.030437245,51.38124572
12114,2.866,0.90723,4.904691617,49.70294319
12115,3.67263,6.37386,28.72690037,50.46954141
12116,16.04565,2.42377,12.30866707,50.09445585
12117,4.32303,0.9575,4.737255626,51.04996578
12118,7.9818,2.22409,10.83655551,51.2936345
12119,9.47613,3.89647,17.64893406,52.61054073
12120,2.59743,2.52824,11.70257391,51.16769336
12121,8.95725,1.19,6.189904496,51.30184805
12122,2.72423,3.06493,15.90262622,48.50102669
12123,5.12173,2.7537,15.95418693,47.23613963
12124,7.20745,5.7414,27.15898072,47.43874059
12125,6.02183,1.36852,6.223424883,52.20260096
12126,8.43043,3.1789,14.49258902,52.11498973
12127,5.0058,2.10453,9.812559849,52.183436
12128,9.27708,1.95144,11.14365583,48.82683094
12129,11.0462,4.46345,17.17931676,52.63518138
12130,9.56215,3.84154,18.57311531,50.73785079
12131,3.56453,7.44153,28.39857126,52.22176591
12132,9.05138,3.42365,18.61649742,48.21902806
12133,2.4972,2.39418,12.66141343,49.9247091
12134,19.83635,3.69319,18.39057855,50.93497604
12135,2.61468,1.59537,8.609405541,49.12251882
12136,13.76123,1.91294,11.81580596,46.50787132
12137,5.84578,2.64728,13.33620679,50.15195072
12138,10.81618,2.97982,14.38520051,51.91512663
12139,5.65463,4.52047,24.19086189,47.53456537
12140,4.9341,1.97099,10.07925317,50.10814511
12141,5.67563,2.53499,12.24916483,51.89596167
12142,14.88428,2.7549,14.75217051,49.88090349
12143,8.35863,1.61973,8.050783791,52.07392197
12144,4.85693,4.13038,20.03293527,51.78097194
12145,3.31498,1.68447,8.094094785,52.10403833
12146,11.3644,2.40639,13.44098763,49.9137577
12147,4.01223,2.17546,10.06565773,52.19712526
12148,16.20983,3.53062,17.43700177,50.69678303
12149,3.08695,2.53732,12.30914119,51.73990418
12150,7.53473,3.5086,14.24770528,51.00342231
12151,8.34668,3.76254,15.58863929,52.15058179
12152,12.44083,3.59235,20.52365097,47.25804244
12153,7.48935,2.45895,12.51253929,50.66119097
12154,6.15188,6.95026,32.50209245,50.16563997
12155,5.18388,2.46943,11.39985921,50.53798768
12156,11.05108,1.75507,10.37921796,47.97809719
12157,10.88798,1.70517,9.28060743,49.69746749
12158,16.12805,4.7549,22.21768693,51.78918549
12159,15.70968,2.11296,11.80888379,50.17932923
12160,6.20645,2.75881,13.274571,51.17316906
12161,4.85138,2.32851,10.45280161,52.96098563
12162,10.09398,1.71638,10.20631772,47.32648871
12163,5.04548,1.55431,8.842128057,48.07392197
12164,8.91305,5.45343,29.6635273,46.86926762
12165,8.82028,2.37331,12.76773517,49.15811088
12166,8.3855,3.53938,16.0590863,52.41067762
12167,13.27608,2.05951,12.13987983,47.79192334
12168,21.38923,17.3235,59.33890764,51.87679671
12169,7.16633,1.37942,7.120450821,50.9486653
12170,3.36938,2.20848,12.39092714,48.67351129
12171,16.74793,11.15,42.54374778,52.32306639
12172,11.5781,2.09709,12.20056738,47.55373032
12173,4.51993,1.40351,8.375248808,47.37303217
12174,12.51233,4.6643,20.80729413,52.53935661
12175,6.18295,0.774017,4.259471584,50.58179329
12176,17.01343,3.52972,16.11894413,52.61327858
12177,6.19433,1.66854,9.052922455,49.65639973
12178,2.42455,1.62601,7.967551769,51.61670089
12179,22.9607,2.51392,11.61832252,52.11225188
12180,4.96363,1.82147,8.520602592,52.40520192
12181,3.82033,1.32356,6.847297598,50.67761807
12182,4.4624,2.60692,12.51289488,51.83025325
12183,3.56898,1.80211,9.178635758,50.22861054
12184,2.61873,1.97701,9.666672677,51.68514716
12185,3.35423,2.448,13.6352589,48.64339493
12186,2.5322,2.64179,13.20914224,50.33812457
12187,9.16603,2.00204,11.58691198,47.18685832
12188,3.18073,1.64538,8.05905721,51.80287474
12189,6.92118,5.56176,24.83661531,51.40588638
12190,6.0212,1.16861,5.806435064,51.01711157
12191,4.90703,3.82598,20.74708071,48.42436687
12192,7.86998,2.59915,13.77322824,49.93839836
12193,16.99243,5.55385,25.49327352,51.49623546
12194,7.91198,2.21398,10.75109512,51.95619439
12195,15.85825,2.35841,13.16469335,48.72553046
12196,7.16633,6.04628,27.62587182,50.97878166
12197,6.6739,3.76035,17.41400688,52.09856263
12198,7.3845,1.9915,12.40278018,46.35728953
12199,9.36193,1.97461,10.63730597,49.64544832
12200,7.12565,3.34416,19.11254699,47.56194387
12201,3.45793,2.1791,11.58073655,49.25393566
12202,23.52553,3.49095,18.20116703,49.94387406
12203,3.50115,3.31914,17.27935639,49.21013005
12204,5.87783,3.76058,17.84723536,51.56741958
12205,6.29738,1.7757,8.674502416,51.14579055
12206,4.04695,2.84662,13.7004506,51.68788501
12207,20.68675,1.96175,9.576068067,51.69336071
12208,2.29613,0.829251,4.325030728,51.86036961
12209,9.92113,1.3927,7.592083137,49.67282683
12210,3.18145,2.51048,11.97168524,51.42778919
12211,18.0377,2.3307,12.03829931,50.31074606
12212,2.84098,2.60497,15.16204851,48.63791923
12213,4.27523,2.49463,12.53719361,50.2696783
12214,6.13458,2.23223,11.10877234,50.47501711
12215,2.65848,2.87734,15.41368847,48.23545517
12216,13.92665,3.87238,21.11974017,47.68514716
12217,7.6614,1.70032,8.342949284,51.65229295
12218,11.85708,5.69617,27.18813919,50.66666667
12219,9.82478,2.61562,13.12664511,50.56810404
12220,7.59385,5.51793,29.6635273,47.17316906
12221,1.9744,1.84385,9.28169791,51.38398357
12222,10.6049,2.01481,10.28105111,50.67761807
12223,8.60978,2.05495,9.54988471,52.20260096
12224,2.87335,2.02165,10.28150153,50.35728953
12225,3.3319,1.2682,6.770027654,50.67761807
12226,8.96488,2.57172,12.53423035,51.6440794
12227,9.96973,1.52798,8.33391727,49.50308008
12228,5.18108,3.38843,16.15118439,51.22518823
12229,19.21195,1.36609,6.784749125,51.37029432
12230,4.94033,4.03354,20.77375004,49.69199179
12231,5.33215,1.40983,6.942951601,50.40109514
12232,2.60075,2.22206,12.46536421,48.63518138
12233,14.78625,2.04156,11.01250198,49.12799452
12234,2.68328,1.93237,9.904231232,50.770705
12235,9.86218,1.81135,9.326644623,50.49691992
12236,2.79133,0.965139,4.941376765,50.14647502
12237,3.12173,1.45422,7.110186091,51.79466119
12238,3.0025,1.90931,9.313878903,51.15126626
12239,3.80865,1.04527,5.43752116,50.87748118
12240,4.50998,3.67338,17.48311009,51.73442847
12241,5.59288,3.57619,17.83893824,50.15742642
12242,3.1651,1.34653,6.244262521,52.32306639
12243,6.62783,3.76035,17.71910404,51.57289528
12244,1.65953,0.909501,4.489787933,50.34086242
12245,14.64108,2.95708,13.59578828,52.05475702
12246,5.7329,2.67602,14.75868968,48.32854209
12247,2.37163,1.83385,8.71839421,51.11841205
12248,4.7823,2.98955,13.70886625,51.94798084
12249,5.02238,2.95279,14.88610982,50.15195072
12250,13.58585,3.11421,14.90886765,51.86310746
12251,3.73693,2.28452,11.11454477,51.91238877
12252,5.05253,2.0269,9.435265849,52.03832991
12253,2.866,2.02683,10.30647587,50.17659138
12254,7.24995,2.51491,11.42841318,52.67624914
12255,11.68115,4.70449,25.42713358,48.30663929
12256,10.19975,4.66472,20.70666185,51.26351814
12257,4.42348,2.10693,10.3670923,50.37645448
12258,12.42215,5.34521,25.63219111,50.19301848
12259,2.4404,1.32957,6.272046038,51.83025325
12260,2.09843,1.68159,9.99596188,47.6440794
12261,3.24605,1.93055,12.00866672,46.55167693
12262,17.06825,2.04686,11.4827712,47.28268309
12263,4.4067,2.26619,11.55044019,50.37645448
12264,7.43618,1.24266,6.756977461,50.58179329
12265,2.49535,3.82814,20.74708071,48.48733744
12266,5.33108,2.50149,13.86260013,48.54757016
12267,4.93933,2.18771,10.59624705,51.63586585
12268,13.81078,2.48077,12.02063828,51.89869952
12269,8.38633,3.12807,15.65750543,50.35455168
12270,4.70448,3.11061,14.49578933,52.12320329
12271,4.82438,3.74997,21.15233602,47.9945243
12272,4.31293,2.89374,14.53028167,48.27652293
12273,6.07683,2.8273,14.87757564,49.84804928
12274,4.2762,1.41089,6.903848434,51.70157426
12275,3.19903,0.956371,4.613901077,52.53661875
12276,10.75828,5.03601,23.24617489,51.1430527
12277,14.62265,6.43739,31.09442585,50.27241615
12278,5.42035,2.00943,10.2107626,50.98151951
12279,3.0577,2.01793,10.75741279,49.67008898
12280,9.882,2.52446,15.72518627,46.86105407
12281,3.70768,1.55136,8.912890684,48.72005476
12282,28.55163,4.83685,24.53045138,49.30321697
12283,18.74278,9.74709,44.18243006,51.33744011
12284,1.73148,1.32106,7.155938811,49.5687885
12285,4.46258,16.098,46.83940668,50.49691992
12286,6.33475,2.14227,10.43146614,51.84941821
12287,12.3219,1.49829,8.903550491,47.54825462
12288,7.5405,2.20419,11.44068107,49.44558522
12289,11.81543,1.73944,10.27802859,47.52635181
12290,8.00955,2.51498,12.53316358,49.70020534
12291,3.4718,1.96466,10.55649197,49.86173854
12292,8.00123,1.98626,9.790987322,51.90691307
12293,4.91528,1.41976,7.07376171,51.89048597
12294,14.40808,1.9293,10.34287655,49.13620808
12295,6.1182,3.0921,13.53664163,52.42436687
12296,17.40498,5.42654,29.57403688,46.91854894
12297,4.67655,3.46421,17.27745991,50.17385352
12298,5.65118,3.75604,20.23538513,48.40520192
12299,8.0955,2.07686,10.13484391,51.24435318
12300,3.01578,1.11096,5.505901327,51.01437372
12301,2.6861,0.901192,4.262861552,52.40793977
12302,5.8341,4.35517,20.38532604,51.36755647
12303,8.71133,2.05585,12.1370351,47.43052704
12304,3.76343,2.31532,11.55834616,51.24161533
12305,3.21783,0.877279,5.096651541,48.44079398
12306,4.44638,3.20654,15.28650539,51.60301164
12307,3.18768,1.37623,7.401083309,49.64271047
12308,2.78465,3.57318,18.50922744,49.98767967
12309,6.88813,3.16798,15.93190322,50.90485969
12310,5.33375,4.16726,15.84833931,52.54209446
12311,12.38373,2.05196,10.97989428,49.51676934
12312,11.01123,1.53745,9.113894474,47.04722793
12313,5.81315,1.80294,10.17279733,49.229295
12314,5.5155,1.10711,5.54834705,51.80835044
12315,20.85663,3.03171,14.61479382,51.3155373
12316,6.9189,2.91764,13.38978251,52.41341547
12317,9.99173,1.68027,8.307852443,51.40588638
12318,16.37068,4.12196,15.65205303,51.17590691
12319,5.4627,3.59726,18.1331306,50.0752909
12320,6.75165,3.59496,20.55778772,47.18412047
12321,6.04478,1.17936,6.670959976,48.42162902
12322,12.26315,5.53935,25.46541889,51.15400411
12323,17.63275,4.26548,21.10516093,50.7816564
12324,3.85003,2.70784,15.01388555,48.39151266
12325,3.71195,0.870636,4.282146442,51.2991102
12326,3.44663,5.27513,23.99907976,51.24982888
12327,5.9432,2.25254,12.01672678,49.42915811
12328,4.23658,2.19538,10.01201089,52.3504449
12329,3.17925,2.18303,11.12355308,50.52703628
12330,13.66108,4.5275,22.24506744,50.26694045
12331,21.11425,12.5049,51.13222086,52.46817248
12332,4.01223,2.14019,10.44247761,51.20602327
12333,3.51798,1.79,7.981739854,52.44626968
12334,3.93373,1.51891,6.937250291,51.55373032
12335,4.20233,2.38132,12.68997925,49.60164271
12336,7.12788,2.02076,9.882978738,51.87953457
12337,2.08283,1.3775,6.492251747,52.57494867
12338,5.0528,1.40428,6.676459785,52.62696783
12339,2.12855,2.45606,12.45469648,50.36824093
12340,3.1333,4.68359,21.21918714,50.34086242
12341,7.10735,3.24494,16.21519079,50.12731006
12342,3.66868,1.54206,7.283963457,52.84599589
12343,5.93895,3.59703,17.90661907,50.6036961
12344,5.7502,2.92108,16.91499405,47.78918549
12345,9.58753,2.15252,10.98026172,50.42847365
12346,5.81668,3.02062,14.77682483,50.15742642
12347,3.55235,1.98642,9.89563778,50.70499658
12348,11.1791,1.35229,7.870013133,48.19986311
12349,4.44428,0.841514,4.862399984,46.89117043
12350,23.00485,6.74698,36.27882542,48.67351129
12351,7.93828,3.15378,14.68603057,51.11019849
12352,5.71038,1.75491,10.34883863,47.35386721
12353,2.12408,1.3097,7.830578081,47.64681725
12354,3.34433,2.06411,10.71634202,48.00273785
12355,9.63875,2.30176,13.48851831,47.78370979
12356,3.9322,3.01124,16.47939497,48.0054757
12357,18.53538,7.34637,35.75610651,49.50855578
12358,4.82148,5.50581,24.21338266,50.24503765
12359,6.8005,2.05812,12.08689676,47.06913073
12360,3.31093,1.59478,7.45718373,52.96919918
12361,8.80685,1.69709,8.153964472,51.20054757
12362,5.75918,2.13279,10.20742005,50.6255989
12363,15.05305,2.10804,11.80888379,50.17932923
12364,4.49525,3.05842,16.87303431,48.77481177
12365,6.29608,3.96325,22.3385879,47.10746064
12366,3.10865,1.82727,9.803764896,50.15195072
12367,6.15473,2.95355,14.85398809,50.13278576
12368,7.7545,2.35114,13.70092472,47.15947981
12369,5.94818,3.70195,19.12499268,49.50581793
12370,3.35965,2.64778,13.39476079,50.84736482
12371,21.15285,2.4726,13.73553558,48.01916496
12372,6.50088,1.48987,6.978202531,52.58590007
12373,16.05465,5.33864,24.5453862,50.19301848
12374,4.4417,2.31632,10.70541352,52.09034908
12375,4.58813,2.52019,13.31736046,49.83983573
12376,10.2194,4.44503,20.9309213,51.8329911
12377,8.0652,1.98823,11.16467126,48.19438741
12378,12.51615,2.10833,10.81650017,50.48870637
12379,7.21835,1.89347,10.15492295,49.13347023
12380,3.03983,3.71179,17.71519254,50.90212183
12381,6.2708,1.88583,9.732563706,50.80355921
12382,5.10623,3.04062,15.98050067,49.50308008
12383,6.86913,1.37784,8.496374986,47.62765229
12384,10.45435,2.70728,15.30499613,48.92813142
12385,2.5639,1.41952,7.724991234,48.33675565
12386,20.09283,3.2445,14.63186219,48.39698836
12387,3.2124,2.0274,9.448043422,52.72005476
12388,9.86093,2.92539,14.5971328,50.52977413
12389,10.00085,3.13742,13.33727356,51.816564
12390,3.50198,1.34597,7.189636994,49.78507871
12391,11.71813,4.11197,20.06102696,50.31895962
12392,5.2685,3.86932,19.99038287,49.35523614
12393,18.75343,2.76564,13.1469138,51.77549624
12394,23.28963,3.88369,18.31377087,52.07939767
12395,3.6707,1.94897,10.03200696,50.51334702
12396,3.50305,0.973825,5.482278226,47.94250513
12397,4.21443,2.69293,14.85292132,47.33744011
12398,5.63615,3.04712,15.99982112,49.8973306
12399,2.80525,1.75872,8.641716918,51.25256674
12400,2.92263,1.46051,7.197744471,51.25804244
12401,8.68488,4.95935,22.09548212,52.48186174
12402,3.4763,2.47809,14.54296442,47.40588638
12403,5.75128,1.33867,6.695839499,51.4880219
12404,3.15868,4.97405,26.75182892,48.12867899
12405,3.70763,1.44119,7.255290962,48.46269678
12406,8.60435,3.69157,17.6127823,51.01437372
12407,3.16405,0.826608,5.005477986,46.89117043
12408,3.53243,1.4792,6.918925497,52.91991786
12409,11.03935,3.45005,17.29429122,49.63175907
12410,2.902,2.58988,15.02668683,47.56194387
12411,4.65545,2.48006,14.54983918,47.94524298
12412,10.19325,1.97738,12.25485428,46.97878166
12413,1.8332,0.858873,4.131731411,52.72553046
12414,10.57443,2.65338,12.92881793,51.24161533
12415,5.82945,5.7562,26.43890876,52.49007529
12416,3.15758,4.48589,23.87983821,48.862423
12417,16.80593,1.96322,10.07719074,50.15195072
12418,8.9199,1.34419,6.315202943,52.6899384
12419,4.5932,5.99256,24.75151051,50.03696099
12420,7.20145,1.77993,9.60016529,49.09240246
12421,3.16648,3.61757,18.13597533,50.02600958
12422,9.58975,1.3936,6.61585521,51.08555784
12423,3.94975,1.60935,8.261222598,50.71594798
12424,3.48665,1.95827,9.049141336,52.05201916
12425,10.2534,2.58983,14.31977175,48.80219028
12426,3.16318,2.09709,10.69165214,50.71868583
12427,6.5569,2.74699,13.89685541,47.91238877
12428,3.3235,2.22179,12.43857635,48.85968515
12429,13.1117,2.0166,11.3086738,49.16358658
12430,9.6852,3.02633,11.99230953,50.31895962
12431,15.39005,2.46133,13.03940676,49.59616701
12432,2.85578,3.68984,17.43498676,51.65229295
12433,18.27073,2.71805,15.4789987,48.92813142
12434,3.91563,1.33983,6.809853856,51.55920602
12435,20.2623,5.48626,22.42072944,52.73648186
12436,5.81168,4.05227,19.14858022,51.35386721
12437,18.99768,6.55755,33.73137085,48.78028747
12438,6.38085,6.64325,31.6017358,49.045859
12439,12.98385,2.45302,11.42400385,52.53661875
12440,8.27998,4.8527,24.84064534,49.28405202
12441,14.0153,3.36873,17.69196059,49.98494182
12442,8.53215,2.33682,11.32452131,51.96714579
12443,7.61538,2.87359,13.83853847,51.95619439
12444,3.66875,2.0856,9.685080443,52.83778234
12445,8.78928,5.06403,23.62985768,50.28610541
12446,2.75333,1.77051,9.613049541,49.08145106
12447,4.83603,2.18344,12.82344444,47.94524298
12448,5.28768,1.69769,8.68727999,50.11088296
12449,11.32675,2.7652,16.79101129,46.86926762
12450,5.78065,2.4971,13.2292924,49.29500342
12451,6.3376,2.15417,9.981489323,52.39425051
12452,4.32808,1.14369,5.661910992,51.2881588
12453,13.20065,4.66574,22.67545119,50.71594798
12454,1.62718,0.663132,4.219728353,46.36276523
12455,9.1258,5.92521,26.59572443,51.90417522
12456,6.63103,2.0747,12.19973766,47.62217659
12457,3.61478,3.99317,19.73862437,50.2696783
12458,2.15233,2.74016,12.56884122,52.5229295
12459,2.02625,2.99158,13.64663781,52.82135524
12460,6.55263,3.94862,18.47888367,48.12867899
12461,4.43155,1.94516,10.40148981,49.42094456
12462,4.40318,2.40077,12.18077281,50.9650924
12463,14.21715,3.55883,17.10796149,51.10198494
12464,12.28495,5.02157,23.13440076,51.75085558
12465,10.6049,1.70474,8.978603917,49.60711841
12466,8.84548,2.6932,13.77832504,50.59548255
12467,5.49,3.86395,17.47019028,52.84873374
12468,3.36975,3.33348,15.92028724,51.8110883
12469,17.52733,10.6016,49.0458494,47.21423682
12470,10.55908,3.25959,14.90815647,49.11978097
12471,5.0351,2.08287,10.14531014,51.76180698
12472,8.0553,1.97205,9.185972788,52.07939767
12473,17.1052,2.48485,13.16232275,49.42642026
12474,12.64868,2.39516,11.10772928,52.36413415
12475,5.66,2.75404,13.25323553,51.73716632
12476,7.70633,5.67713,25.09548562,52.12594114
12477,2.00453,2.88392,13.22123234,52.49281314
12478,1.9047,1.07063,5.441859372,50.98151951
12479,5.26815,2.09177,10.12839586,51.67419576
12480,14.49245,3.68803,16.72522694,52.44626968
12481,3.54373,3.20315,14.55944014,52.10403833
12482,3.12458,2.80796,13.00029174,52.21081451
12483,4.64765,3.432,16.15983711,51.97535934
12484,12.68653,2.82132,16.40246876,46.89390828
12485,12.69718,2.82132,12.96757736,52.95550992
12486,3.24773,2.66877,12.87571633,51.70704997
12487,6.4253,3.72143,16.95968,52.23545517
12488,7.30123,2.68608,13.68350075,49.62080767
12489,7.7152,1.5742,7.789045042,50.61738535
12490,10.06628,1.6252,9.676166959,47.11019849
12491,3.78183,1.62968,8.784391916,49.60711841
12492,5.42728,4.32401,19.41065086,52.32580424
12493,3.75558,5.37998,30.19738806,48.75290897
12494,2.87698,2.02165,9.705882521,50.60095825
12495,3.60703,1.98766,9.703345972,51.86584531
12496,2.97033,1.22979,5.530579349,51.57563313
12497,19.9497,4.9011,23.84297527,50.31622177
12498,4.31538,2.87532,13.70519181,51.25804244
12499,3.19975,2.13177,9.65540044,51.11841205
12500,6.77205,1.64915,8.093051718,50.30800821
12501,4.54018,2.1891,12.87962783,47.71800137
12502,18.363,4.70546,23.93839221,49.94113621
12503,13.01238,3.29658,18.15636255,48.91991786
12504,8.65583,4.08465,21.5933875,49.89459274
12505,6.14665,1.86589,9.551935285,50.12183436
12506,2.56803,1.42188,7.0922643,48.35318275
12507,20.6384,2.22158,11.32544585,50.71868583
12508,6.77833,2.47485,14.3535529,48.54757016
12509,6.55125,3.02188,14.49199636,51.51266256
12510,16.2942,3.14717,14.36552447,50.98973306
12511,13.79525,3.42294,16.23688184,51.97535934
12512,2.33575,1.81472,8.885486463,51.31827515
12513,8.5157,6.19005,27.57324434,51.37850787
12514,24.50858,6.93092,29.8231877,51.45242984
12515,18.68648,4.2987,21.96260958,49.06776181
12516,3.31255,0.978517,4.886912063,51.15126626
12517,8.85843,3.52344,16.58773172,51.26078029
12518,9.67743,1.28345,6.683014514,50.66119097
12519,4.24573,1.94351,10.40148981,49.79055441
12520,4.23,1.29858,5.977047669,52.11772758
12521,3.51533,0.877014,4.577476696,49.98220397
12522,10.90038,2.49014,11.4829727,51.89869952
12523,2.7171,3.6222,18.83483035,49.47022587
12524,6.23115,2.7004,15.71522971,47.1211499
12525,8.848,5.69571,25.04641405,52.64613279
12526,8.82155,1.62128,10.1586448,46.48596851
12527,10.57953,2.50607,12.26848527,51.89322382
12528,8.516,2.94262,13.43328316,52.5338809
12529,10.47425,2.20913,10.76099241,51.95619439
12530,11.11385,1.69906,10.09935592,47.21423682
12531,2.94998,2.24767,10.92046316,50.19028063
12532,20.306,2.24548,11.97701911,49.3963039
12533,13.29743,6.84253,29.42575539,50.33538672
12534,18.81338,3.5306,16.02056393,52.61327858
12535,13.8783,2.93498,14.78713697,50.07802875
12536,2.24898,4.16517,21.26968108,49.06776181
12537,2.99268,2.60589,14.50989445,48.83504449
12538,16.01873,3.01152,16.99843943,47.58110883
12539,6.9002,2.21996,11.64823959,49.54962355
12540,11.66793,3.63994,18.05490056,51.816564
12541,3.9068,4.09292,16.94379693,50.21492129
12542,9.43348,4.51658,22.1812981,50.92676249
12543,18.5071,3.3052,14.31597877,50.04517454
12544,3.29118,2.00548,10.26962478,50.14099932
12545,4.5249,2.24579,11.13058193,51.91238877
12546,11.65498,2.58269,13.15295885,50.57357974
12547,6.3795,1.64771,8.476568562,49.96577687
12548,9.72905,1.87343,9.209667008,51.05544148
12549,6.50585,3.23977,17.80409031,48.82135524
12550,9.87133,2.76457,13.32364257,51.79466119
12551,7.20338,1.45205,8.698433697,47.62765229
12552,5.02495,2.65444,14.77220214,48.97467488
12553,4.3846,0.622631,3.15072671,51.30184805
12554,17.8352,3.77243,17.87852738,51.9835729
12555,13.17348,2.7056,13.45841159,51.20328542
12556,5.94098,1.93586,9.894452477,50.11088296
12557,3.24025,3.2342,16.04569237,50.36824093
12558,12.16023,2.75291,16.04830004,47.60027379
12559,4.01198,1.7096,9.206146656,49.54962355
12560,5.87335,2.49479,12.62277253,50.55167693
12561,10.15948,2.30376,13.48851831,47.69336071
12562,4.5049,2.03078,10.37862531,50.52977413
12563,17.2455,2.87549,15.15707023,49.98494182
12564,8.8335,3.53833,17.63222128,50.54346338
12565,10.47008,2.95479,17.07880302,47.58110883
12566,8.96068,2.75381,13.99464296,49.11156742
12567,8.68865,1.45086,7.119455166,51.24982888
12568,6.77948,2.64388,13.38243363,50.15195072
12569,6.2022,2.74365,13.80108287,51.09650924
12570,7.16605,2.08957,10.25434622,51.59479808
12571,7.6789,2.21589,11.79575063,49.67830253
12572,7.54425,2.89165,14.59476219,50.51060917
12573,6.87503,3.56689,16.25596523,50.34360027
12574,5.49855,3.09186,16.25359463,49.8973306
12575,13.96273,1.43239,8.551645695,47.92881588
12576,9.3327,3.30334,15.04624434,52.85420945
12577,7.4556,1.63508,8.447030796,50.00410678
12578,10.34793,2.91179,14.81143569,49.53319644
12579,9.56315,4.51331,22.1812981,50.34633812
12580,4.0221,1.20831,6.899130926,48.48733744
12581,12.50003,5.55125,25.49327352,51.49623546
12582,9.94798,9.38015,40.4580875,50.63381246
12583,2.68955,1.76946,8.678805069,51.15126626
12584,2.51258,1.55396,8.537445757,49.17727584
12585,7.5101,1.42945,6.694132662,52.28747433
12586,10.57165,1.63115,9.253262475,48.72553046
12587,3.2746,2.6304,14.59428807,48.10951403
12588,8.63828,4.08242,22.63218761,48.47091034
12589,14.09465,3.80131,18.02230471,51.02532512
12590,10.7043,6.70399,29.04740647,51.4661191
12591,3.85585,2.83209,13.31878283,51.96988364
12592,2.15083,1.10002,5.377367001,51.09924709
12593,4.59475,4.88518,22.71515886,52.76112252
12594,1.80023,1.55114,7.693722924,51.24709103
12595,13.20065,1.96466,9.576068067,51.8110883
12596,10.44003,2.2614,13.10139814,47.41136208
12597,3.60078,2.64712,14.73711715,48.52566735
12598,15.43148,5.66978,25.21437158,52.41889117
12599,6.44515,2.01499,9.90523874,50.71594798
12600,2.68823,2.72752,12.63616646,51.8384668
12601,4.55685,2.31711,10.70541352,52.10130048
12602,3.40475,1.77803,8.290629981,52.81861739
12603,9.04203,2.69944,13.02447193,51.4770705
12604,9.03625,7.91566,33.82726191,51.20876112
12605,5.8792,3.76058,15.94387479,52.12594114
12606,3.19373,4.06592,23.07146113,46.58453114
12607,4.02948,3.29085,15.77129458,51.2936345
12608,5.47478,3.33891,16.56710744,50.09445585
12609,6.31133,4.96272,24.48825457,48.99931554
12610,3.65843,2.91463,13.91629439,51.45790554
12611,3.2863,2.60053,12.02111241,52.3613963
12612,4.7659,0.738713,3.940968644,49.51676934
12613,7.90823,1.06507,5.55607523,49.11704312
12614,4.60365,1.49726,8.90440391,47.96167009
12615,4.20788,5.35589,28.29592397,47.35934292
12616,2.4724,1.53265,8.417860473,49.79603012
12617,4.37645,1.80979,10.30582396,47.36755647
12618,2.40023,1.39693,6.572710158,52.40246407
12619,16.59853,2.78933,13.98717555,50.16290212
12620,10.5202,5.52039,22.56747003,52.84325804
12621,3.76593,1.51094,7.098451585,52.07665982
12622,12.13973,3.44116,15.65039361,52.09308693
12623,6.98288,2.47719,11.97867854,51.6495551
12624,12.04808,4.80666,22.68185183,51.03080082
12625,17.1052,3.83803,20.79247784,48.09034908
12626,16.31378,2.10132,10.71947122,50.22587269
12627,8.5501,1.60547,7.89264058,51.51813826
12628,17.84835,7.13107,37.36669709,48.72005476
12629,1.91395,1.16386,5.796537778,51.70431211
12630,7.80068,1.89922,9.725202971,50.05338809
12631,7.29668,2.57703,13.55999211,49.62354552
12632,15.28238,4.1093,18.66639871,52.32854209
12633,7.9992,9.23229,38.21750804,52.95003422
12634,6.73255,3.73838,19.25525755,49.50581793
12635,10.05913,5.19302,24.04578072,51.24709103
12636,6.3207,6.0233,27.90655172,51.60848734
12637,17.79283,3.96633,17.95379416,52.89253936
12638,9.13713,1.36052,7.743849414,48.85147159
12639,10.0092,2.35963,12.63379585,49.15811088
12640,4.2517,1.3913,6.690873077,52.09308693
12641,8.0729,3.44183,17.01633751,50.16016427
12642,7.5659,1.47262,7.94319378,50.15468857
12643,4.27983,2.05536,9.537711642,52.38056126
12644,6.54725,3.63992,17.27828962,51.50718686
12645,2.51695,1.42784,7.327120362,50.7926078
12646,21.5865,1.61234,7.572395244,52.21629021
12647,3.06465,2.12247,9.854045476,52.59958932
12648,5.69998,3.92307,20.18714327,49.76043806
12649,2.66908,1.22565,6.418881452,50.22039699
12650,3.95783,2.04412,10.19479656,51.37029432
12651,13.9866,3.27326,16.28299016,50.56262834
12652,3.55255,1.82211,8.889623173,51.18412047
12653,4.6298,2.27291,11.05584854,50.99520876
12654,5.8592,2.93302,14.71530757,50.90759754
12655,2.8314,1.22351,6.352172563,50.32443532
12656,5.77743,2.48497,12.09554947,51.65229295
12657,6.84798,1.91892,9.76076208,50.83915127
12658,3.0683,2.48197,13.14489878,49.17180014
12659,5.1363,2.79445,14.06220527,50.45037645
12660,2.39398,2.31151,13.29424704,47.90691307
12661,5.13343,2.52364,12.42186356,51.93976728
12662,15.9579,2.0321,10.39327566,50.97878166
12663,14.70238,4.33172,19.41231028,52.58042437
12664,4.93123,2.33275,13.4939707,47.18685832
12665,8.27998,3.42779,15.51289838,52.45722108
12666,10.35608,4.19501,17.15146213,52.8733744
12667,2.461,1.60549,7.516034056,52.38877481
12668,3.9773,6.7321,32.44579052,49.61806982
12669,24.966,8.17896,35.75717329,52.0109514
12670,2.97033,1.22979,6.322812592,50.36550308
12671,2.63615,1.39333,7.212643737,50.4421629
12672,6.67895,2.53087,15.03545808,47.25530459
12673,3.22798,3.20707,16.04569237,49.52224504
12674,9.61605,2.39837,10.33028862,50.27789185
12675,8.90433,7.12831,33.26756153,51.05270363
12676,4.7649,1.33691,6.935045626,50.09993155
12677,16.82048,8.34513,36.08834712,52.84599589
12678,6.79573,1.66098,8.95624909,50.35455168
12679,4.8999,1.57058,8.890737359,48
12680,16.12235,4.7549,23.24913815,50.91581109
12681,14.08765,2.70195,14.3055481,49.10061602
12682,12.2381,3.5002,16.2839384,51.83025325
12683,18.5463,3.63758,17.49010338,51.17316906
12684,23.11213,10.8188,48.40732633,50.39561944
12685,6.72735,2.56319,11.20038446,51.57837098
12686,6.70318,3.1281,15.71902269,49.94387406
12687,3.50115,2.56477,11.84842552,52.57768652
12688,20.20278,6.67463,31.64156201,50.10540726
12689,7.75743,3.10532,17.98520471,47.21697467
12690,4.02683,0.895821,4.477152596,51.76454483
12691,4.88925,0.944091,4.916343152,50.32717317
12692,4.84918,4.33285,24.12128456,48.91991786
12693,16.16573,2.74792,15.1159402,48.0054757
12694,2.69433,1.01405,5.403384416,49.87268994
12695,9.35443,3.75432,19.21400898,50.29979466
12696,5.59605,1.96112,9.205767359,50.45585216
12697,17.0879,2.43919,11.85410312,51.51813826
12698,6.65918,1.27322,7.669566436,47.85215606
12699,5.59825,1.34767,7.499096067,48.00273785
12700,7.48663,2.4476,11.86832677,51.64134155
12701,7.69213,1.88352,9.055707919,51.26899384
12702,6.76525,2.73065,13.16777514,50.93497604
12703,6.22338,1.16547,6.682149242,48.93634497
12704,13.98353,1.2807,7.998962316,47.41409993
12705,8.57725,2.47102,13.67330714,48.29568789
12706,2.45988,3.4004,16.69251256,50.7871321
12707,5.88463,2.69959,13.64379308,50.7761807
12708,4.10945,2.2157,10.29698159,51.85215606
12709,5.7323,1.28661,6.058240968,52.11772758
12710,15.4305,4.96035,25.17170065,49.28405202
12711,7.38988,2.69703,12.99815819,51.37303217
12712,3.1753,2.45911,13.09523456,49.13894593
12713,3.56453,1.77821,9.593302382,49.71115674
12714,4.49525,1.57564,8.135817473,50.52429843
12715,13.73263,13.1928,49.17303248,49.63449692
12716,2.43883,2.08688,10.80067637,50.9486653
12717,19.74338,2.18621,12.85058789,47.27994524
12718,11.00023,1.71312,10.62195629,46.92128679
12719,4.3742,2.40077,12.18077281,50.0807666
12720,12.68718,2.84458,13.69902823,51.45516769
12721,3.61518,1.1209,5.848169605,49.36618754
12722,5.80555,1.16639,7.014532088,47.61943874
12723,21.15818,1.9104,10.24194794,49.59342916
12724,8.24793,3.57347,17.00744774,49.60711841
12725,3.9349,5.23418,24.12365517,51.51813826
12726,3.3158,1.39633,8.759785013,46.48049281
12727,8.51638,4.09951,21.27608172,49.89459274
12728,20.32555,1.57765,9.600568293,46.91581109
12729,5.87093,1.3689,6.494456412,48.21902806
12730,3.79313,2.45537,10.582379,52.99110198
12731,2.2621,1.3687,6.75221254,51.27720739
12732,3.5778,1.27254,6.394582728,51.26625599
12733,7.86913,2.46203,13.04948184,49.01848049
12734,7.07168,1.88309,8.803060449,52.5119781
12735,5.86638,3.00909,14.96836989,50.15195072
12736,2.6439,2.3108,11.76801452,50.39835729
12737,2.0653,1.3336,6.549916769,51.84394251
12738,3.39448,2.12397,11.26823124,49.66187543
12739,3.08113,1.71917,9.643428873,48.05749487
12740,10.48433,2.95557,16.28085661,48.00821355
12741,7.81045,4.21617,18.88485016,52.82409309
12742,10.16603,2.33423,12.41937443,49.10882957
12743,2.73773,1.49298,8.333016439,48.01916496
12744,5.00465,2.10453,10.14531014,51.47980835
12745,20.55645,3.20661,15.97895977,50.5927447
12746,9.6722,2.22219,11.87757214,49.63997262
12747,7.93033,1.82974,10.91218974,47.35934292
12748,12.0118,3.54331,18.53696355,49.3853525
12749,3.32368,1.37192,6.778846313,51.56194387
12750,8.54628,1.76909,10.01598166,48.08761123
12751,5.62605,1.52958,6.720790141,52.97467488
12752,3.0242,3.50664,15.8556882,52.05201916
12753,21.50825,1.67987,10.59193255,46.92128679
12754,12.0897,6.70386,28.54460067,51.66872005
12755,3.79313,1.30534,6.921497605,49.76865161
12756,8.92368,1.34419,6.918285433,48.76659822
12757,7.91333,4.20339,20.48548419,50.87200548
12758,3.0967,1.9494,10.47916276,49.42094456
12759,4.3539,1.80822,8.333964682,52.1670089
12760,3.998,2.8195,13.62945091,51.68788501
12761,15.6708,4.13258,18.6784888,52.41341547
12762,16.504,5.35792,24.51919099,51.2991102
12763,2.68228,2.50687,12.0238386,51.79466119
12764,4.25625,1.1799,6.13386334,50.71594798
12765,9.38593,3.20029,15.34233319,51.90143737
12766,21.15103,12.5049,51.81329633,51.02258727
12767,4.84303,2.65486,14.72407881,47.07734428
12768,7.41268,2.98934,15.73253515,49.88364134
12769,2.8484,2.55711,12.28567218,51.74811773
12770,7.73323,2.75444,11.22529955,52.32032854
12771,4.27368,3.19828,18.22925872,47.21149897
12772,7.34073,3.25926,15.55023545,51.17864476
12773,3.68263,0.987104,4.326998332,52.25188227
12774,2.94335,1.29811,6.457024523,51.321013
12775,2.30738,1.0196,5.321468082,49.93292266
12776,3.51103,2.12895,12.58270927,47.87953457
12777,6.22678,2.16216,10.03393901,52.07118412
12778,4.5431,2.16325,11.05877624,50.00958248
12779,4.86253,1.14474,6.889624791,46.79534565
12780,21.69855,1.3406,7.802759005,48.22176591
12781,22.30033,4.94536,28.55716489,47.69883641
12782,6.17778,3.63828,17.34466662,51.56194387
12783,6.7695,1.86713,9.135929269,51.31279945
12784,25.23025,14.1723,65.37056224,47.03627652
12785,4.2954,1.59979,7.885007224,51.25530459
12786,7.90053,1.61201,8.050783791,51.53730322
12787,4.31758,2.1919,11.70323768,49.02395619
12788,4.70448,2.0208,10.34743997,50.91854894
12789,16.07918,2.14533,11.47742548,49.81793292
12790,3.74078,2.2078,11.80326545,49.70294319
12791,3.20513,2.70596,13.12380038,51.70978782
12792,3.93375,1.51891,6.937250291,51.52087611
12793,3.4136,1.2957,6.2921962,51.54551677
12794,7.7955,2.10217,11.23971284,49.48117728
12795,15.46545,3.29732,15.78042141,50.40930869
12796,3.43723,2.10564,10.76197621,50.38193018
12797,18.45973,3.53808,17.66789892,50.69678303
12798,6.77715,1.53718,8.306667139,49.90554415
12799,7.15735,2.29956,12.20850891,49.97946612
12800,4.2355,1.49906,6.841774083,52.85968515
12801,6.086,1.5708,8.09469929,50.47227926
12802,16.6972,4.97756,22.63989208,51.95071869
12803,3.5808,1.83115,9.442685849,50.40109514
12804,5.50578,2.62234,13.27113362,51.59206023
12805,12.81915,7.1281,34.80928597,49.16358658
12806,10.50738,3.44285,15.29219485,47.21149897
12807,9.28295,1.57383,7.682498098,51.24709103
12808,12.6798,4.11729,21.99556102,49.69472964
12809,7.64185,2.80894,13.50973524,51.04996578
12810,2.92918,1.31735,7.153485233,49.5687885
12811,6.4253,3.72143,17.71317752,51.57289528
12812,4.09383,1.74237,10.32175444,47.86036961
12813,3.46553,1.32531,7.284935406,49.46748802
12814,10.272,2.64345,13.30894481,50.68035592
12815,6.98745,1.99363,9.033613859,49.28952772
12816,9.7422,2.42215,12.85366968,49.7522245
12817,3.9273,2.50967,12.14924373,51.35660507
12818,25.03555,8.17896,32.4718672,52.0109514
12819,11.66133,3.02066,17.48820689,47.37577002
12820,19.43175,2.07172,12.15920028,47.07186858
12821,4.79083,4.51826,22.1812981,49.96303901
12822,5.23025,2.37697,11.5077574,51.77275838
12823,5.38743,2.83695,14.91858714,49.80150582
12824,4.67728,3.27236,14.78915198,52.61327858
12825,9.0737,1.14287,5.847505835,49.08418891
12826,5.57703,1.49197,7.345942984,51.02258727
12827,6.49615,1.60507,9.55987682,47.60848734
12828,4.64703,1.92309,8.970389763,50.72142368
12829,3.3964,2.03815,9.501393938,52.81587953
12830,2.8727,0.820918,4.945679417,47.11293634
12831,5.6846,1.69941,10.08150524,46.99247091
12832,5.9719,1.5017,8.928655222,47.44969199
12833,2.8446,0.883931,5.287995107,48.54757016
12834,6.19993,2.33293,12.22794789,49.76865161
12835,5.99145,3.72003,16.98054134,51.07460643
12836,10.50308,3.12372,16.39097132,49.35797399
12837,4.93418,1.49487,8.90440391,47.96167009
12838,9.74305,2.34022,12.92905499,48.44353183
12839,19.10005,2.84057,12.64434506,52.47638604
12840,7.35338,5.35854,23.5464123,51.1321013
12841,3.93185,1.09586,6.597992684,47.93429158
12842,10.84868,1.44399,7.833363545,49.66461328
12843,8.17123,2.13987,10.91421661,50.45859001
12844,6.90288,1.99004,9.284270018,52
12845,10.33728,2.51953,12.21206482,51.4934976
12846,2.92803,1.80456,8.830998055,51.3045859
12847,4.27853,2.81777,13.63276976,51.67693361
12848,13.68125,2.20764,13.48271032,46.90759754
12849,9.21283,3.64807,17.90389288,51.816564
12850,4.0301,1.68805,7.928733075,52.1889117
12851,4.1938,3.33893,15.89563293,51.41957563
12852,9.1258,5.94758,26.76214106,52.88158795
12853,2.64413,2.46385,13.09523456,49.9247091
12854,5.27965,3.34415,13.08634478,51.53730322
12855,11.07543,5.35,21.85391724,50.36276523
12856,5.84535,2.98926,16.56201063,47.40862423
12857,12.93035,3.61667,20.52365097,47.50718686
12858,12.02878,5.33445,21.85391724,50.50239562
12859,3.60735,0.882423,4.567413468,51.86310746
12860,27.425,2.73068,13.77702121,50.23682409
12861,5.39495,2.55493,14.11992955,48.20260096
12862,4.16615,1.56334,8.22496416,49.31416838
12863,17.89065,3.72089,18.34126992,50.35728953
12864,7.7025,1.5721,8.496706871,49.87542779
12865,3.85225,1.6516,9.932548136,46.60643395
12866,8.75578,2.56212,12.93201825,50.85284052
12867,10.7199,5.07492,25.52812145,49.86995209
12868,4.66933,1.54732,7.58729451,51.49075975
12869,8.67868,1.36261,8.232348601,47.37577002
12870,4.52063,1.82352,10.28222456,48.94455852
12871,14.98125,2.42181,12.97717832,49.02121834
12872,2.6952,3.01458,14.36552447,50.92950034
12873,9.53718,3.04566,14.60756347,51.63039014
12874,4.98708,1.36281,7.007835122,50.15742642
12875,6.15003,3.83752,19.73269786,49.17453799
12876,4.58383,5.2954,24.39686766,51.07186858
12877,30.69898,4.69698,21.85865845,51.46338125
12878,2.56833,2.23915,9.443918565,51.23613963
12879,2.58293,1.47717,8.002613051,49.79329227
12880,6.01915,1.16861,5.742724993,51.22792608
12881,4.2739,3.19828,15.20306001,51.6659822
12882,2.73968,0.748216,3.759700159,52.94729637
12883,9.09955,1.95125,11.19813239,48.48186174
12884,3.3319,2.86335,13.19562978,52.77481177
12885,17.0677,3.30436,16.58417581,50.27789185
12886,13.79688,1.66154,7.793561049,52.14236824
12887,14.907,3.38136,18.89883675,47.79192334
12888,15.75725,6.38829,34.32200765,47.68788501
12889,5.29688,3.95696,17.81167625,49.67830253
12890,8.71308,3.42871,17.07394327,48.87063655
12891,9.05403,1.69213,9.587660337,48.76659822
12892,21.35585,5.97274,26.21808669,52.88158795
12893,18.70268,4.67255,23.74921775,49.96030116
12894,4.42918,2.62755,13.83818288,49.87268994
12895,5.84998,4.75481,22.03076454,49.35523614
12896,4.17268,1.95942,10.00647552,50.10814511
12897,4.72855,2.72184,12.45197028,50.29705681
12898,9.9379,2.90096,11.83848082,51.36755647
12899,10.55425,1.84491,8.829706074,52.13963039
12900,7.1724,1.88493,9.678193829,50.4257358
12901,4.2062,1.94146,9.979592837,50.75154004
12902,3.3335,1.76168,10.96959399,46.77344285
12903,4.63623,4.93919,22.04996646,52.5065024
12904,3.82218,4.36698,23.20314837,47.14852841
12905,5.9944,3.22477,15.45861148,51.02258727
12906,2.22783,1.14591,6.229635874,49.5687885
12907,6.6765,2.38261,12.65050864,49.9247091
12908,6.36923,2.25732,10.89685191,52.63244353
12909,5.32758,1.34642,6.65524285,51.12388775
12910,10.7623,2.81901,14.19341838,50.64202601
12911,4.16978,2.12996,10.90782782,50.54346338
12912,4.03305,2.68946,15.69863546,47.44695414
12913,11.67628,2.28853,11.56458086,50.10540726
12914,3.72045,1.72617,8.092625009,52.38877481
12915,12.29628,3.96027,19.59970679,50.86105407
12916,7.4197,1.59241,7.832059711,51.321013
12917,4.32565,2.17844,11.15561554,50.54072553
12918,5.84175,3.21547,14.6994245,52.49828884
12919,5.15973,1.25549,6.502149032,50.34086242
12920,5.00243,3.05649,13.9065749,52.15605749
12921,2.70825,1.22857,6.052350009,51.6550308
12922,5.08858,3.17454,15.88484666,50.26694045
12923,10.38913,5.02571,18.43562009,48.22997947
12924,3.44175,1.50358,7.469179003,51.00616016
12925,12.2768,1.74763,9.394147665,49.93566051
12926,3.6156,2.81045,13.51898061,51.86858316
12927,6.12095,5.12727,22.60895566,51.97262149
12928,3.37303,2.11284,9.734246837,52.73648186
12929,6.86845,3.77999,21.37552869,47.55646817
12930,3.6519,4.39802,17.45181807,50.21492129
12931,5.068,1.90303,11.80573088,46.69952088
12932,6.07683,2.27694,10.98983898,50.72963723
12933,4.0787,1.02744,5.326707124,50.0698152
12934,4.0552,5.01823,24.33072772,50.98973306
12935,5.62838,2.98632,13.67152919,52.23545517
12936,9.94058,3.22863,16.14371698,50.62833676
12937,3.31805,2.24985,13.81092089,47.89596167
12938,28.95948,6.88728,32.26586143,50.26694045
12939,17.6211,4.40195,22.5392598,49.40451745
12940,6.86845,4.05126,20.84806858,49.16906229
12941,4.12028,2.84029,11.07962573,52.02737851
12942,4.78725,0.929975,4.665995171,50.14921287
12943,2.9044,2.0411,9.944401172,51.6605065
12944,4.12848,1.3817,7.34011129,50.56262834
12945,8.5955,2.90172,12.69069043,52.55578371
12946,2.92158,1.46051,7.197448145,51.44421629
12947,3.98348,7.46632,31.8667697,52.862423
12948,9.635,5.12825,22.88193108,52.27926078
12949,6.097,4.73166,24.72448558,48.59958932
12950,5.85873,1.38425,6.743536118,51.17316906
12951,3.93373,1.63703,9.033388651,48.45722108
12952,19.35955,6.85322,31.0231891,51.25804244
12953,13.01763,5.28648,22.90077741,52.12046543
12954,9.74305,3.12841,14.90175583,51.18685832
12955,4.55855,2.13844,9.874823849,52.84052019
12956,4.21768,0.952657,5.585162581,47.96714579
12957,18.65645,4.43025,24.85522457,47.8384668
12958,3.06575,0.986512,5.13302851,50.45859001
12959,3.4908,0.957396,4.836157361,51.61122519
12960,11.936,4.91515,21.94968977,48.13689254
12961,3.5475,1.23425,6.708972664,49.43463381
12962,10.2627,2.00059,10.5644335,49.50308008
12963,2.41543,1.67131,7.829155717,52.27926078
12964,10.614,2.72312,14.61574206,49.10061602
12965,8.89665,1.95768,10.16670487,50.15195072
12966,5.6106,5.03932,22.9210461,51.92607803
12967,5.1795,1.81467,10.26922178,48.79397673
12968,4.4731,1.17396,6.74198337,48.44900753
12969,3.2684,2.82672,14.9469159,49.62902122
12970,8.6979,3.97725,18.97991152,51.11019849
12971,3.58943,1.55265,7.277539111,52.8733744
12972,11.28158,12.3562,48.6507877,51.9890486
12973,9.1591,5.90105,26.10974994,52.05749487
12974,5.9104,3.50133,17.45987813,50.07802875
12975,4.4373,2.65269,15.47141276,47.87679671
12976,3.16318,2.28435,12.08179995,49.5687885
12977,12.76138,3.35106,17.5409529,49.09787817
12978,11.9853,6.11474,27.92765013,51.95071869
12979,3.51533,1.39996,8.796197541,46.93223819
12980,6.73603,3.73838,20.05332249,47.18412047
12981,3.64678,2.4179,14.06184967,47.38398357
12982,4.5318,3.11363,16.26935916,49.10609172
12983,4.95968,0.812499,4.922755645,47.39767283
12984,12.48823,2.71613,11.83852823,52.09582478
12985,7.78923,2.45802,12.45007379,50.47775496
12986,2.13683,1.36226,6.807459543,50.67761807
12987,4.14218,2.80209,14.85718841,49.65639973
12988,11.06995,2.18961,10.76099241,51.92060233
12989,7.93353,4.15348,23.11294676,47.78097194
12990,12.70935,2.31813,11.27192939,51.80835044
12991,10.12578,9.34229,38.17211091,52.30937714
12992,1.77005,3.65025,18.25818013,50.01232033
12993,4.37608,2.18027,11.58897441,49.25393566
12994,2.69588,3.60509,16.10104605,52.13415469
12995,17.71233,1.93218,10.88567449,48.32032854
12996,18.67648,4.43025,21.75624822,50.89390828
12997,6.23053,3.52083,16.75770426,51.44969199
12998,9.51273,3.11751,14.85612164,51.33744011
12999,18.24555,4.37169,20.73167176,49.07597536
13000,16.54043,4.47262,20.10156435,52.82135524
13001,6.0145,3.27523,17.95426828,46.71868583
13002,4.08265,0.422537,2.418493537,50.68583162
13003,7.2473,1.96569,9.02585012,52.61875428
13004,11.29018,3.42755,15.43561659,52.47638604
13005,4.4912,5.9592,28.19434344,50.86652977
13006,4.86253,1.14474,6.889624791,46.98425736
13007,6.8498,1.90489,9.758877447,50.42299795
13008,5.1795,2.3749,12.64197445,49.12799452
13009,5.3687,2.30455,11.5294129,51.76454483
13010,3.43613,2.85937,13.75533015,51.94250513
13011,17.21895,4.49005,20.88742066,51.46338125
13012,4.5863,2.78947,14.71293696,49.35797399
13013,10.92855,1.96548,12.24311978,47.22245038
13014,4.5599,1.30866,6.465333502,51.40862423
13015,5.85873,1.94133,10.03032383,50.4476386
13016,2.3515,0.853937,4.037132328,52.87063655
13017,3.98115,1.45587,7.528444185,50.6201232
13018,2.93653,4.08706,20.34549983,50.43394935
13019,5.57123,2.49251,11.5536168,52.91718001
13020,7.1766,5.30721,24.44996926,49.62902122
13021,4.94473,3.11976,17.1326158,48.11772758
13022,11.2998,1.42163,7.049225925,51.6495551
13023,9.9262,1.3927,7.585196523,49.47022587
13024,1.7989,0.983057,4.823225699,52.72553046
13025,11.25298,5.09164,23.45395862,51.06091718
13026,3.8089,3.40309,17.65486058,49.75770021
13027,4.02675,1.20831,6.01479959,51.67693361
13028,3.21048,1.61103,8.300373177,50.41752225
13029,19.8632,2.98505,14.45667431,51.69062286
13030,8.06495,2.11622,10.3132321,51.34839151
13031,2.39403,0.865352,4.7244662,49.47022587
13032,5.30278,1.60392,7.511932905,52.38877481
13033,15.05305,3.30475,15.84146455,50.33538672
13034,7.7438,1.91015,11.83518568,46.95140315
13035,13.41098,5.98088,27.40184943,51.23613963
13036,6.6291,5.21415,25.27114762,49.76317591
13037,5.70358,2.52348,12.54679457,50.23408624
13038,3.79155,2.46554,10.07695368,51.74264203
13039,5.67008,2.10043,10.20742005,51.67419576
13040,14.71558,2.93638,14.7634309,50.08350445
13041,15.87693,1.41163,7.291513841,50.29705681
13042,2.16455,0.857097,4.680384758,49.77412731
13043,14.0997,2.73979,13.82443336,50.89938398
13044,11.4507,8.16403,32.4718672,50.96235455
13045,11.6171,2.77803,13.40459881,50.94592745
13046,10.61633,3.35182,17.44861775,49.85078713
13047,16.60545,4.87186,27.00749892,47.30732375
13048,3.776,5.29694,23.99907976,52.21902806
13049,7.95008,1.49021,7.684975383,50.71321013
13050,3.4339,0.686935,3.725290795,50.95687885
13051,15.98725,2.0321,12.52711853,46.74332649
13052,8.3832,3.82632,21.78931819,47.59479808
13053,2.9828,2.57981,15.02123444,47.25530459
13054,3.04573,3.49343,16.03834349,52.78850103
13055,5.17823,1.81467,9.310358551,50.93771389
13056,2.979,0.616887,3.405993701,48.43258042
13057,2.62235,1.73059,8.177326807,51.73716632
13058,2.3961,1.12826,5.539089829,51.34839151
13059,12.71325,2.71856,12.52486645,51.99726215
13060,6.87075,3.73607,16.93952984,52.25462012
13061,2.42395,0.996708,4.874940496,51.15126626
13062,11.16885,2.3473,13.55987358,47.51813826
13063,4.17645,4.83679,22.26782527,51.73716632
13064,6.17778,2.65155,13.31368602,50.4366872
13065,8.77963,3.24399,15.46204886,51.01163587
13066,4.37795,3.133,16.56639625,48.18617385
13067,11.01915,2.40793,12.22771083,50.17111567
13068,8.11263,2.72208,15.93202175,46.78986995
13069,11.04843,1.85139,8.72729584,52.00821355
13070,10.00608,2.63211,13.98978321,49.23750856
13071,13.9571,1.67208,9.016984049,49.62354552
13072,4.29708,4.46333,24.87418943,47.35386721
13073,5.36133,3.30926,15.36686898,48.78576318
13074,9.6241,1.72881,10.36212588,47.95619439
13075,9.29138,1.67232,8.284075252,49.0568104
13076,7.58943,1.8507,8.667307623,52.21902806
13077,2.96623,6.52606,28.66834637,51.9945243
13078,11.28158,12.7559,47.34991696,50.51608487
13079,8.03195,1.97205,9.566490814,51.08555784
13080,10.70213,4.12725,22.13673069,48.79945243
13081,16.31378,2.66095,14.91349034,48.84052019
13082,6.7695,1.24973,7.464449642,47.95619439
13083,4.62688,1.2512,6.820711237,49.25119781
13084,9.7148,1.87343,11.11465145,47.50718686
13085,11.9877,1.54062,8.77054757,47.84120465
13086,5.03063,5.70589,25.23950001,52.1670089
13087,7.55238,3.01752,18.27192966,47.37577002
13088,7.67925,3.99685,17.98354528,52.19438741
13089,5.93223,2.05021,10.46438202,50.97878166
13090,3.33905,2.65955,9.389121978,51.16221766
13091,4.7107,2.38461,13.82229981,47.38672142
13092,10.16058,2.30376,11.56928651,50.59000684
13093,5.5125,2.62234,13.1680122,50.17932923
13094,3.36388,1.70712,7.925959465,52.22450376
13095,4.2938,2.55261,14.21167205,48.60232717
13096,12.75128,1.84369,9.453780291,50.06707734
13097,2.99228,2.6602,11.3272238,52.54483231
13098,6.11185,2.90958,15.38109262,49.0403833
13099,16.2491,9.25756,40.40640827,50.11088296
13100,5.80275,2.14481,10.03393901,52.23819302
13101,4.15193,2.64413,11.35816023,52.06023272
13102,6.28323,2.32399,11.7540635,50.82546201
13103,9.6241,2.46111,12.50139744,50.4312115
13104,3.81763,1.8503,8.677382704,52.10130048
13105,6.02265,1.3348,6.172219766,52.41067762
13106,7.76005,2.46528,11.86832677,51.35660507
13107,3.72443,4.86121,20.96754718,51.71800137
13108,10.45435,1.6543,8.941420942,49.30321697
13109,10.7222,2.6944,13.04438503,51.79466119
13110,7.22705,1.1064,4.783695822,52.31211499
13111,2.84033,2.30497,11.74068142,50.02600958
13112,20.66903,4.72494,23.03779851,50.52429843
13113,3.28515,1.02772,5.398500965,50.15742642
13114,2.68103,1.72855,9.344175264,49.64818617
13115,19.69063,3.53753,15.96876616,52.75017112
13116,10.3833,2.57963,15.02218268,47.44695414
13117,3.75008,1.01785,5.818691103,48.12046543
13118,9.6267,6.86279,32.73322665,50.18480493
13119,4.4103,3.7174,17.53941201,51.1211499
13120,15.6203,3.44525,19.65292692,47.79192334
13121,3.56318,4.08323,19.05102973,51.3100616
13122,4.35088,1.84518,9.035166607,49.33059548
13123,3.04455,2.20346,10.70236729,51.26625599
13124,11.87785,4.37711,18.20555265,52.8733744
13125,8.11263,2.72208,14.05936054,50.22861054
13126,15.035,3.07896,15.21171273,48.88980151
13127,6.01068,2.80959,12.90926042,52.00821355
13128,9.94058,0.875351,5.253893921,49.93839836
13129,17.88388,3.25436,15.56149583,51.3100616
13130,7.03003,1.69487,8.720764817,50.46132786
13131,9.08078,1.54771,7.860139554,50.30800821
13132,4.27255,1.76475,9.050362199,51.84941821
13133,18.6374,1.6384,9.716739903,47.57015743
13134,4.66398,2.48297,12.03557311,51.73990418
13135,5.63688,1.9723,10.08775179,50.4476386
13136,2.9816,2.53383,14.68911236,47.59479808
13137,12.82153,2.08419,9.626194558,52.94182067
13138,22.9042,6.36676,34.32200765,47.83025325
13139,2.69675,2.67598,13.49752661,50.19301848
13140,8.0462,3.60698,15.71096262,50.06160164
13141,6.89608,3.1568,15.48765142,50.46406571
13142,4.93193,3.50293,16.71811512,51.11293634
13143,12.68413,2.84458,13.12332626,52.63791923
13144,5.48333,2.92242,15.38132968,49.68651608
13145,2.75398,3.00474,13.68942727,52.40520192
13146,13.8087,3.00749,14.98638651,50.11635866
13147,16.30113,2.71635,13.12249654,51.92060233
13148,14.9195,2.42528,11.19079536,51.69062286
13149,17.8422,2.04278,10.84935679,49.27036277
13150,3.76563,0.974806,5.315636388,49.78507871
13151,8.031,2.0856,12.28662042,47.86036961
13152,7.04105,4.08908,18.14605041,52.36687201
13153,4.03638,2.68946,13.09760517,51.816564
13154,4.48493,1.45511,7.827152554,50.40383299
13155,8.6993,4.86848,24.84064534,49.78234086
13156,21.26248,6.12732,29.70015318,50.82819986
13157,9.14378,1.83915,9.031361782,51.08008214
13158,20.73538,2.02609,10.84935679,49.54414784
13159,2.78338,2.67016,12.89847416,51.80013689
13160,5.21933,1.62383,7.968476306,51.34565366
13161,6.26243,1.02529,5.122692662,51.33470226
13162,16.4411,2.08602,11.15541404,49.12799452
13163,6.1261,2.5551,13.60017391,49.52224504
13164,7.87973,1.80592,10.73406231,47.63586585
13165,5.07243,4.62319,21.85877699,51.05817933
13166,12.55918,3.42178,16.98694198,48.80219028
13167,2.14248,1.46428,6.860407056,52.85147159
13168,8.41148,2.30302,11.00311438,51.88501027
13169,9.05138,1.35182,8.232348601,47.41409993
13170,2.6469,1.46183,8.297646979,48.62970568
13171,3.31498,1.85372,9.190251734,51.95619439
13172,7.55095,1.32059,6.533203988,49.70294319
13173,1.44688,1.19634,5.87364178,52.67351129
13174,3.27365,5.07354,28.77478663,46.76249144
13175,5.29418,4.68298,22.70223905,50.97330595
13176,2.89055,3.67432,16.60005888,52.55030801
13177,5.1795,2.3749,10.97748811,50.18480493
13178,5.51843,3.27566,16.95209406,49.93566051
13179,23.95148,3.11153,13.95778001,52.0109514
13180,5.24165,2.29396,10.64396738,52.0109514
13181,4.2655,1.52895,7.530328818,51.11293634
13182,5.92245,2.52329,12.78812239,50.36824093
13183,8.60448,3.11966,14.95687245,51.70157426
13184,4.40568,1.82297,11.18290123,46.97604381
13185,21.89248,7.27136,36.83508841,48.93360712
13186,5.4325,4.17738,20.37359153,50.52156057
13187,6.83155,3.9323,19.66798028,50.32169747
13188,2.8727,2.27958,12.76038628,48.99383984
13189,9.93865,2.90096,13.94106723,51.55646817
13190,22.60698,2.132,11.35594371,50.33538672
13191,12.07098,5.82957,27.67861783,50.67761807
13192,11.6555,1.2277,6.914670257,50.17659138
13193,4.1452,2.41166,10.17183723,51.95345654
13194,4.46888,1.5214,7.155998077,52.40793977
13195,7.2461,1.96569,9.577857876,51.55920602
13196,3.88168,2.3122,12.84110546,48.26283368
13197,4.51225,2.70301,13.05268216,51.27446954
13198,3.09568,4.34263,21.34103636,50.73785079
13199,4.56828,1.11476,5.617853256,49.92197125
13200,10.0957,2.80194,14.70641779,49.96851472
13201,14.83128,3.43696,18.12886351,48.47091034
13202,23.0023,10.8188,47.68026108,49.46201232
13203,7.45488,5.68754,27.41228011,50.34086242
13204,16.2491,3.90112,20.28362698,49.94661191
13205,5.79863,1.7106,9.698391402,48.50376454
13206,16.6496,4.14315,22.33515052,48.78850103
13207,7.88818,2.16415,10.51672503,51.39493498
13208,6.63353,1.76139,10.43528282,47.84941821
13209,21.8129,5.199,23.96600979,49.77138946
13210,9.0379,1.93425,10.51417663,48.23819302
13211,4.77398,1.46218,8.268630746,48.74743326
13212,5.16033,1.25517,6.539829835,50.32443532
13213,12.19535,2.47735,11.46777711,52.24093087
13214,7.97645,3.43398,15.64019999,52.37508556
13215,7.30175,2.08156,10.5611028,50.01779603
13216,14.7452,2.58544,14.89796286,47.9945243
13217,10.3716,9.15168,44.64860998,47.97535934
13218,5.66455,1.73112,9.344175264,49.06228611
13219,9.97045,5.65375,25.96004609,50.14373717
13220,13.65903,1.62536,7.98976436,51.40862423
13221,2.89688,2.58988,12.47840255,51.93155373
13222,5.01835,1.93115,9.879541357,50.67214237
13223,2.7331,2.7718,14.67702226,49.84804928
13224,13.2831,2.82674,14.28136791,50.94045175
13225,10.1254,2.14975,10.01535345,52.5065024
13226,6.06363,1.87011,10.04626617,49.19644079
13227,2.64783,1.46183,8.294612601,48.01916496
13228,15.97425,3.90472,18.35217471,52.49828884
13229,22.5847,5.51505,25.25396072,52.13141684
13230,3.5464,3.87444,19.5287071,49.9247091
13231,3.50115,1.41057,8.796197541,46.99794661
13232,3.67423,1.66136,8.958252254,50.56810404
13233,6.76543,2.52451,14.87745711,47.08281999
13234,13.7063,1.91091,11.30874492,47.18959617
13235,13.24593,2.11363,10.78859813,50.48870637
13236,5.79818,1.73643,8.913744102,50.69130732
13237,3.52988,3.07029,14.03446916,52.15605749
13238,7.4121,6.63717,34.34832139,47.68788501
13239,13.7489,2.48888,15.44794374,46.46406571
13240,3.13725,1.28174,6.047549529,52.75017112
13241,1.7112,3.07352,16.03668406,48.50102669
13242,11.2268,1.26729,6.171911587,50.83093771
13243,6.23643,4.07922,17.94288937,52.13141684
13244,9.24678,0.933301,6.229647727,46.64476386
13245,15.85825,2.35841,11.40180311,51.04996578
13246,3.73565,3.7974,18.01460024,50.57631759
13247,4.98795,2.701,12.9275141,51.54551677
13248,5.33363,2.29193,10.77196832,50.96783025
13249,24.33923,6.93092,24.08963696,50.23134839
13250,7.40953,2.98934,15.73253515,49.88364134
13251,7.32848,4.79291,25.27671855,48.10677618
13252,9.03873,2.27511,11.61790767,50.77344285
13253,5.6285,1.98918,11.74876519,47.30732375
13254,3.58658,1.76635,8.254110776,52.09582478
13255,8.28223,2.97955,16.26153616,48.72279261
13256,4.00443,3.85713,19.5287071,50.87748118
13257,7.9113,2.56326,15.45967825,47.33196441
13258,2.6841,0.901192,4.981428175,49.51950719
13259,4.5615,0.875198,5.119030074,47.00889802
13260,13.0437,3.2407,16.1281895,50.31348392
13261,16.43083,3.83395,19.88192758,49.3963039
13262,3.95733,4.6667,20.55992126,51.06639288
13263,2.97565,1.30411,6.110453593,52.85147159
13264,4.13493,2.07304,12.71534474,46.71594798
13265,4.85193,1.26469,6.58525067,50.28610541
13266,3.49433,2.15438,10.91816367,50.43394935
13267,8.26058,2.57629,12.47852108,51.96440794
13268,2.74803,2.20389,11.24540229,50.65845311
13269,18.5448,2.81408,16.11692912,47.86036961
13270,2.94038,2.00196,9.876530686,50.71868583
13271,8.85853,2.17343,10.63111869,51.40588638
13272,6.9361,4.14776,20.22803624,51.02532512
13273,1.9485,1.98817,10.33517207,49.80971937
13274,6.35475,2.74917,12.6371147,52.73648186
13275,17.14718,4.6572,20.80729413,52.07939767
13276,10.65858,1.98618,9.58779072,51.4715948
13277,9.41315,3.12457,14.9360111,51.83025325
13278,13.24423,2.11363,11.32888323,49.11704312
13279,3.49773,1.98829,9.720876612,51.4880219
13280,20.85663,2.05266,12.08642264,47.53456537
13281,13.03818,3.80699,17.22151357,52.1779603
13282,2.32075,3.70916,19.04178437,49.5578371
13283,23.85503,4.95958,22.549809,51.11841205
13284,12.27443,1.72981,10.62195629,46.7761807
13285,2.63728,1.39333,7.511624726,49.67556468
13286,2.95493,4.69857,22.97213269,49.48117728
13287,5.94638,3.70195,17.50598645,51.75085558
13288,13.14493,4.45241,21.65703831,50.48049281
13289,2.29613,0.810541,4.03866137,50.45859001
13290,7.83933,2.05556,10.00761341,50.45585216
13291,10.7695,4.07815,23.10050107,47.71252567
13292,4.42163,2.76895,14.65888712,49.27310062
13293,5.33793,2.29193,12.79452303,48.56125941
13294,4.16188,2.48537,14.54296442,47.12936345
13295,5.94995,2.03552,10.01606463,51.1321013
13296,14.86463,4.14322,17.04276979,51.02532512
13297,6.81603,1.89087,9.228525188,51.33196441
13298,5.47505,1.45777,8.698433697,47.84941821
13299,4.4985,1.28194,7.686148833,47.47433265
13300,2.99455,1.25585,5.908797886,51.68788501
13301,3.16435,4.08403,18.41072871,52.32580424
13302,3.11395,4.57144,24.93523257,48.95277207
13303,3.62465,2.82215,16.11242496,47.81382615
13304,17.78393,6.06408,25.63515437,52.65982204
13305,8.68693,2.14054,12.32194247,48.01368925
13306,3.7939,1.31482,6.862113893,49.18001369
13307,2.7401,2.54363,12.32692074,51.01984942
13308,10.00058,2.48206,14.49744876,47.44147844
13309,2.80213,1.25548,6.216431591,50.34086242
13310,3.51423,1.39996,7.597452562,49.63175907
13311,3.35965,4.49853,18.20946415,52.27652293
13312,7.73478,1.52521,9.083574407,47.42505133
13313,7.92298,2.09749,11.23971284,49.42642026
13314,10.8228,7.89085,36.58072225,49.11704312
13315,17.5591,3.54563,19.29555787,48.3449692
13316,2.74418,1.8706,9.966198906,49.51676934
13317,3.2746,5.07354,22.10200129,52.96919918
13318,11.57018,2.58276,13.73280938,49.24024641
13319,8.9785,2.25264,13.21791349,47.6605065
13320,3.2818,2.42269,13.56319243,48.48733744
13321,8.5524,1.82456,10.69238703,47.62491444
13322,2.48603,5.26673,23.82543278,51.24435318
13323,6.06745,2.66143,12.85947767,51.79739904
13324,10.42353,1.95562,11.63744147,47.78097194
13325,4.48023,1.59237,8.623569919,49.5687885
13326,8.35863,1.5239,7.860139554,50.15468857
13327,2.72478,5.22054,22.88347198,52.98015058
13328,3.87078,1.50883,7.776753443,49.2238193
13329,13.59128,2.93146,13.41905951,52.5338809
13330,5.7152,4.62322,20.50184138,52.41341547
13331,4.47665,4.18043,20.60188101,50.47501711
13332,2.496,1.5245,8.340697207,48.3559206
13333,4.02675,2.49786,10.6799532,52.58863792
13334,19.50098,8.37986,37.33350859,51.71526352
13335,5.84898,2.09591,9.784835597,52.04380561
13336,16.0019,2.42377,14.14707301,47.91238877
13337,12.74208,1.89998,10.48633385,48.5284052
13338,13.1943,1.98517,9.700264182,51.4715948
13339,3.85705,1.44604,7.443031205,50.86652977
13340,3.91563,1.20882,6.58126805,49.29500342
13341,7.947,3.57973,21.37434339,46.41204654
13342,4.4531,3.89995,19.09666392,49.88090349
13343,10.4244,1.95562,12.15007344,46.69952088
13344,3.6769,1.23504,6.981699177,48.06570842
13345,15.97425,2.42079,12.29171723,50.9431896
13346,3.7017,1.75704,8.623676597,51.70978782
13347,8.32728,2.03036,10.882166,49.53593429
13348,2.69253,1.01405,5.403384416,49.8973306
13349,3.19575,2.13177,11.42886359,49.18275154
13350,4.06168,2.59991,12.02111241,52.8843258
13351,7.68983,5.33862,24.44996926,51.34839151
13352,2.6957,3.01458,14.36552447,51.78644764
13353,4.95863,3.50353,17.52210658,50.55167693
13354,2.55718,2.50898,11.63969355,52.75564682
13355,10.64983,3.81276,18.92159458,50.05338809
13356,2.59165,5.52546,24.49323284,51.87953457
13357,7.8359,4.16766,21.59540252,49.94113621
13358,9.9742,2.86831,16.64178157,46.86926762
13359,4.51763,1.46311,7.561526009,50.81177276
13360,10.55908,1.84491,8.562254162,52.74743326
13361,30.70933,6.74373,36.02303689,48.50376454
13362,16.15613,2.74792,13.77939182,50.40109514
13363,3.26915,1.13825,5.370302591,52.0109514
13364,5.29418,1.82974,9.944792322,49.60711841
13365,7.0105,1.94579,9.157892945,52.84325804
13366,6.73603,1.84678,9.498975919,50.15195072
13367,11.1586,2.58375,12.53387476,51.96714579
13368,4.39903,1.05339,6.724891292,46.61738535
13369,2.76083,2.08353,10.72082246,50.16016427
13370,3.70333,1.40034,8.417718237,47.82477755
13371,4.07473,3.29299,16.36370933,49.51676934
13372,7.24735,2.21435,10.2497828,52.38877481
13373,2.51813,11.0525,46.23774656,47.72347707
13374,3.31805,1.39633,8.166327189,48.13141684
13375,13.40318,14.9407,46.15311588,51.35112936
13376,7.75365,1.63365,7.940230521,52.72553046
13377,20.27635,1.92854,10.40722668,49.77138946
13378,15.7842,2.51561,12.82344444,49.91101985
13379,9.03585,5.17793,23.95131202,51.46885695
13380,12.04808,4.80666,19.11230993,51.82477755
13381,13.4122,4.44969,21.78125813,50.66119097
13382,5.67215,2.10043,12.2553284,48.02464066
13383,4.49233,1.57564,7.723059189,51.19507187
13384,4.58695,0.957417,4.980716993,50.11362081
13385,2.747,1.26485,5.977320289,52.85147159
13386,11.5568,2.49568,11.4829727,52.79671458
13387,7.54308,2.72902,14.61574206,49.82067077
13388,3.43888,1.09571,5.714739975,50.46954141
13389,7.31878,3.19122,16.6735477,49.81519507
13390,5.46115,0.916052,5.266718907,48.89801506
13391,16.69715,2.44245,11.85410312,51.22518823
13392,5.733,1.60708,7.52092936,52.06570842
13393,3.60703,1.23289,5.530579349,52.678987
13394,10.28668,2.12926,13.16398217,46.47227926
13395,5.93895,1.5459,7.171193669,52.48186174
13396,3.74515,2.21385,10.75495921,51.61396304
13397,2.70695,0.799856,5.092147387,47.79739904
13398,18.34968,8.94511,40.14220409,50.89117043
13399,3.59128,2.64849,13.40139849,50.84736482
13400,2.3867,2.54974,13.98041931,48.88706366
13401,4.0212,0.735131,4.120684381,49.56605065
13402,7.11795,1.17074,5.756403397,51.00342231
13403,13.09035,2.28962,12.68760864,48.26830938
13404,8.0733,4.57907,20.74577687,52.62696783
13405,5.2722,1.58142,8.179970034,50.55167693
13406,5.87413,2.21938,11.87188268,49.9247091
13407,4.7921,4.71322,22.48722497,50.83367556
13408,6.04478,2.71902,15.71522971,47.29089665
13409,3.21668,1.12823,6.174483696,49.97946612
13410,21.8235,2.57974,14.35165641,47.1430527
13411,6.32795,1.76615,9.063116066,50.68583162
13412,7.09085,3.7584,16.93277361,52.50102669
13413,11.05165,3.45005,16.53783044,50.05612594
13414,21.36488,2.92439,12.24655716,52.52019165
13415,3.08713,2.54256,12.25864725,51.74811773
13416,3.99803,1.48647,7.652071354,50.57084189
13417,19.21195,6.43053,34.32200765,47.68788501
13418,13.38313,1.95747,10.68355652,49.48665298
13419,5.18995,2.69497,14.97714114,48.6844627
13420,3.7809,2.45882,11.3601871,52.00273785
13421,3.49878,1.04573,6.612548213,46.65845311
13422,12.98118,2.71865,14.29985864,49.69199179
13423,5.5044,6.23155,30.81872422,49.79603012
13424,3.29213,1.80504,8.793637285,51.96988364
13425,9.64633,1.70788,9.21635212,49.69746749
13426,4.87795,1.89717,9.613819988,50.74332649
13427,11.81675,2.22327,13.72012664,46.90759754
13428,5.79755,1.78842,10.0887356,48.85147159
13429,6.56098,2.89307,13.89389215,51.34839151
13430,11.85273,1.57149,8.512945531,49.9137577
13431,9.68838,1.98926,9.682757248,51.40041068
13432,20.33908,2.06254,10.04416818,51.54004107
13433,10.90933,1.83825,8.829706074,52.02464066
13434,13.55975,3.71647,21.19192516,47.59479808
13435,7.91878,5.26582,24.34909992,50.38740589
13436,14.104,2.47416,12.55319521,50.20123203
13437,3.5324,2.05125,9.539216977,52.81587953
13438,11.3644,3.47384,16.53783044,51.54277892
13439,10.14055,2.58996,13.68101162,49.25393566
13440,5.14308,0.892262,4.218211164,52.81314168
13441,8.23803,3.314,17.25624297,49.41820671
13442,4.43275,1.10902,5.746174227,50.46680356
13443,2.13263,2.91495,15.33474725,49.68925394
13444,5.95493,2.27344,10.52777206,52.39151266
13445,8.4999,1.25834,5.879248266,52.77754962
13446,8.7418,5.35968,25.02721213,51.2991102
13447,17.78458,3.4309,16.42901956,50.11909651
13448,18.67073,1.6384,7.051715063,51.25804244
13449,2.38765,2.54974,11.92462869,52.07939767
13450,2.83415,2.58098,15.02123444,47.17043121
13451,7.60425,1.68761,8.234043586,51.65229295
13452,13.6421,2.39311,12.1811284,50.24503765
13453,5.5686,2.6469,15.41131786,47.54551677
13454,14.09335,4.00478,19.83178924,50.49965777
13455,16.15613,2.63893,15.80922429,46.87200548
13456,25.13938,5.24048,21.92124249,50.50239562
13457,4.79063,3.9752,20.36482028,49.61533196
13458,2.0962,1.06585,5.546652066,48.5065024
13459,6.11173,3.27373,14.69752801,52.57768652
13460,13.15338,2.64277,14.03055766,49.73305955
13461,12.27443,1.72981,10.62195629,46.92128679
13462,2.67235,1.00824,4.52982749,51.6605065
13463,27.03815,3.01782,17.33020592,47.25530459
13464,4.00623,3.85713,19.82491448,49.0403833
13465,5.2221,5.21967,24.03914302,51.25530459
13466,4.00683,1.32296,6.784203885,49.92197125
13467,4.56098,2.60862,13.2039269,50.53798768
13468,4.43018,2.60636,12.51751757,51.23613963
13469,8.9755,3.61306,17.90389288,50.13826146
13470,3.80455,1.99275,9.766783422,51.91512663
13471,16.6648,3.19918,16.77192791,49.34702259
13472,14.21715,2.13338,9.893053818,52.91170431
13473,8.264,2.65555,15.93202175,46.50239562
13474,2.8128,3.3397,16.72807167,50.7871321
13475,6.75155,1.62741,9.212997711,48.06844627
13476,3.18533,1.67025,7.828219327,52.96372348
13477,3.3246,1.57803,8.819192431,48.75290897
13478,3.30703,1.38104,7.031979757,50.51334702
13479,4.21763,1.70173,7.964991514,52.22450376
13480,2.6737,1.30625,6.776629795,50.31895962
13481,4.9992,3.05649,17.36054969,47.39493498
13482,5.81668,5.23252,26.47837937,49.86173854
13483,9.7442,3.12841,14.99124625,51.01437372
13484,5.1354,1.99374,9.282065354,52.5174538
13485,9.1818,2.5498,11.7372796,52.05201916
13486,5.6633,2.18519,10.60352482,51.22792608
13487,4.35148,2.67867,14.90543027,48.33127995
13488,3.38173,4.40398,19.00729203,52.58863792
13489,9.57088,4.4608,18.36177567,51.18412047
13490,2.30653,1.77086,8.556066877,51.70704997
13491,2.771,0.804408,4.208290173,49.87816564
13492,5.63478,2.04353,10.43505761,50.97878166
13493,6.81513,1.52801,7.950850841,50.54620123
13494,5.1828,1.73705,8.105343317,52.92265572
13495,13.8607,2.79728,15.20211177,48.5119781
13496,29.13663,7.96588,37.00837981,49.34428474
13497,6.1146,4.2824,21.22333571,49.42642026
13498,4.48493,3.06733,14.03743242,52.04106776
13499,13.0631,9.80789,37.17918206,51.70431211
13500,4.31758,2.89374,13.12664511,52.30116359
13501,4.11893,1.73404,9.366743445,48.7063655
13502,2.63283,1.06999,5.571128586,48.5065024
13503,4.74583,3.46495,15.706577,52.91718001
13504,5.89678,4.60532,26.36672377,48.12867899
13505,17.7737,4.89859,23.88292,50.31622177
13506,5.0907,3.34477,16.72807167,50.64476386
13507,10.02113,1.8918,9.706415908,50.44490075
13508,12.19205,3.9975,17.5651331,51.73169062
13509,3.36305,2.08071,10.629803,50.90759754
13510,5.01398,1.4808,7.637207646,50.51334702
13511,3.15903,1.2642,6.859352136,49.25119781
13512,5.05798,1.7141,8.467240223,51.96167009
13513,5.91608,2.04896,9.984274786,51.79192334
13514,4.35148,4.46242,23.50611198,48.07118412
13515,2.99455,2.60589,13.73707648,49.72758385
13516,2.86363,0.674401,3.543453364,51.60027379
13517,9.39353,4.46654,18.36177567,51.18412047
13518,18.64335,3.61033,17.09444902,51.9890486
13519,4.04778,1.38149,7.526713641,49.10882957
13520,4.06298,1.90989,10.72978336,48.48733744
13521,6.57493,1.36811,6.494456412,52.82135524
13522,2.48748,1.4972,7.323445921,51.23340178
13523,10.7408,2.02428,11.35541033,48.03011636
13524,6.4123,1.51779,7.412841521,51.89596167
13525,6.79983,2.43731,12.21728016,50.20944559
13526,15.7797,3.18967,14.62569861,52.21629021
13527,3.1566,4.97405,26.6248829,49.69199179
13528,9.77065,3.45626,15.85722909,52.45722108
13529,4.24253,0.570544,2.952117233,50.57084189
13530,13.2235,3.42092,18.67908145,48.59137577
13531,2.653,1.04242,4.506038446,52.24093087
13532,8.36878,3.94821,17.71744461,52.7008898
13533,11.94443,1.86973,11.06616068,47.91238877
13534,8.96488,0.916798,4.5581681,50.69130732
13535,7.3242,0.93175,5.544731874,46.48596851
13536,2.90443,1.71074,8.022786919,52.35865845
13537,6.66108,1.94771,9.577857876,49.78507871
13538,11.12028,2.46128,14.41092159,47.33470226
13539,18.2961,3.0495,15.39792393,50.58453114
13540,5.26958,4.01564,19.6536381,50.10540726
13541,5.31058,2.68102,12.31364534,52.678987
13542,3.20213,1.52643,8.348259444,49.68104038
13543,2.86593,0.910784,4.323975808,52.23271732
13544,6.59958,4.77872,21.33439866,52.79671458
13545,5.0633,2.34381,12.44201373,49.36618754
13546,12.52488,4.6643,21.59208367,51.21697467
13547,3.18815,2.00423,9.347458555,52.07939767
13548,11.03568,3.01596,17.48820689,47.09377139
13549,3.8205,4.36698,23.10500523,47.14852841
13550,2.13263,2.91495,13.22277323,52.38603696
13551,6.34723,1.00286,4.587089508,52.77207392
13552,2.32418,3.03339,15.28176418,50.70773443
13553,17.37163,2.07253,10.64252131,50.22587269
13554,4.47663,3.514,16.06916138,52.10677618
13555,21.34688,2.14321,10.93403488,50.04243669
13556,5.84555,1.80889,11.24681281,46.9431896
13557,9.90808,1.72336,8.978603917,49.51403149
13558,2.63898,1.096,6.26491051,48.49828884
13559,14.59785,2.39708,12.1811284,50.44490075
13560,7.58598,2.96433,14.24403084,51.9890486
13561,7.0776,4.84324,23.0408803,50.24503765
13562,3.20245,1.28807,6.03861234,52.80219028
13563,7.38988,1.78627,8.974004939,48.61601643
13564,8.6993,1.28138,6.683014514,50.6255989
13565,4.77828,1.36502,7.364089983,49.12799452
13566,3.65285,2.374,12.04730762,50.05338809
13567,6.29095,1.35474,6.402915412,52.56947296
13568,7.54425,2.80662,13.51423939,51.37029432
13569,5.37688,2.80864,12.92573614,52.00821355
13570,3.6853,1.25683,6.516787532,50.03148528
13571,6.4462,2.04926,11.41506666,48.0164271
13572,7.45848,1.7558,9.029820887,50.4257358
13573,2.7513,3.26299,16.07437672,50.9596167
13574,3.18145,1.17084,6.531034882,49.44010951
13575,4.2172,1.85114,8.647975321,52.58316222
13576,4.7158,1.21305,7.281912882,46.93223819
13577,9.61875,1.52053,7.869124156,50.67488022
13578,7.33928,2.00528,10.12728167,50.91854894
13579,6.93413,1.26991,6.882773736,49.18001369
13580,16.504,5.35792,25.84388634,51.93976728
13581,9.02505,1.93425,12.12150762,46.55167693
13582,16.4476,7.69199,34.52433898,50.55441478
13583,6.555,1.6605,9.809786238,48.13141684
13584,2.88505,5.54849,25.58643839,50.10540726
13585,9.2892,1.74026,9.346012485,49.08418891
13586,4.05375,5.59062,24.58343445,52.32854209
13587,5.19948,1.66183,8.580590809,50.49965777
13588,5.59605,3.06306,13.97413721,52.1889117
13589,9.6053,1.3936,7.614520935,49.11704312
13590,7.34975,2.13965,10.91421661,50.40109514
13591,18.70268,2.80383,13.5525247,51.81382615
13592,8.28835,1.13009,6.745586693,49.23203285
13593,3.4027,4.42015,17.45181807,49.31964408
13594,14.89578,1.75908,10.42878736,47.75906913
13595,4.04965,5.01823,24.33072772,50.98973306
13596,6.3384,2.55126,10.50046267,52.59137577
13597,14.73558,2.14088,12.32194247,47.86858316
13598,5.06298,2.67882,12.98346043,51.19233402
13599,28.17863,3.35586,15.93830386,51.06639288
13600,2.80908,0.474835,1.807623603,47.1156742
13601,12.74125,1.89998,10.79715602,48.23819302
13602,11.70513,2.42044,12.26694438,50.66940452
13603,3.76168,3.39812,19.40567258,47.19507187
13604,21.4635,3.17144,16.55181702,49.27310062
13605,5.27358,2.02089,9.882978738,50.64476386
13606,4.01768,1.64289,8.152245782,50.75154004
13607,5.81075,3.61787,14.4441101,49.15811088
13608,16.58663,7.30978,31.24827826,52.6954141
13609,7.6789,2.09306,10.69414128,50.0698152
13610,5.07933,2.2943,11.16436309,51.80835044
13611,11.70148,1.74837,10.37544869,47.53730322
13612,4.29178,1.1914,5.945400062,50.58179329
13613,4.84578,2.03528,9.419133866,52.42984257
13614,16.48398,4.24188,16.04652208,52.14236824
13615,3.74033,1.1717,7.191391243,47.9835729
13616,2.007,1.4189,6.917479426,51.08008214
13617,10.07908,2.1215,12.51976964,47.23613963
13618,12.19205,2.60083,12.0320172,52.72553046
13619,9.34868,2.30794,11.32102467,51.08555784
13620,10.52803,3.49391,13.68812344,52.32306639
13621,6.41133,2.9077,13.28227547,52.41341547
13622,9.6053,3.0442,14.58658359,51.01437372
13623,7.32848,1.52651,8.428101497,49.74401095
13624,4.50555,1.98953,9.714938241,50.83641342
13625,3.45833,2.04663,9.67722188,51.16769336
13626,14.84765,2.5575,12.35833129,51.72621492
13627,7.86708,5.03851,24.30548075,50.98151951
13628,5.11045,1.86617,9.52579934,50.11088296
13629,2.82495,1.49417,6.914587285,51.89869952
13630,11.87113,2.47608,11.00759483,51.71800137
13631,4.8474,2.23231,10.85637379,51.45790554
13632,6.96475,1.46586,8.809378117,47.56741958
13633,4.3694,2.02049,10.29957741,50.9596167
13634,2.50893,2.3408,12.50530894,49.98767967
13635,5.9281,3.9205,20.98900118,48.3340178
13636,11.14965,5.75121,27.0824101,50.69952088
13637,3.62985,2.814,14.07856246,49.87816564
13638,10.7199,2.68838,15.30499613,47.33470226
13639,2.69433,3.82855,18.80993898,50.69130732
13640,10.57428,5.93588,27.9299022,50.51060917
13641,5.10653,2.72282,12.42376005,50.29705681
13642,8.00963,4.57907,22.84625344,50.18754278
13643,2.72478,3.09301,13.53664163,52.46817248
13644,2.71488,1.53337,7.258692784,52.29842574
13645,4.07975,2.09396,9.81677953,51.96988364
13646,12.27443,1.72981,9.28060743,49.75770021
13647,9.96313,2.18888,11.76335628,49.01026694
13648,2.9816,2.56377,12.55058754,47.64134155
13649,13.7627,7.39689,24.95953129,51.72073922
13650,3.76053,1.90159,10.2132873,49.11704312
13651,7.6247,4.53588,20.27746341,52.48733744
13652,25.26705,6.7323,34.35270701,48.87611225
13653,11.99338,3.26217,17.87556412,49.75770021
13654,3.07975,4.00044,19.82847039,50.21218344
13655,15.58433,2.09416,12.88282815,46.6146475
13656,14.24033,2.29985,11.17823114,50.31895962
13657,2.5257,3.07979,16.89709597,48.77481177
13658,7.30488,4.21235,19.66039433,51.35386721
13659,6.62403,2.23764,10.35252492,50.12183436
13660,3.25435,1.32872,6.244262521,50.71868583
13661,3.86468,1.92986,10.61720322,49.62080767
13662,9.28493,1.34449,6.90308984,50.6255989
13663,18.20098,8.63375,44.52948696,47.49623546
13664,5.60735,1.6416,8.047713854,52.43531828
13665,15.23258,2.22315,12.44165814,48.37782341
13666,7.08603,2.43056,11.25251412,50.15742642
13667,15.84085,2.52614,13.35884609,49.5742642
13668,16.43735,2.44204,11.85410312,51.95345654
13669,3.6437,2.70632,14.51688774,48.39151266
13670,4.47358,1.87482,10.51574123,47.49623546
13671,13.17653,2.06138,10.50174279,50.33264887
13672,5.89248,2.76014,13.27326717,51.44421629
13673,5.7913,2.84934,14.94620472,49.92744695
13674,19.46763,2.8476,15.21301656,49.78234086
13675,2.8454,1.49145,7.755228329,50.80629706
13676,3.92275,2.63496,13.30491477,50.84736482
13677,4.34513,1.32722,6.870529549,50.15742642
13678,19.08573,3.20327,15.97895977,51.45790554
13679,7.23935,4.94232,21.83649328,52.42984257
13680,9.0845,2.96265,14.89203634,50.85557837
13681,20.04095,7.34532,32.73381931,50.18480493
13682,2.60798,1.84952,9.503207453,50.47501711
13683,7.77605,3.17675,14.40037239,52.28747433
13684,9.44365,1.58243,7.827377762,51.321013
13685,9.51273,1.43072,7.068534521,51.70978782
13686,5.97983,1.8873,9.6468544,50.30527036
13687,4.91285,1.4776,7.597452562,50.81998631
13688,5.43623,1.30268,8.07088654,47.19233402
13689,3.39838,1.63222,8.810824188,49.47296372
13690,9.3597,4.79007,19.71634066,51.82477755
13691,3.93803,1.11405,5.788963688,50.15195072
13692,3.84115,3.0082,13.70874772,52.15605749
13693,4.0902,3.13254,14.35509379,52.75290897
13694,10.27433,3.24376,13.26319208,52.6954141
13695,10.70695,2.68838,12.92881793,51.01437372
13696,8.68693,4.50033,21.14309065,50.21765914
13697,1.546,1.76081,9.418671598,49.76317591
13698,14.0225,2.15332,11.01578527,50.97604381
13699,3.9934,2.51237,13.38433012,49.73853525
13700,9.73035,3.28402,17.62119796,49.61259411
13701,5.67438,1.46683,9.203669371,46.86652977
13702,6.0718,1.87011,11.63651694,46.22587269
13703,4.19353,1.78431,9.154775596,50.81724846
13704,10.75828,3.48327,16.2000189,51.6550308
13705,7.51528,1.42945,7.049225925,51.23340178
13706,5.10045,7.08984,31.94547386,51.37029432
13707,9.29128,3.27103,14.71222578,52.38603696
13708,4.3281,2.00823,9.347458555,52.36413415
13709,3.80178,1.558,8.084268618,48.39425051
13710,17.8411,7.13107,30.65918235,52.92813142
13711,3.78823,1.54359,8.004805863,50.05886379
13712,6.49805,3.33812,16.05944189,51.45242984
13713,3.84615,3.31927,15.0597568,52.27926078
13714,4.27325,3.65824,17.28943147,51.26078029
13715,11.86165,4.25592,20.06102696,52.27378508
13716,2.1867,2.60918,12.53008179,51.07734428
13717,19.46763,2.8476,15.21301656,49.99041752
13718,4.36908,5.58851,25.60824797,50.03696099
13719,5.78685,5.08247,25.73009719,49.71663244
13720,9.69993,4.47434,20.9309213,49.07597536
13721,4.96623,3.86067,18.27738205,50.43942505
13722,6.02315,1.79109,9.761994796,49.12251882
13723,6.32118,4.15703,20.22803624,50.4476386
13724,3.566,1.70829,7.925959465,52.26009582
13725,7.2473,3.61095,17.71803727,50.05065024
13726,5.04825,1.64572,8.463506516,50.25598905
13727,9.8509,2.63373,12.43656133,51.1266256
13728,4.39158,2.1214,11.40527605,49.2347707
13729,5.66815,2.25386,11.40301212,50.34360027
13730,14.48808,3.23488,16.08219972,50.88021903
13731,3.9154,1.7444,7.502094885,52.26830938
13732,19.4007,7.27344,38.32655598,48.23819302
13733,2.60193,1.84952,9.178137931,51.43874059
13734,13.37903,3.2719,17.84960597,48.49555099
13735,20.73538,2.40414,12.83233421,49.0568104
13736,2.71795,1.82331,8.927861068,51.29637235
13737,5.69675,5.46451,23.30117298,50.81451061
13738,26.98285,3.82579,19.88192758,48.63791923
13739,6.4292,2.08604,9.819470169,52.05749487
13740,4.29738,2.9395,14.1326123,50.82272416
13741,4.8649,0.940915,6.17684245,46.86379192
13742,4.73275,1.25824,6.839415329,49.25119781
13743,29.13663,6.12252,28.05412202,51.4715948
13744,3.12175,2.86433,13.71052568,51.29637235
13745,19.94515,4.67091,24.79299613,48.41341547
13746,11.2216,4.40298,20.62072734,51.9890486
13747,20.97063,6.67939,31.64156201,51.53182752
13748,17.5463,3.54563,18.45458495,49.3853525
13749,26.4177,2.2964,11.62704636,50.0752909
13750,12.05595,2.20887,11.88895105,49.49486653
13751,8.02478,1.07902,5.888149896,49.79876797
13752,2.58728,2.39357,12.69223132,49.98220397
13753,17.26808,7.41241,34.53619201,50.55441478
13754,2.28145,1.94401,9.941722386,50.02327173
13755,9.5146,1.43072,8.148298721,47.69062286
13756,3.7809,2.44196,14.27638963,47.13483915
13757,6.38478,1.12641,6.15900363,49.51950719
13758,3.30908,1.13348,6.524634242,48.20260096
13759,5.90078,4.73732,26.36672377,48.12867899
13760,12.56595,3.42178,15.67516645,52.24914442
13761,12.8827,4.79102,23.24913815,51.87953457
13762,5.55683,0.85135,4.314351142,51.43052704
13763,5.00805,1.39574,6.879952713,51.17316906
13764,3.85578,3.91277,17.59855866,52.38603696
13765,13.5163,2.52184,14.58575388,47.06913073
13766,19.16683,1.36609,7.457005935,49.50855578
13767,2.27928,1.79743,9.234084263,50.18480493
13768,6.73255,1.98956,9.284270018,52.05201916
13769,13.4554,5.71583,25.72215565,51.33744011
13770,3.61138,1.59684,9.087189583,48.45722108
13771,18.49435,2.9148,13.9955912,51.97809719
13772,6.27433,3.09876,15.51408369,50.55441478
13773,6.23115,3.36279,16.81696944,50.275154
13774,3.5239,3.84537,17.46153756,52.19986311
13775,4.23168,1.31372,6.552133287,51.47433265
13776,7.7263,4.06737,19.21815755,50.30253251
13777,2.3658,0.863015,4.706876294,49.84257358
13778,5.0058,2.94371,14.15311805,51.49623546
13779,3.4136,1.05318,4.537780877,51.86584531
13780,12.74883,2.92341,13.41585919,52.46543463
13781,2.7501,2.99009,13.70886625,51.94798084
13782,4.71113,1.79999,10.65170741,47.06365503
13783,14.30845,2.5738,14.89796286,48.84052019
13784,13.68588,2.36791,13.20617898,48.96372348
13785,6.43415,2.63113,12.11415874,52.21902806
13786,16.2158,3.38613,19.62222756,47.19507187
13787,14.84408,4.47687,21.65703831,50.48049281
13788,4.69943,1.72462,9.766439684,48.50376454
13789,9.8576,2.70141,13.97069982,50.97878166
13790,14.6267,4.05489,21.00286923,48.27104723
13791,2.22483,1.50558,7.98188209,49.99315537
13792,3.58598,4.27094,22.26095051,49.90006845
13793,7.72543,4.75516,25.53701123,48.16974675
13794,5.63443,2.04353,10.41494301,50.75701574
13795,11.31075,2.84105,15.63782939,49.97399042
13796,11.582,2.62843,12.62941023,51.26625599
13797,6.7425,1.48531,8.423609196,48.62970568
13798,4.17068,1.59063,8.623569919,49.73853525
13799,18.60983,6.60168,29.66518673,51.32375086
13800,4.74965,1.67073,9.366304883,48.72553046
13801,3.87275,2.16006,11.04427997,50.00958248
13802,3.55025,4.33738,19.62246462,52.53661875
13803,3.6776,2.88342,13.25323553,51.49897331
13804,3.42525,2.22137,11.87188268,49.30321697
13805,9.41315,4.66395,23.70595417,49.94113621
13806,12.05313,3.39353,16.8917621,50.75154004
13807,5.0625,2.56546,12.6663917,50.23408624
13808,16.8742,2.2266,10.32125661,52.73921971
13809,20.73538,2.40414,12.83233421,49.0568104
13810,12.7108,2.17679,13.48271032,46.7926078
13811,4.49725,1.28247,5.94148856,52.60506502
13812,6.40138,4.09657,20.1365308,50.63381246
13813,2.87763,3.83525,18.80993898,50.34360027
13814,6.0414,5.18517,22.70022404,52.75017112
13815,2.99423,2.22401,11.32164102,50.41478439
13816,3.14653,1.68131,7.921348634,51.96167009
13817,15.97425,2.65795,16.30586652,46.78986995
13818,5.12513,3.52635,18.2912501,49.25667351
13819,3.70455,2.04805,9.840722663,52.11772758
13820,3.47643,2.65845,15.14343924,48.15879535
13821,9.8885,2.52446,14.02119376,48.38877481
13822,7.33458,1.52651,8.644940944,47.51813826
13823,4.11513,1.83296,9.434044986,50.89390828
13824,1.80023,0.705852,4.03343418,49.51950719
13825,5.1522,1.9351,9.532994133,51.17043121
13826,2.71058,3.61281,16.42700455,52.55030801
13827,5.69698,2.59366,12.29053192,52.26009582
13828,21.13668,21.9131,77.19123981,48.52566735
13829,14.60995,4.49432,25.12488115,47.75359343
13830,23.28963,7.69604,34.11849101,50.48049281
13831,2.5867,2.77083,14.71744111,49.88637919
13832,3.4017,1.71764,9.285905737,49.64818617
13833,6.67823,1.73036,9.755001504,48.50376454
13834,20.9722,4.63092,22.59022786,50.18754278
13835,5.69268,1.99412,10.69778016,49.99315537
13836,6.49543,2.18123,12.21004981,48.26830938
13837,3.73273,1.90812,10.72978336,48.48459959
13838,13.17465,2.7056,14.82127371,49.51403149
13839,10.74635,10.3587,43.45583893,50.20123203
13840,12.35475,4.82477,24.53045138,49.88090349
13841,5.1675,1.07365,6.442006726,48.70362765
13842,15.10123,3.42359,18.72898274,48.40793977
13843,9.9283,2.0218,10.8369111,49.16358658
13844,8.92888,3.49304,16.51554673,49.97672827
13845,7.35573,4.46487,21.52949964,50.87200548
13846,3.91628,1.87204,10.95590373,47.43326489
13847,2.71568,3.86817,17.48026536,52.29295003
13848,5.1363,1.37084,6.833204338,51.17316906
13849,3.22303,1.93851,10.33127243,49.79055441
13850,8.9953,1.55623,7.669222698,51.03353867
13851,20.05388,7.73667,33.00122381,52.73921971
13852,5.11363,1.48765,7.744821363,50.12731006
13853,15.1195,3.61828,17.21617971,51.9890486
13854,11.2095,1.88239,9.66110175,49.84257358
13855,14.4274,2.10619,11.81575855,48.87611225
13856,4.13963,1.48254,6.948238055,52.03832991
13857,5.02163,3.00094,16.55217261,48.0054757
13858,6.84033,8.55733,32.47483046,49.60164271
13859,13.05298,2.19707,11.26865795,50.57084189
13860,2.55473,1.59307,7.802557503,51.92334018
13861,6.3358,2.55126,10.50046267,52.59137577
13862,16.12265,4.95418,24.26980311,49.36892539
13863,4.68168,1.9918,9.766783422,51.23340178
13864,8.37578,3.5617,18.43028622,49.63175907
13865,23.83898,3.71416,18.46110412,50.71321013
13866,5.04198,2.92743,14.75821556,50.770705
13867,9.21535,8.15076,33.89695776,51.81930185
13868,9.99665,2.63398,12.43656133,51.11019849
13869,5.59655,2.62609,12.48207699,52.28473648
13870,2.85428,5.37871,25.7867547,49.48117728
13871,2.24493,0.659875,3.851738986,48.40520192
13872,10.3114,3.43738,15.8396866,52.44079398
13873,4.7059,1.20589,6.899130926,48.82135524
13874,8.22675,2.29115,11.73870196,50.75427789
13875,11.03568,1.85139,9.030437245,51.2991102
13876,18.78363,7.128,34.81651632,50.10814511
13877,3.33905,6.83235,31.68126968,49.76317591
13878,13.79525,2.25131,13.29555087,47.33470226
13879,8.49643,1.25834,7.464449642,46.50787132
13880,5.59,3.20976,15.39567185,49.42094456
13881,2.3511,2.13165,10.87077523,47.65229295
13882,8.15383,5.21067,24.10860181,51.1321013
13883,3.16405,1.34653,6.60562604,51.74537988
13884,4.43873,2.85534,15.79820097,48.49281314
13885,7.5815,2.68606,12.99993615,47.84668036
13886,5.9528,2.57389,11.0326877,52.88706366
13887,8.17298,3.4555,15.71511118,52.37508556
13888,9.05805,6.20523,30.70220888,47.6440794
13889,12.51615,3.70431,17.45442574,51.82477755
13890,3.61753,2.36821,13.20380837,48.09034908
13891,3.78065,1.99109,10.19439356,50.51608487
13892,5.1675,1.71841,10.73013895,46.92676249
13893,3.63338,2.03023,11.97559675,47.61943874
13894,7.26443,1.36977,7.011794036,50.40109514
13895,5.02755,1.45944,6.859103222,52.95003422
13896,6.02183,1.3348,6.695839499,51.59206023
13897,4.52203,1.74402,9.401460989,49.65092402
13898,3.88803,2.0068,9.774061187,51.86858316
13899,5.47515,3.33891,15.20460091,52.83504449
13900,15.20433,6.0357,27.71761432,50.4257358
13901,9.07163,1.03848,5.167177107,49.11704312
13902,22.19913,7.21961,33.51754207,48.1670089
13903,3.85578,2.4235,11.17703398,52.07939767
13904,6.22625,2.10933,10.67146642,50.36276523
13905,5.15865,1.25549,6.839415329,49.2183436
13906,11.94348,1.38385,7.797010282,48.19986311
13907,3.57388,2.79881,13.18519911,52.93360712
13908,20.68668,1.96175,10.07719074,50.40930869
13909,7.78868,2.83873,14.32060146,50.36550308
13910,13.51895,6.95317,32.62583815,50.92402464
13911,7.83515,1.71011,9.682733541,48.18617385
13912,4.32885,0.951291,5.568556477,48.30390144
13913,4.4519,2.24203,10.96136798,50.62286105
13914,2.3365,2.19597,10.08628202,52.88980151
13915,3.0443,0.755175,3.759700159,52.93908282
13916,16.38575,4.12196,19.37461763,51.13483915
13917,7.6754,2.09306,9.692512296,52.49281314
13918,18.3227,5.4414,25.25396072,51.8220397
13919,5.41978,0.995534,4.62015948,52.09034908
13920,3.78595,6.70232,29.26514675,51.17316906
13921,3.498,1.21911,6.399762504,50.80082136
13922,10.76405,2.16851,13.31736046,46.82272416
13923,18.50613,5.55424,26.76320784,50.84462697
13924,11.90958,1.8858,10.64017441,48.09308693
13925,9.63758,1.70238,10.36212588,47.40314853
13926,5.55368,2.10349,9.464412465,51.25530459
13927,3.0125,2.26685,10.43322039,49.24024641
13928,12.3536,1.59227,9.969197724,46.91581109
13929,4.3114,1.81388,9.285917591,50.81724846
13930,4.49973,1.60157,7.248250259,52.24093087
13931,5.06298,2.67882,14.12016661,49.28131417
13932,6.80115,1.71368,8.002079664,52.89801506
13933,9.5706,4.86197,23.42586692,51.86036961
13934,11.71375,2.42044,11.30654026,52.07939767
13935,7.47555,5.60176,21.07659512,50.03969884
13936,9.09295,2.41349,11.05370314,52.98288843
13937,3.81808,2.08075,9.685080443,52.3449692
13938,9.04048,2.27511,11.05324087,51.04449008
13939,2.534,3.67582,15.8408719,52.24366872
13940,11.57115,2.09709,11.29064533,49.25393566
13941,15.5062,8.39643,41.42043553,48.41067762
13942,7.86285,3.86931,17.40405033,52.61327858
13943,2.29858,3.87678,18.40586897,50.82272416
13944,5.01835,3.1946,14.6900606,52.15331964
13945,2.84668,2.55711,13.60017391,49.07049966
13946,3.4211,1.98367,9.655281909,51.86584531
13947,15.17628,2.42313,11.19079536,52.05201916
13948,10.03373,2.08811,9.694776226,52.73921971
13949,10.4078,2.28306,11.61595192,50.77344285
13950,3.54965,3.71447,17.53941201,51.58110883
13951,15.3781,1.62296,8.572815218,48.46543463
13952,9.19233,3.7577,20.98686763,47.95619439
13953,27.8981,5.43843,25.45344732,48.93360712
13954,5.39115,2.83695,12.88484316,52.04380561
13955,6.35985,3.73634,16.86604101,52.09856263
13956,20.82595,5.97653,29.79485894,49.43463381
13957,12.40723,2.29144,10.67857824,52.78302533
13958,3.43888,2.18678,10.13133541,52.75838467
13959,5.88943,5.47595,22.20038149,52.46543463
13960,2.75308,2.44241,10.5261719,51.79192334
13961,5.19623,1.67902,8.233557611,51.95619439
13962,7.35238,1.25496,6.514985871,49.86447639
13963,3.5753,2.20036,10.22063618,50.20944559
13964,3.31805,0.917361,4.665995171,50.86379192
13965,8.25425,1.95011,9.566490814,51.2991102
13966,17.8422,2.77759,13.98717555,50.62833676
13967,2.31308,1.0196,4.846339119,52.73374401
13968,10.28818,7.38169,32.07633138,52.45174538
13969,5.6463,1.09819,5.710200262,50.86926762
13970,2.4528,2.0305,9.380208495,52.58316222
13971,11.67173,1.75438,8.169563068,52.30663929
13972,3.16655,3.69768,17.50598645,51.58384668
13973,4.04925,3.47921,14.5877689,52.41341547
13974,3.48448,0.818866,4.084188882,51.8110883
13975,4.3694,1.39143,8.333478708,47.30184805
13976,10.83438,3.91523,18.79381885,51.11019849
13977,2.54153,1.05103,4.961360984,52.5284052
13978,2.8412,2.0188,9.699766355,51.73169062
13979,3.26758,1.85763,7.776480823,51.58658453
13980,17.02988,3.52972,15.96876616,52.99110198
13981,3.19975,1.25704,6.515886702,50.2642026
13982,16.8632,4.61215,20.63329156,52.29842574
13983,7.96115,1.49021,6.978202531,52.92539357
13984,7.8944,2.70394,15.71688914,47.27446954
13985,7.30123,2.01568,9.851615603,51.77549624
13986,19.79703,14.348,65.37056224,52.12594114
13987,2.63898,2.22899,11.89641846,49.34154689
13988,3.41118,1.35894,6.490698999,51.1211499
13989,4.0406,3.66526,17.39053787,51.34017796
13990,4.26645,2.57329,11.88942517,52.82683094
13991,11.5586,2.49568,11.5680538,50.7652293
13992,8.75533,1.46901,7.624927901,50.0698152
13993,4.31578,1.82328,9.701295396,49.54962355
13994,3.7744,5.29694,24.35241877,50.0807666
13995,3.10835,2.04216,9.501393938,52.3340178
13996,9.15063,2.46942,13.06145341,49.79603012
13997,11.36103,12.5282,52.55612612,51.16221766
13998,5.83993,2.41592,11.59986735,51.2991102
13999,16.5922,8.29255,39.79076156,50.29705681
14000,8.72225,3.74328,17.62570211,51.17043121
14001,7.22318,2.59537,12.85615882,50.05338809
14002,13.977,2.21789,11.26865795,50.91854894
14003,9.48415,2.44463,11.83209203,51.53730322
14004,5.41123,2.17451,10.58429919,51.22792608
14005,10.9087,3.38399,17.6514232,49.01574264
14006,4.30758,2.1324,10.34050594,51.44147844
14007,11.28235,2.64521,14.03055766,49.51950719
14008,2.46605,1.39819,6.074076625,51.12388775
14009,16.47013,1.77504,9.11032671,50.42847365
14010,4.84303,1.10226,6.034428218,49.51403149
14011,4.66398,1.17816,6.108734903,50.33264887
14012,24.50858,5.4475,25.20963036,48.93360712
14013,20.68888,1.96175,10.07719074,50.64476386
14014,2.65608,0.86293,4.706876294,49.47022587
14015,4.69538,0.98337,4.854707363,51.11841205
14016,10.26355,2.16462,10.01535345,52.5065024
14017,4.93123,3.7865,21.63155428,47.53730322
14018,7.42588,4.61896,24.19133601,49.76043806
14019,2.59825,1.61819,8.340649795,50.93497604
14020,8.61388,2.59874,15.94387479,46.50239562
14021,10.92063,5.91281,27.03701298,51.15126626
14022,10.913,4.03632,20.3414698,49.90554415
14023,4.98705,3.37738,16.75213333,50.99520876
14024,14.00488,3.01084,17.34845959,47.89869952
14025,13.31215,2.72061,14.17800943,50.7652293
14026,3.53593,3.14925,15.08429259,51.85763176
14027,10.4618,3.06286,15.43336451,50.90485969
14028,11.3902,2.02979,9.48098301,51.4715948
14029,3.227,2.16703,12.14948079,48.3449692
14030,13.63863,2.39311,13.35327516,48.21902806
14031,7.7133,2.38988,13.91878353,47.93976728
14032,10.6791,2.85434,13.10685054,51.88501027
14033,6.39338,1.00314,4.885098548,50.06707734
14034,2.68955,3.01458,13.73067584,52.08213552
14035,12.01163,2.17786,11.67518154,49.92744695
14036,16.41668,2.08733,9.742875848,52.00821355
14037,5.8763,2.2922,12.45730414,49.05954825
14038,3.73568,3.06788,14.60388903,51.35386721
14039,9.93043,3.72547,19.23143295,50.35455168
14040,6.9197,1.26131,7.464449642,47.90417522
14041,10.781,3.60553,19.80677933,48.10677618
14042,10.89853,1.59715,9.417818179,47.41136208
14043,11.7638,3.51861,17.47587973,50.58726899
14044,2.4537,2.0305,9.976179162,51.2881588
14045,3.99638,1.40347,7.258372752,50.25598905
14046,5.98195,3.5106,17.62143502,49.82067077
14047,3.85215,0.82697,4.325030728,49.43463381
14048,3.64775,4.15728,21.37955873,47.51813826
14049,13.0473,2.19707,13.03182082,47.71252567
14050,5.02415,1.85807,8.67529657,52.28473648
14051,20.87428,4.17338,20.39267492,50.55989049
14052,4.48738,1.98503,11.17142749,48.26557153
14053,8.68693,4.66634,27.06866058,46.68583162
14054,22.1427,3.6113,18.05335966,50.22861054
14055,3.74638,2.59942,13.17239783,50.70225873
14056,4.57388,1.47225,6.915002142,52.8733744
14057,6.23115,2.94115,14.90317819,50.04243669
14058,7.04995,3.20228,18.42957504,46.71868583
14059,2.60838,3.51636,18.92005368,47.34291581
14060,5.87055,1.1942,6.543006449,49.41820671
14061,4.05225,1.95711,10.48338244,49.26488706
14062,16.0813,6.55735,36.5617574,46.53251198
14063,7.58098,6.28372,30.5071079,50.06433949
14064,6.56863,3.34962,17.58789093,48.88980151
14065,3.84615,2.53463,12.89337735,50.02053388
14066,17.9205,3.7015,20.09492665,48.09034908
14067,8.91913,1.77168,8.656841392,51.62765229
14068,7.79578,2.32871,12.48859616,49.16084873
14069,7.45975,1.7558,9.029820887,50.30253251
14070,15.23258,3.02467,15.96627702,48.32032854
14071,6.34935,1.43276,6.729774742,51.03901437
14072,2.88563,1.74947,8.572803365,51.06365503
14073,5.9897,4.88423,21.28473443,52.79671458
14074,7.93353,2.53394,12.93201825,49.39356605
14075,28.95948,7.96588,32.80161867,51.24709103
14076,6.43595,7.86355,38.99435605,49.29774127
14077,8.9503,2.27627,11.05324087,50.7652293
14078,5.8965,2.04962,11.03411007,49.86995209
14079,3.62765,2.53195,11.65313489,52.27104723
14080,4.46905,1.5214,7.158084211,52.72005476
14081,7.73953,1.58745,7.448578426,51.27720739
14082,5.10055,7.86397,30.71086159,52.61054073
14083,10.32433,3.84837,18.19512198,52.32580424
14084,8.90363,5.45343,26.28434517,50.38193018
14085,6.85213,3.59603,16.40543202,51.28542094
14086,8.88575,3.69883,19.21400898,48.73374401
14087,7.10425,3.1462,15.68275239,50.13826146
14088,2.998,1.0979,6.597992684,47.85215606
14089,2.8241,1.98549,9.68093188,51.71252567
14090,4.40595,5.66073,24.8596102,51.19233402
14091,2.31348,0.828172,4.999918911,47.07734428
14092,16.9336,1.59461,9.054001081,48.27926078
14093,6.83663,8.47073,36.02374808,51.34839151
14094,11.36828,2.44782,12.28780572,51.61396304
14095,6.90203,2.32712,11.95307598,50.88021903
14096,8.41218,1.63792,9.720615846,47.56468172
14097,5.25358,1.00141,4.62015948,52.09034908
14098,4.0456,2.04774,9.948739383,51.79192334
14099,4.81085,2.98315,14.41175131,51.4825462
14100,2.86413,2.40845,11.21236788,52.21629021
14101,10.62458,3.80014,18.92159458,50.03422313
14102,2.67785,1.73636,8.462072299,50.31622177
14103,5.77205,1.68645,7.891799014,52.36960986
14104,7.99375,9.23229,40.4580875,50.61738535
14105,19.2813,4.12131,23.77647974,46.6036961
14106,4.35228,4.24571,24.33783954,47.27173169
14107,13.23738,2.23839,13.13944639,47.51813826
14108,23.2326,4.26811,18.99769107,52.05475702
14109,7.12615,1.73682,8.928584104,47.03353867
14110,22.42075,4.87364,28.09217027,47.30732375
14111,10.06465,1.64027,9.748636424,47.25804244
14112,14.6683,3.26676,15.70479904,50.84462697
14113,18.67073,2.08878,12.94493806,46.89938398
14114,6.9596,5.63534,24.7838693,50.14921287
14115,7.46905,2.24704,11.79575063,50.50239562
14116,16.48583,2.25085,12.66034666,48.6844627
14117,2.83483,1.90431,8.896687583,52.3340178
14118,2.8332,1.54405,7.449419991,51.86858316
14119,23.9868,5.85374,30.50402611,48.35318275
14120,7.10878,2.28933,10.9063699,50.72963723
14121,11.06753,2.89083,14.79970119,49.61533196
14122,7.36078,1.66001,9.434104251,48.27926078
14123,3.62215,1.97468,10.60764967,49.03216975
14124,3.2767,1.49513,7.689657332,50.74880219
14125,11.87113,6.88999,31.567362,50.2642026
14126,4.59008,2.54199,12.36473193,51.87953457
14127,2.63208,1.78693,8.777256389,51.59753593
14128,6.30355,1.55094,9.23645487,47.24161533
14129,3.75423,1.20213,7.600569911,46.41204654
14130,5.77878,1.88491,9.240662698,51.94524298
14131,10.17885,4.96484,25.17170065,49.87542779
14132,10.27493,2.66172,13.3612167,50.75427789
14133,2.35515,4.36407,24.12128456,48.47091034
14134,2.8332,1.71247,9.707601212,48.13141684
14135,5.04165,2.36213,12.58756901,49.85078713
14136,5.08393,1.63453,8.010981295,51.17043121
14137,5.733,2.42564,11.64140039,51.84941821
14138,6.3265,1.76615,9.063116066,50.02874743
14139,6.53318,3.60529,20.55778772,47.60301164
14140,17.7737,4.89859,27.2065114,47.66324435
14141,2.40918,1.5112,7.230245496,52.09034908
14142,2.764,0.907673,4.322707533,52.18069815
14143,3.39938,1.63222,8.365529318,50.10814511
14144,12.4112,10.5241,36.88937532,51.70431211
14145,14.32033,3.00145,16.58595376,48.89253936
14146,13.53028,2.48574,13.81044677,49.57700205
14147,3.24158,1.62778,8.780634504,49.65366188
14148,7.12868,1.97793,9.649983602,51.00616016
14149,2.57365,4.80204,20.96648041,52.75838467
14150,16.78323,2.23965,12.00534787,49.67556468
14151,8.15228,2.91366,12.82320738,51.58384668
14152,15.3835,4.69026,20.849728,52.77754962
14153,8.01453,2.71511,15.2022303,48.48459959
14154,17.21895,3.25146,14.50361234,51.20328542
14155,3.98415,0.991701,4.921534782,51.11841205
14156,5.5044,1.23556,5.738422341,52.43258042
14157,3.32148,3.07967,16.89709597,48.90622861
14158,4.87338,1.89717,9.270674586,51.55373032
14159,4.36513,2.09235,8.998706667,49.86721424
14160,3.3964,2.89608,12.11498845,52.83230664
14161,2.5257,1.04276,4.929025901,52.55578371
14162,8.17298,1.85253,8.599022281,52.21902806
14163,3.18815,2.43417,12.24762393,50.82546201
14164,2.42015,3.04078,15.24739037,50.275154
14165,8.33608,2.79618,15.48824407,48.58863792
14166,2.49498,1.31355,7.431320405,48.58316222
14167,12.71263,2.31813,10.67857824,52.08487337
14168,4.01508,4.41333,18.53483,51.26078029
14169,8.80415,3.11757,14.96694753,51.78918549
14170,6.06113,3.49841,14.5877689,52.26557153
14171,2.05558,0.653433,3.813062529,48.0164271
14172,7.7896,3.21576,16.86544836,49.045859
14173,15.5389,3.17392,16.55181702,49.27310062
14174,6.555,1.7381,9.359370857,49.65913758
14175,5.76998,2.4975,12.78812239,49.21560575
14176,4.82343,3.74997,16.94107073,52.38056126
14177,5.3592,2.43201,12.3618872,50.6036961
14178,2.4753,1.12699,5.824179059,49.36618754
14179,6.62403,2.72538,13.77334677,50.10540726
14180,3.58423,2.62458,14.57769382,48.49555099
14181,4.1049,1.3798,7.15000044,50.66392882
14182,11.32448,2.84105,13.54683524,52.12867899
14183,14.62265,2.28319,12.78255146,48.80766598
14184,4.63,2.02153,10.61111076,50.81451061
14185,3.58718,2.94509,15.52214375,49.83162218
14186,4.7107,2.77797,14.03245414,50.51334702
14187,3.5708,5.09809,24.4044536,50.82819986
14188,8.83203,1.43977,7.807251306,49.9028063
14189,2.83823,2.02186,9.79945039,50.04791239
14190,3.96478,3.16911,15.16157439,51.6659822
14191,14.51265,4.04397,21.3978124,48.56947296
14192,3.47788,2.20363,12.95394637,47.34839151
14193,10.77475,2.87094,15.11463636,49.58247775
14194,2.61678,1.59537,8.609405541,49.13620808
14195,5.30383,1.60392,7.511932905,52.06570842
14196,7.73478,2.01726,10.78901298,49.89459274
14197,14.94803,5.12117,24.68797823,49.88911704
14198,15.745,3.29112,18.1159437,48.81861739
14199,6.11933,2.2323,11.39427643,50.33264887
14200,8.90068,1.76793,11.02356087,46.80903491
14201,5.35978,4.04768,17.71780021,51.90965092
14202,4.8521,2.40786,12.17792808,50.39835729
14203,17.73698,4.18274,22.63538793,48.40520192
14204,3.01445,2.53516,11.4214673,52.27104723
14205,4.80823,1.38613,6.791493503,51.6495551
14206,3.41493,2.03162,9.533456402,52.58042437
14207,9.27708,4.23837,21.77189423,49.22108145
14208,2.43578,0.997827,4.840424454,52.73374401
14209,6.91783,2.91764,13.38978251,52.05475702
14210,9.1648,4.81483,24.81658368,49.63997262
14211,4.63993,0.599178,3.043978265,51.93155373
14212,25.93453,1.62942,8.096382422,50.50513347
14213,4.85215,2.12145,10.87753146,50.94592745
14214,14.49245,1.50837,7.828326004,50.67488022
14215,5.89905,2.47391,15.2076827,46.78986995
14216,10.1008,1.92893,10.35953006,49.58247775
14217,6.05155,3.99626,20.77102384,49.49760438
14218,3.0521,0.677563,3.851371542,50.05612594
14219,3.74573,2.62469,13.79527489,49.85078713
14220,4.36323,5.10974,24.29090151,50.36276523
14221,3.85113,1.64275,8.958252254,49.79603012
14222,7.29993,1.31121,6.884302777,49.86447639
14223,5.1304,1.99374,10.71737323,49.79603012
14224,5.31505,1.06786,5.548181108,50.2696783
14225,9.848,4.64355,22.91760872,49.62902122
14226,5.72988,2.14805,9.927830627,52.90622861
14227,3.08445,2.82773,12.91755754,52.11498973
14228,9.96553,5.65375,31.14195652,47.43326489
14229,3.09733,3.21488,17.35782349,48
14230,3.4398,1.84484,9.071057601,49.33059548
14231,5.1971,1.67902,7.869420481,51.26078029
14232,4.4484,2.60021,12.57998307,51.23613963
14233,6.0212,0.92795,4.17634624,52.98562628
14234,10.17885,4.96484,27.2264245,47.6495551
14235,5.59493,3.57619,17.08721867,50.43942505
14236,3.61498,2.81045,11.01028547,52.30116359
14237,16.17693,2.51141,14.83751237,47.01437372
14238,19.69063,2.62221,15.23494468,47.44147844
14239,2.4873,3.00662,15.82629267,49.34702259
14240,6.1963,2.95516,14.81155422,50.47501711
14241,5.72753,0.944113,5.189626758,49.50855578
14242,3.91655,2.63496,11.64916412,52.96372348
14243,16.0968,2.69068,14.34893021,49.95756331
14244,2.80628,0.866081,4.522182281,50.770705
14245,9.2699,2.67583,14.32451296,48.80219028
14246,11.36828,6.57049,32.28731543,49.20465435
14247,2.74243,2.39091,11.54319798,51.00616016
14248,19.2641,2.13637,10.91421661,50.42847365
14249,2.50625,4.13352,20.32641645,50.80629706
14250,5.62465,1.04794,5.267501207,51.58384668
14251,2.6344,3.15841,14.40772127,52.54483231
14252,8.05808,1.93865,9.936364813,47.46885695
14253,8.28395,2.97955,14.23205928,51.69062286
14254,4.7924,1.54891,8.331582222,49.27583847
14255,3.60143,1.82742,8.889623173,51.18412047
14256,10.59553,2.0538,10.53276219,50.82546201
14257,4.79198,3.9752,19.56545151,48.75838467
14258,4.3539,3.55716,17.64620787,50.54072553
14259,3.88443,2.2021,11.14605014,50.65845311
14260,6.50088,1.48987,8.077204209,49.43463381
14261,7.69698,5.24494,24.7159514,49.43189596
14262,2.97075,1.22979,6.322812592,50.2642026
14263,3.046,1.02466,5.328627316,50.89664613
14264,5.31765,1.65373,8.171341023,50.62833676
14265,6.38713,1.12641,6.450517206,48.21902806
14266,6.5496,1.61476,8.968718485,49.33880903
14267,4.83173,1.30722,7.865485273,47.64681725
14268,12.1545,3.7208,21.16027755,47.8110883
14269,2.28288,6.63183,32.44579052,48.75017112
14270,2.87748,1.38599,7.093757783,49.32785763
14271,3.63315,2.03023,9.840722663,51.73169062
14272,18.12878,3.74058,17.26442157,51.91512663
14273,11.8035,7.2825,31.25361213,52.90896646
14274,18.54745,3.10114,16.05031505,49.39904175
14275,3.1745,2.46816,13.05327481,49.42915811
14276,4.58138,1.0224,5.342329426,50.25051335
14277,5.17998,1.50993,9.213708893,47.70978782
14278,8.71133,2.05585,12.13502008,47.48528405
14279,14.71558,2.93638,14.76485326,50.48870637
14280,6.96163,5.63534,24.7838693,50.46954141
14281,14.59258,3.13012,14.97927469,51.11841205
14282,6.4418,1.70719,7.772107053,51.96988364
14283,22.45888,4.43454,20.83360787,51.23340178
14284,13.81633,2.3559,11.45824727,51.84394251
14285,3.74148,2.2078,10.73272291,51.77549624
14286,12.60308,2.54338,12.21656898,51.19507187
14287,9.5589,1.58092,8.504719524,49.87542779
14288,5.81505,5.23252,26.8352743,48.20807666
14289,7.59093,2.00188,10.7613717,49.77138946
14290,4.07648,3.29863,16.50013778,50.02600958
14291,5.42703,3.56593,17.64277049,50.01779603
14292,3.9601,3.1963,16.16244478,50.57631759
14293,3.60795,2.63582,12.6531163,51.59206023
14294,2.97015,1.08512,5.929991115,49.54688569
14295,18.47688,3.53808,16.11894413,52.50102669
14296,10.78585,1.78831,9.178386845,50.275154
14297,5.92028,3.63268,17.83241907,50.92676249
14298,4.89633,3.57819,16.28856108,52.40793977
14299,7.37698,1.8601,9.522539755,50.26694045
14300,3.58963,1.26132,7.929705024,46.87474333
14301,7.9141,2.51256,12.73276871,50.19849418
14302,6.4414,1.11224,5.466181802,51.23340178
14303,18.12485,3.20761,16.04118821,50.06160164
14304,12.48078,2.38403,11.56320591,51.76728268
14305,7.65873,1.70032,8.68727999,50.5982204
14306,10.17815,2.7602,13.99488002,48.7063655
14307,5.61383,0.688837,3.278964711,51.16769336
14308,9.62655,2.73393,12.57097476,50.30527036
14309,16.4411,2.44204,11.85374753,51.22518823
14310,5.9104,1.89043,9.25148452,51.02532512
14311,4.55885,4.85112,21.89836613,52.51471595
14312,10.1279,5.09042,25.52812145,48.61875428
14313,3.40033,1.61305,7.938251064,51.74537988
14314,2.53325,2.78387,13.29981797,51.89048597
14315,20.73023,5.62196,30.72461111,47.39219713
14316,6.84613,0.907048,4.790025344,50.58453114
14317,5.49973,6.23155,24.30868107,52.13141684
14318,11.68115,1.98294,9.949889128,51.70704997
14319,7.97498,4.45628,20.71792224,49.93292266
14320,10.6501,1.91723,9.802615151,50.6201232
14321,7.16645,4.02796,20.77102384,49.67008898
14322,12.26315,4.01677,18.17058619,51.34839151
14323,2.6116,3.51636,18.92005368,47.89596167
14324,3.17153,0.913755,4.77021892,50.60643395
14325,8.731,2.59109,13.15532945,50.15195072
14326,2.86433,2.16795,12.11285491,48.41615332
14327,5.60735,1.37923,7.43856261,49.77686516
14328,3.6335,1.62085,7.597701476,52.73921971
14329,8.29313,3.20091,15.4110808,51.1211499
14330,3.44983,1.61935,10.15318055,47.10472279
14331,4.32578,2.44709,11.82908136,51.04449008
14332,11.13118,2.241,11.36914799,51.1430527
14333,3.5623,2.78303,12.77982526,52.1779603
14334,7.36938,4.05879,19.88465378,51.24982888
14335,15.34208,3.89494,18.14996191,52.1670089
14336,7.57775,3.07084,13.98255286,52.0109514
14337,8.54703,2.73959,15.86765976,47.17864476
14338,4.85345,1.4759,6.915002142,52.8788501
14339,3.03568,1.26072,6.863714053,48.70362765
14340,4.8511,4.91002,21.89836613,52.01368925
14341,8.29385,3.28668,16.41444033,50.11909651
14342,6.27928,4.46108,22.67047291,49.96303901
14343,15.43525,4.63867,20.75845962,52.14510609
14344,3.82275,3.59687,17.07927714,51.26351814
14345,8.91913,2.32866,12.48859616,49.16084873
14346,3.56613,1.70829,9.678810186,48.79945243
14347,2.3658,1.75177,8.105141815,52.04654346
14348,2.34885,2.13165,10.31977498,51.76454483
14349,9.87133,4.83931,22.66893202,50.56536619
14350,3.11395,1.70988,9.221792664,49.65092402
14351,10.48445,1.99288,10.74630649,49.16084873
14352,1.98423,2.98441,13.11704415,49.90006845
14353,24.32435,5.21506,23.96600979,51.1321013
14354,4.31343,2.91957,13.38978251,52.38603696
14355,4.5473,1.98185,8.691890821,50.85831622
14356,3.54503,1.23425,6.139552797,51.94798084
14357,8.16938,2.35605,11.12249816,51.53182752
14358,2.87335,5.67284,27.09023311,51.22245038
14359,20.9154,8.84742,40.39360699,50.28062971
14360,3.96283,2.16134,10.5216559,51.37303217
14361,6.20405,2.38017,12.69246838,49.95208761
14362,2.1867,1.87775,9.159173073,50.48323066
14363,2.38583,1.36913,7.172722711,50.54346338
14364,5.57123,5.44069,26.23207328,48.43258042
14365,4.22255,1.70173,7.925686845,50.69678303
14366,8.8593,2.34282,12.4376281,49.39356605
14367,6.11593,6.77239,29.62002666,51.88774812
14368,14.17363,4.7947,23.24913815,51.87953457
14369,3.51428,1.79269,9.621856347,49.44284736
14370,2.94038,2.14068,11.40918755,49.53319644
14371,19.05848,3.20327,16.04118821,51.01437372
14372,6.3421,3.15529,15.02550153,51.60574949
14373,3.6376,1.91331,10.19081394,49.27036277
14374,8.21023,4.32942,20.36316086,51.84120465
14375,5.92245,2.66909,12.51965111,51.79739904
14376,3.13725,1.28174,6.911469937,49.63175907
14377,12.05238,8.37735,40.45322776,49.7303217
14378,3.71398,1.82042,9.882955031,48.34223135
14379,5.26635,2.15749,10.48431883,51.18412047
14380,12.1825,3.18884,15.27714149,51.90143737
14381,4.8511,1.39996,6.927969363,51.56468172
14382,3.0443,1.52994,7.890447768,50.05612594
14383,6.1778,1.34223,6.293014059,52.06844627
14384,8.9303,6.67543,32.02512626,50.0698152
14385,5.29265,6.53511,29.42065859,51.13483915
14386,9.26403,3.67704,19.84210138,49.68104038
14387,6.14588,3.27463,14.94134497,55.32922656
14388,2.47523,2.94956,17.9242801,47.2936345
14389,2.7073,1.94106,9.489789816,51.42505133
14390,2.7331,2.29369,11.74068142,49.62902122
14391,4.3198,3.58285,15.27429676,52.20533881
14392,2.4325,3.51812,17.4000203,50.52156057
14393,6.731,3.8462,17.47019028,52.36960986
14394,9.26403,2.51305,12.53316358,50.83367556
14395,7.0753,6.2154,33.40647912,49.47022587
14396,10.3613,8.04911,32.4718672,51.81930185
14397,20.20278,12.1459,51.25205506,52.46817248
14398,2.7943,3.15342,15.67777412,49.70020534
14399,10.48953,2.21389,11.83471156,49.77412731
14400,14.20735,7.24776,31.06017057,52.7063655
14401,5.18403,3.28113,15.39567185,51.81930185
14402,7.22983,3.71119,16.86604101,52.68720055
14403,6.31625,4.96272,22.24163006,51.51540041
14404,17.01278,4.64698,22.5271697,50.86652977
14405,9.7651,2.29718,10.6296252,52.48186174
14406,5.5477,1.67827,7.831384088,52.1779603
14407,2.78958,0.974903,4.547547779,51.67693361
14408,22.47953,4.59332,23.39564168,49.83162218
14409,10.74045,2.02428,10.86816756,48.73100616
14410,5.77475,2.23099,11.10877234,50.12183436
14411,10.6438,1.95843,12.15007344,46.97878166
14412,5.16465,1.50541,7.750143377,50.05338809
14413,3.36275,2.30212,9.433274538,51.58932238
14414,5.62413,1.57217,8.504103166,48.06023272
14415,8.51418,1.43412,8.58508311,47.21697467
14416,4.32888,1.55417,8.448346483,48.5174538
14417,14.84408,3.43696,17.94798617,49.65092402
14418,9.13143,1.58471,8.192510546,50.28336756
14419,2.67318,1.76841,9.087770382,48.76386037
14420,20.97998,3.70947,21.18552452,47.23887748
14421,2.61503,1.59537,8.609405541,49.13620808
14422,4.55673,3.07138,16.82040682,48.46817248
14423,6.96218,2.43381,11.81086325,51.01984942
14424,4.82868,1.86779,9.577312636,50.35728953
14425,6.5396,1.61839,8.551728666,50.34907598
14426,15.3911,2.8711,14.34881168,50.65571526
14427,17.49223,3.7555,21.34731847,47.23887748
14428,10.80098,4.26998,21.43882391,49.60438056
14429,3.12228,6.6823,32.3801247,49.27583847
14430,9.7828,1.36816,7.608772212,49.62902122
14431,7.60358,2.81338,14.61064526,49.85626283
14432,1.80023,0.983057,5.171621996,50.7816564
14433,15.9613,2.0321,9.886179057,51.87405886
14434,5.04413,2.92743,14.10819505,51.3100616
14435,5.31495,1.48089,6.959427322,52.95003422
14436,3.84298,1.62231,9.227873271,48.42162902
14437,5.90278,4.64351,20.34443306,52.31485284
14438,12.05003,4.80666,18.35336002,52.55304586
14439,16.05638,5.33864,24.05561874,51.56741958
14440,3.80505,2.39676,11.59882428,51.1430527
14441,2.47235,1.26825,5.938916451,52.6954141
14442,3.19585,0.956371,4.685398592,51.61122519
14443,2.76568,1.62462,7.621609051,50.9596167
14444,6.89765,1.86764,8.683309222,52.5119781
14445,8.90363,1.55564,8.457828912,49.84804928
14446,9.179,1.76393,9.029820887,50.52156057
14447,9.50278,1.4295,7.796346512,49.229295
14448,6.07903,3.2263,16.21104223,50.12731006
14449,2.41815,2.05977,11.64800253,48.91991786
14450,7.22018,3.45441,15.67552204,52.32854209
14451,2.82768,1.46495,7.934422533,49.79329227
14452,18.29955,2.85704,15.02016766,49.65092402
14453,2.22573,2.83547,14.86038873,49.59890486
14454,3.63588,1.0806,6.81049392,46.61738535
14455,6.74615,3.62419,17.9972948,50.50787132
14456,3.13578,4.00832,20.58421999,49.7412731
14457,11.8049,2.86608,14.48132863,50.54346338
14458,9.37115,3.75432,19.33550261,49.78234086
14459,9.67798,1.56853,8.473368243,49.18548939
14460,6.81848,1.69112,8.359069413,51.40862423
14461,5.9433,3.22249,16.21104223,50.56536619
14462,3.39513,7.10939,28.2574016,51.05544148
14463,16.95775,5.45995,29.03057516,48.37234771
14464,3.358,2.8924,11.95769866,51.36208077
14465,5.17965,3.23283,16.7746541,49.07597536
14466,12.64788,2.39516,12.1811284,50.10814511
14467,3.63548,2.20263,10.14493084,52.12867899
14468,5.59288,2.05008,10.05604492,51.14852841
14469,3.29433,2.55511,11.95592071,52.26009582
14470,20.52368,2.7706,13.8000161,50.68583162
14471,5.35205,1.24437,7.433074654,47.61396304
14472,7.69915,1.37378,7.011794036,50.17659138
14473,11.67833,1.79488,8.325039346,50.96235455
14474,9.72148,2.49989,12.10716545,51.78370979
14475,14.3665,3.90091,19.32329398,50.86105407
14476,10.44005,2.34423,13.68693813,47.41957563
14477,2.6021,0.358872,2.640133464,46.34086242
14478,4.0422,1.495,7.74508213,50.63381246
14479,4.75275,2.56458,11.8949961,52.82683094
14480,2.30653,1.0196,5.589820825,49.99315537
14481,3.41573,2.74894,13.94403049,50.60095825
14482,8.45103,2.25333,12.61198627,48.1889117
14483,6.20998,1.51599,7.773944274,49.2238193
14484,4.10918,1.46542,7.561526009,50.60643395
14485,5.04413,1.67986,9.535969245,48.13141684
14486,2.41543,2.74724,13.22052115,48.82683094
14487,1.79265,7.41021,35.68996657,50.19575633
14488,3.47275,1.96466,9.593847622,51.64134155
14489,10.63408,2.18463,12.93995978,47.22245038
14490,12.58868,2.92936,13.43470552,52.40793977
14491,5.24135,2.29396,10.64396738,52.0109514
14492,5.73085,2.86491,15.1315862,49.44558522
14493,8.58083,2.48747,14.49744876,47.06913073
14494,3.19188,0.769389,4.638484274,48.22450376
14495,3.48633,1.15267,6.587348658,48.5284052
14496,19.99428,2.76064,15.3431629,48.58863792
14497,7.84955,1.87019,11.06616068,47.91238877
14498,10.31198,3.43738,15.8396866,52.80492813
14499,6.84305,3.74016,22.13578244,46.79534565
14500,7.4924,3.53485,16.0590863,50.46680356
14501,2.8819,4.20683,19.71171798,51.51813826
14502,3.74515,4.44312,21.42756352,50.60095825
14503,4.43275,0.866771,4.030838366,52.09308693
14504,7.20013,14.0857,57.82183751,50.49691992
14505,2.66908,1.83709,10.36609665,48.00273785
14506,2.23265,3.56373,20.25968385,47.46064339
14507,6.3476,1.31241,6.293014059,51.57015743
14508,8.5955,2.64088,14.61455676,48.36413415
14509,13.94648,2.50627,13.84209438,48.29021218
14510,7.6747,1.7524,8.59253867,52.25188227
14511,10.48593,2.2286,12.02573509,48.63244353
14512,9.19548,2.77706,14.33435098,49.34976044
14513,4.87305,1.42196,7.365085638,50.65297741
14514,7.1604,1.63657,8.433340539,50.68035592
14515,20.8659,3.88524,17.57354875,51.83572895
14516,5.7329,5.69636,25.3772323,52.73100616
14517,7.74753,3.03599,16.64024067,48.02190281
14518,17.7428,6.11571,29.70015318,49.26488706
14519,8.92758,2.25493,11.36387339,49.75496235
14520,9.0845,2.94883,13.50831288,52.10677618
14521,13.4447,4.34279,21.25889482,50.75701574
14522,12.02878,3.04995,17.56216984,47.70431211
14523,5.89725,2.60646,15.93688149,47.53182752
14524,11.35225,4.48387,23.82887016,47.1156742
14525,10.78765,2.89411,13.96927746,51.56468172
14526,4.563,0.824012,4.084188882,49.87816564
14527,3.19975,1.25704,6.515886702,50.34086242
14528,13.8582,2.93498,14.7634309,50.275154
14529,13.20465,2.73095,15.24181944,48.83778234
14530,11.57405,2.16938,12.75659331,47.60301164
14531,16.08048,5.79862,25.84068602,47.6440794
14532,9.04063,7.91566,36.42165451,49.94661191
14533,6.5488,1.53235,9.220642919,47.137577
14534,19.0447,3.20327,15.53198177,50.31074606
14535,15.72008,4.28351,21.10516093,51.23340178
14536,3.39925,0.809715,4.677137026,48.7118412
14537,4.10578,1.3798,6.829529896,51.95619439
14538,3.03983,1.48178,6.961940165,52.39151266
14539,11.536,2.14537,10.44977908,51.22792608
14540,3.23753,1.05649,5.517695098,50.83367556
14541,5.19158,3.42101,17.85221364,49.93566051
14542,2.5274,2.21344,11.7513373,49.97672827
14543,11.10608,2.7323,15.0944862,48.5119781
14544,2.3515,2.03837,9.970655647,51.6605065
14545,16.5612,8.29255,43.44683062,47.35934292
14546,8.10215,2.68415,12.31376387,52.36413415
14547,8.50495,4.04516,19.1110061,51.55099247
14548,4.05605,2.63608,13.33561414,50.97878166
14549,3.8205,1.32356,7.270237641,49.74401095
14550,4.64703,2.35588,12.63166231,49.98767967
14551,5.45493,1.65953,7.642008126,52.36960986
14552,8.76973,8.43727,35.68249916,52.183436
14553,4.28013,1.06605,5.548181108,50.17111567
14554,15.93735,11.3816,41.32715213,52.84599589
14555,6.1963,2.18537,10.60352482,51.73169062
14556,4.99963,2.42307,10.68058141,51.74537988
14557,12.1134,2.92663,13.85394742,51.90417522
14558,9.2046,1.70122,8.734739547,50.33264887
14559,6.9002,1.99004,9.284270018,51.75085558
14560,5.69448,1.52721,7.510368304,51.29089665
14561,16.7044,2.82477,13.5525247,51.22792608
14562,9.8166,1.23655,7.30938822,48.70362765
14563,6.72873,2.3824,12.65050864,50.34360027
14564,2.64413,2.329,11.81317459,50.9431896
14565,13.6421,2.39311,14.03660271,47.06913073
14566,11.94478,3.42358,17.6514232,49.09787817
14567,5.85133,2.15005,10.96751971,50.91854894
14568,12.93035,7.92166,34.52433898,50.42299795
14569,7.7263,2.36571,13.16481188,48.28473648
14570,5.734,0.864111,4.271976537,51.21149897
14571,8.07408,1.2793,6.308873422,51.51540041
14572,11.87073,4.20574,20.06102696,49.9192334
14573,4.00318,1.66747,8.947418578,50.11909651
14574,3.20533,4.29609,21.20294848,50.41478439
14575,7.15683,2.80038,16.24008216,47.02532512
14576,15.82308,9.55382,40.28467758,51.01984942
14577,3.12133,2.68918,14.97560025,48.63791923
14578,8.66438,5.57404,25.9452298,51.87132101
14579,19.4371,3.25297,14.50361234,50.34633812
14580,15.61505,2.31128,11.24425255,51.08555784
14581,7.03003,1.69487,8.319266917,51.40862423
14582,10.38225,1.42978,8.551645695,48.76386037
14583,3.86245,3.19371,15.16560442,51.26625599
14584,7.17555,5.30721,24.46134818,51.07186858
14585,4.08225,2.61642,12.08488174,50.87748118
14586,6.60343,1.35236,7.694517077,48.42162902
14587,4.05858,1.91733,9.402563321,51.8384668
14588,12.98878,2.92699,14.08531869,51.96714579
14589,3.7568,1.34114,6.962769878,50.59548255
14590,4.45435,2.50735,14.62747657,47.28268309
14591,8.38323,2.07465,9.167541316,52.98288843
14592,7.6653,4.16867,19.66039433,51.70704997
14593,4.36923,2.5392,12.27370061,51.90143737
14594,4.50548,1.98953,9.705064662,51.8110883
14595,5.25703,1.65374,8.580590809,49.87268994
14596,26.4177,2.2964,11.06105202,50.31895962
14597,4.97483,1.66834,8.199373454,51.52361396
14598,3.38453,2.08761,9.700679038,52.63791923
14599,9.04723,1.35182,7.002702757,50.17659138
14600,11.42735,3.24436,16.30491827,50.9650924
14601,3.38015,1.08037,6.172468679,48.79671458
14602,2.57445,1.71519,8.186263996,51.91238877
14603,3.25613,0.885398,4.84805781,49.97672827
14604,6.11075,1.77696,9.57596139,48.88706366
14605,5.87548,1.49422,7.321822055,51.79739904
14606,7.67925,2.55375,12.16157089,51.26078029
14607,6.79415,2.05812,12.08689676,47.07734428
14608,2.20975,1.2113,7.643169724,47.04996578
14609,7.12615,1.55905,7.683315958,51.78918549
14610,12.14945,4.61122,18.97481471,51.42778919
14611,4.34388,2.66636,14.80124208,47.12936345
14612,10.58243,2.19415,10.16128803,52.49555099
14613,4.02948,0.895821,4.535173209,51.69336071
14614,8.2525,2.30943,13.50629786,47.62217659
14615,6.11368,3.27373,14.69752801,52.21081451
14616,5.80275,2.07907,10.67962131,49.99863107
14617,3.15903,1.75641,10.96959399,46.81998631
14618,3.72098,1.47846,7.284674639,49.48391513
14619,6.55488,1.2092,5.96569246,51.68788501
14620,9.32728,4.89879,21.83649328,52.25735797
14621,16.88905,5.26136,24.34909992,51.56741958
14622,7.75878,3.10532,17.93731844,47.21697467
14623,20.27635,2.38305,11.64987531,51.34839151
14624,18.10555,3.02652,13.80748351,52.1724846
14625,7.30905,4.21235,21.50851976,47.86584531
14626,2.60785,1.70782,8.737987279,50.98425736
14627,23.896,4.56642,25.84898314,48.30116359
14628,6.7068,1.76139,9.453080962,49.50855578
14629,17.68863,3.83743,19.88192758,49.68104038
14630,3.60828,1.89276,9.285147143,51.36481862
14631,4.06543,1.97851,10.63161651,49.9192334
14632,3.43685,1.55007,7.283963457,52.42436687
14633,3.55693,1.19187,6.188339895,50.6201232
14634,2.80975,3.11511,16.76932024,47.68514716
14635,5.811,4.05227,19.83498956,51.09924709
14636,2.97038,2.82664,14.26489219,50.28884326
14637,4.9059,1.15724,5.917426896,50.47501711
14638,5.04825,2.33542,12.44876996,49.7467488
14639,12.19773,3.13159,14.89523666,51.08008214
14640,3.3498,2.47996,12.90771952,49.80150582
14641,10.09773,2.29546,11.17108376,51.88501027
14642,2.4738,4.19582,16.06169397,51.55646817
14643,11.42023,4.64756,20.67667367,52.29842574
14644,3.72443,2.39026,12.60771917,50.34360027
14645,2.0505,1.28537,5.162222538,52.95824778
14646,2.6861,1.32874,6.567471116,51.4934976
14647,5.29798,1.18853,6.214487693,49.98767967
14648,3.81693,1.61481,7.880467511,51.25530459
14649,3.43383,5.3752,26.06933109,50.69404517
14650,10.15135,2.04625,10.9042245,50.34633812
14651,3.19188,2.22345,11.26177134,50.4476386
14652,3.49995,2.01269,9.609967751,51.39219713
14653,10.57538,1.98357,9.656976893,51.17590691
14654,3.70788,2.57674,13.06157194,50.68035592
14655,3.08258,4.00044,20.52602158,49.56605065
14656,3.48253,3.86692,19.5287071,50.47227926
14657,5.98395,3.5106,15.91957606,52.26830938
14658,4.37743,2.83562,13.63276976,51.84941821
14659,4.0931,3.02745,14.51226506,51.65776865
14660,11.15153,7.54703,32.1579988,51.62765229
14661,9.78598,3.41148,16.71112183,50.55989049
14662,4.7049,1.79999,8.366074558,52.15605749
14663,8.02705,2.7878,15.41629614,48.88158795
14664,17.71465,2.504,12.24572744,51.62491444
14665,6.24003,2.28481,10.78934487,50.9650924
14666,7.81483,4.16766,22.63266173,48.47091034
14667,5.23665,1.61977,10.15318055,46.83641342
14668,11.36828,2.56032,12.2994217,51.74264203
14669,6.72235,3.62419,21.87821596,47.43600274
14670,5.90963,3.40875,16.2823975,51.86036961
14671,1.75395,1.55753,7.265034158,52.75838467
14672,4.78245,0.635598,3.170865019,51.30184805
14673,7.3161,6.86583,32.13370008,50.39014374
14674,5.37973,2.22199,11.87188268,49.9247091
14675,2.99178,2.6602,12.79357478,52.20807666
14676,10.05888,1.64027,9.352543508,48.72553046
14677,2.65718,0.86293,4.993565684,47.87405886
14678,2.73193,1.29808,6.720730876,50.03422313
14679,14.4374,4.39876,22.5501646,49.08966461
14680,5.19738,1.67902,7.852838084,51.56468172
14681,6.25798,3.07796,16.82716305,48.46817248
14682,2.14248,1.40081,6.581173226,52.36413415
14683,5.05253,2.33542,12.44201373,49.82614648
14684,10.84868,1.44399,7.142189289,51.11841205
14685,14.0796,5.19161,22.89674738,52.97741273
14686,6.78205,1.214,6.291010896,50.77891855
14687,13.39755,4.60565,23.57699313,49.67282683
14688,10.2972,5.05514,26.89062798,48.12046543
14689,8.84338,2.70392,15.66876581,47.73990418
14690,3.16405,3.39337,16.09642336,50.69404517
14691,4.00623,1.60321,8.679456986,49.79603012
14692,19.296,3.7897,18.82511086,50.47501711
14693,11.5403,3.5291,16.66477646,51.89048597
14694,4.05225,1.46471,7.197424439,51.09924709
14695,6.64468,2.98687,16.56201063,47.40862423
14696,11.35348,1.75078,8.588117488,51.15400411
14697,3.9358,1.11659,6.109813529,49.85078713
14698,6.62233,3.57419,16.55395057,49.43189596
14699,12.1891,4.53978,21.06142323,50.90759754
14700,2.1881,4.09436,20.34549983,50.38740589
14701,2.6948,1.15211,5.732472117,51.77275838
14702,14.8177,7.15563,33.66558649,50.70499658
14703,2.65883,3.41095,17.14838034,50.38466804
14704,3.11133,1.46532,7.197424439,51.33744011
14705,12.81793,2.45807,11.32385754,52.79671458
14706,6.22515,2.28847,10.78934487,51.89322382
14707,16.9566,1.71577,8.603016754,50.48870637
14708,13.01763,3.80699,21.67742553,47.44147844
14709,8.78398,3.64502,15.73917285,50.08898015
14710,2.72235,3.06493,15.19523701,50.72963723
14711,10.32665,3.84837,19.07722494,50.29979466
14712,5.49345,3.0481,15.23790794,50.75427789
14713,4.80663,2.95416,13.47038316,52.45722108
14714,6.69948,2.19956,11.13714851,50.55441478
14715,2.94085,2.09183,10.72082246,50.68583162
14716,20.30283,1.92854,9.818166335,50.01505818
14717,16.0458,5.50062,27.69284148,48.19164956
14718,2.93733,2.15695,11.12081503,50.16837782
14719,13.39745,1.95747,10.49984631,49.48665298
14720,3.08968,1.201,6.534140378,50.55715264
14721,4.62225,1.92063,8.962353404,51.01163587
14722,3.19975,2.13177,11.42886359,47.14579055
14723,3.33813,1.77847,8.290629981,52.54483231
14724,6.27513,4.17034,18.60725205,52.34770705
14725,4.3451,1.28311,6.185708521,51.86584531
14726,3.11123,1.4451,8.983013247,46.97330595
14727,7.77273,3.5333,19.29579494,48.65434634
14728,5.49,2.78772,12.84940259,52.91718001
14729,9.37375,1.85069,9.393282394,50.34907598
14730,4.3696,2.47417,12.53648243,50.54620123
14731,2.39133,1.05411,5.767758606,49.54688569
14732,3.78823,2.03187,9.67722188,51.16769336
14733,16.25848,1.52141,8.868572181,47.95893224
14734,10.15705,6.69349,32.73322665,49.36344969
14735,9.2632,3.48012,17.65379381,50.39288159
14736,5.82555,2.25922,12.49440415,49.47843943
14737,8.86253,9.81439,42.11241579,51.1156742
14738,3.03665,1.61426,7.589759942,52.64613279
14739,4.57035,1.52415,7.492908782,51.86858316
14740,3.3352,1.84362,11.17507823,47.40314853
14741,3.4398,2.30068,11.67983978,50.35728953
14742,10.37258,3.77634,21.37552869,47.95619439
14743,11.4501,8.91155,40.24496991,49.7303217
14744,2.55035,1.89337,11.05326458,47.05817933
14745,11.28158,6.70538,28.43685657,52.80492813
14746,4.48008,1.92217,8.926177937,52.42984257
14747,2.9952,2.02452,11.95639483,46.99794661
14748,15.41885,2.76666,12.74936296,52.47638604
14749,6.44263,2.60883,12.72127126,50.51334702
14750,13.03818,3.80699,17.22151357,52.22724162
14751,3.47788,2.29242,10.61990571,52.24640657
14752,3.36305,2.80536,12.85058789,52.55304586
14753,4.3483,2.54666,12.85995179,50.0698152
14754,5.05495,1.7141,8.344952447,51.52361396
14755,4.46258,16.098,44.21787063,50.61738535
14756,13.1669,2.39697,13.35327516,48.64065708
14757,3.38133,4.40398,19.00729203,52.58863792
14758,3.30405,4.23085,21.64506674,49.2347707
14759,4.6487,2.39545,11.59882428,51.70431211
14760,14.16265,3.23821,16.1281895,50.88021903
14761,3.09518,1.44847,7.080849826,51.79466119
14762,4.91353,2.02949,9.427122813,52.30116359
14763,10.78765,2.89411,14.79970119,49.60438056
14764,8.40658,1.49827,8.16550933,49.72758385
14765,3.56908,1.4611,7.90220598,49.99315537
14766,8.376,1.69078,9.116419171,49.66461328
14767,3.9542,4.78899,24.56814403,49.86173854
14768,10.50738,1.73314,9.347754881,49.47022587
14769,7.66553,2.9634,14.23205928,51.9890486
14770,3.6519,3.69436,17.53064076,51.66324435
14771,5.33175,8.6315,41.4133237,52.59958932
14772,16.24463,3.90112,18.41274373,50.46680356
14773,4.5627,0.875198,5.119030074,47.27720739
14774,6.02893,1.68632,8.663633182,50.32443532
14775,12.83465,2.34063,13.55987358,47.58658453
14776,5.88835,1.73815,8.132996451,52.89801506
14777,2.68328,2.20126,11.79680555,49.69199179
14778,4.799,1.6235,8.264233269,49.64271047
14779,8.23583,2.83794,14.32486855,50.51060917
14780,5.9528,5.84212,25.14242365,52.75017112
14781,3.3461,1.77078,9.519955793,49.51129363
14782,4.58695,2.42637,11.75472727,51.89869952
14783,12.23645,5.47306,26.27438862,50.13004791
14784,9.19363,8.15076,33.89695776,50.96235455
14785,17.69698,3.89954,19.3077665,50.51608487
14786,5.28598,1.9164,11.26543393,47.4825462
14787,4.1707,2.47164,11.32568291,52.0164271
14788,8.30365,1.28032,7.657440779,48.74195756
14789,7.35285,1.66967,8.632021134,50.72689938
14790,3.11123,1.60937,8.241238379,50.19301848
14791,4.5878,3.07381,15.35074885,50.75427789
14792,3.99638,2.27566,10.55570967,51.72073922
14793,14.90033,2.34965,11.42718046,51.52635181
14794,18.70268,6.58524,28.48640226,51.9890486
14795,3.2289,1.80984,8.857797771,51.03353867
14796,3.3114,2.18264,12.8182291,47.58110883
14797,10.5719,3.00926,15.00653667,50.2642026
14798,9.2729,2.66245,15.49938592,47.93429158
14799,8.21023,7.39869,33.13006631,51.05544148
14800,9.54665,2.25239,10.05576045,52.76933607
14801,3.4378,5.3752,26.52721388,46.84462697
14802,8.3844,2.63972,13.06121635,47.84668036
14803,10.3842,5.02571,22.25988374,52.01916496
14804,11.7876,1.90629,9.377020028,51.50992471
14805,5.43623,1.88259,10.59197996,48.49007529
14806,10.87173,2.37696,11.02599074,52.62696783
14807,3.0759,1.44005,8.597030971,47.91786448
14808,11.7504,2.50405,11.72605477,52.40520192
14809,5.3247,2.20142,11.21611344,50.08350445
14810,7.40965,2.75887,15.41629614,48.18617385
14811,10.11953,5.27634,24.41286926,52.8678987
14812,15.04233,5.65444,26.94278134,50.66666667
14813,3.17153,1.14346,5.964400479,50.16563997
14814,7.9811,4.87312,24.70895811,49.5797399
14815,4.87585,0.793016,3.780028116,50.16837782
14816,5.58145,15.4263,47.18907126,49.56605065
14817,5.349,2.26253,10.99312227,51.60027379
14818,10.58718,2.19415,12.93995978,47.15126626
14819,21.0019,3.52655,15.96876616,52
14820,3.35513,1.44757,7.042398576,51.59753593
14821,5.35623,1.24437,7.449147372,47.17316906
14822,4.51695,1.46775,7.967433239,49.46748802
14823,5.66843,2.4825,12.85260291,49.80424367
14824,5.1891,1.79478,9.673073317,49.67282683
14825,4.37028,2.57854,13.67567775,49.76043806
14826,5.43193,1.53297,7.09120938,49.98767967
14827,9.19958,1.11155,6.652386268,47.19507187
14828,6.524,2.47039,13.17050134,49.68651608
14829,15.34798,3.40281,15.56872619,50.18480493
14830,12.7815,1.65111,9.759754572,47.56468172
14831,4.9059,2.55963,11.89867054,52.75564682
14832,4.17998,2.04907,8.709480727,52.52019165
14833,8.47763,8.01149,33.64875518,51.81930185
14834,14.9501,3.84131,18.18220217,51.37850787
14835,3.45438,2.42869,14.27911583,47.35386721
14836,2.8688,1.30747,7.838258849,47.52361396
14837,10.2627,2.00059,10.619076,49.51129363
14838,4.96623,3.86067,17.40464299,52.73921971
14839,6.43395,2.61151,14.54545356,48.0054757
14840,3.51095,2.06697,9.547940812,52.8569473
14841,8.82945,3.69768,20.22080589,48.97467488
14842,11.90958,1.56095,7.655971003,51.72073922
14843,5.7542,1.4107,7.600830678,49.19917864
14844,6.92738,3.43468,18.67611819,48.39425051
14845,6.93745,4.14776,19.16446329,51.59479808
14846,16.88033,3.17162,14.63352162,52.42710472
14847,2.77273,2.12554,10.87077523,47.65229295
14848,3.2621,1.6946,9.175139113,49.83983573
14849,3.90875,2.74736,13.81554358,51.08281999
14850,3.45605,4.99306,24.63392839,50.55441478
14851,7.8878,2.4538,13.04948184,49.25119781
14852,8.0733,1.43264,8.148298721,48.28747433
14853,4.4314,1.24828,6.799399478,49.84257358
14854,21.3255,5.56978,26.75040656,50.37919233
14855,5.43925,2.74247,15.89029906,47.87679671
14856,7.22038,1.96709,11.0894519,48.94729637
14857,5.40618,6.71003,28.55230514,52.24093087
14858,10.59553,1.98576,10.15067956,50.20944559
14859,12.81793,1.93914,11.38728314,47.73442847
14860,2.85093,5.37871,23.61504138,52.20260096
14861,6.94095,4.14776,19.29911379,51.51813826
14862,5.90078,2.29965,11.17234018,51.03080082
14863,4.92603,1.91409,9.875795798,49.24024641
14864,3.48823,3.99616,19.73862437,50.2696783
14865,2.74478,1.35162,8.124189645,47.40041068
14866,8.3844,3.17043,14.40037239,52.35318275
14867,8.87418,1.70017,8.351530882,51.65229295
14868,3.25265,0.876246,5.096651541,47.77823409
14869,2.59835,1.61819,7.938417006,51.36481862
14870,7.86913,2.46203,14.32368325,47.40041068
14871,9.0465,2.68181,15.66876581,47.21971253
14872,3.98953,0.948674,5.165328034,49.88637919
14873,4.51605,2.20098,10.39437799,50.64750171
14874,5.15733,7.00912,32.62666786,50.4476386
14875,6.11075,3.54394,18.52119901,49.61533196
14876,7.49245,1.70736,9.140895691,49.9192334
14877,2.25335,1.77701,10.50512091,47.71526352
14878,2.99758,1.83258,10.36479281,48.07118412
14879,22.67413,5.5721,24.56695873,52.1724846
14880,17.47305,2.4047,13.4381429,48.81314168
14881,4.02438,2.84076,11.07962573,52.54483231
14882,5.48588,2.0491,10.435188,50.97878166
14883,13.20885,5.82529,29.16036591,48.41615332
14884,4.12928,2.10053,10.81888263,50.91581109
14885,3.40475,1.19072,5.665087605,51.51540041
14886,6.15623,1.75855,8.625620495,51.14579055
14887,6.6393,1.89044,8.82484633,52.76112252
14888,7.75823,2.75388,13.99464296,50.7652293
14889,15.22433,2.11026,10.74253723,50.92128679
14890,3.991,1.28981,5.924147568,52.68172485
14891,5.95233,3.60144,16.84612791,51.27994524
14892,7.8218,1.61249,8.268109212,50.7652293
14893,8.91965,2.20585,11.90779738,49.42642026
14894,9.10618,1.87657,9.628126603,49.85626283
14895,23.714,3.71416,20.32096405,48.17522245
14896,6.32858,1.76615,10.43528282,47.90417522
14897,4.17983,1.52158,8.274948414,48.3559206
14898,8.98808,4.41406,19.67046941,52.72005476
14899,4.95773,3.50353,17.52210658,50.07802875
14900,11.227,2.65062,12.74628117,48.91170431
14901,2.70638,0.705879,4.03343418,50.2477755
14902,12.49738,7.22539,36.66203408,47.91238877
14903,2.94643,2.79876,13.34320008,52.57221081
14904,4.9682,1.74126,10.78389247,46.96783025
14905,3.36938,3.33348,15.92028724,51.69336071
14906,2.95955,1.61248,7.938251064,51.36481862
14907,2.71973,1.47986,8.347809029,48.15058179
14908,4.20338,3.08083,16.2956729,48.10951403
14909,7.15103,1.5875,8.628429664,49.96851472
14910,5.49083,2.41346,11.63709773,51.2991102
14911,9.34868,1.38464,6.72812717,51.08555784
14912,3.56718,1.71819,8.844344574,50.49965777
14913,19.90835,4.32582,20.32712763,51.95345654
14914,2.68823,2.2126,9.97718667,52.24093087
14915,11.67893,2.03845,9.897036439,51.72347707
14916,3.37835,3.1016,18.81716933,46.29979466
14917,4.76878,1.33018,8.488243803,46.46954141
14918,3.2417,2.03099,9.885740495,51.15947981
14919,5.20388,2.39364,12.16643063,50.25051335
14920,3.90383,1.96698,11.06707336,48.08213552
14921,9.08395,2.19408,11.3182155,50.49418207
14922,16.28375,5.40658,27.24455964,49.92744695
14923,3.9939,2.73482,13.96109887,50.64202601
14924,8.23803,3.314,15.16761944,52.15605749
14925,8.727,1.51502,7.43961753,51.24709103
14926,18.847,1.84131,9.872180621,47.28542094
14927,22.44183,6.66748,35.57629595,48.50924025
14928,2.69788,2.67598,13.52111416,50.30800821
14929,2.6346,1.53994,8.417860473,49.76043806
14930,2.8481,5.65164,29.38699596,49.54962355
14931,6.84305,4.52412,22.96703588,49.32785763
14932,2.6778,2.20126,10.17791784,52.5229295
14933,3.59128,2.91376,14.56678902,50.57905544
14934,8.10515,2.68415,13.54529435,50.78439425
14935,2.83018,2.31593,13.52680361,47.20054757
14936,5.91188,1.88536,10.1198024,49.34428474
14937,19.7306,1.79601,9.260398003,50.0698152
14938,6.22625,1.97318,10.08775179,50.38466804
14939,19.37395,5.9061,31.9038697,48.33127995
14940,8.64415,2.75289,13.29531381,51.41409993
14941,12.63358,5.93913,26.86810721,48.58042437
14942,3.37865,3.1016,15.55070957,50.39014374
14943,9.89213,2.81548,14.18713627,50.34633812
14944,6.29385,3.88339,19.19528119,50.96235455
14945,13.60658,3.11421,15.63676261,50.83641342
14946,4.247,1.94351,9.876542539,50.71868583
14947,13.0948,3.44715,19.65292692,47.1156742
14948,3.02683,1.2137,6.291010896,50.50513347
14949,4.8687,7.32044,30.2916197,52.25735797
14950,3.66738,1.18112,5.804147428,52.82409309
14951,3.68275,1.98074,9.972481015,50.54346338
14952,3.78818,1.03015,6.199339513,47.08008214
14953,3.4226,1.16207,7.02094458,47.79739904
14954,13.53313,8.61179,40.96836072,50.04517454
14955,12.32953,3.65363,16.77192791,51.59206023
14956,17.91138,5.65435,30.72295169,47.54004107
14957,23.9712,3.71416,17.70250979,50.38466804
14958,15.04233,7.1564,30.84681592,52.12320329
14959,3.6144,1.6689,8.525521603,50.86105407
14960,5.40698,2.69252,14.97714114,48.0054757
14961,8.62303,1.78578,8.769599327,49.80698152
14962,2.61503,1.59537,8.703198617,49.63723477
14963,2.82498,1.49417,7.755228329,50.75975359
14964,9.74733,1.36148,6.389746689,52.39151266
14965,3.62088,2.82215,13.0044403,52.29842574
14966,6.3854,2.52855,12.0081926,50.49965777
14967,9.04538,2.58633,13.15532945,50.13826146
14968,5.41845,2.57446,11.42465576,49.5578371
14969,4.48138,0.981948,4.854707363,51.04996578
14970,8.9086,6.12899,26.58576788,52.32306639
14971,13.19715,8.37703,34.96136043,51.70704997
14972,6.06745,1.90633,8.662033022,52.18069815
14973,9.29103,2.97185,18.02052675,46.32991102
14974,4.01223,1.86858,10.04881457,49.53867214
14975,2.70708,0.799856,3.774018627,52.67351129
14976,3.1679,2.5286,12.72328628,50.93223819
14977,3.6392,1.91331,8.884716016,52.09856263
14978,2.5702,1.83394,9.470303424,50.62286105
14979,25.82995,3.14305,18.21503508,47.59479808
14980,2.02653,3.18787,15.24454564,51.26625599
14981,15.17468,3.6548,16.62388348,52.49281314
14982,5.38998,1.57344,7.723059189,51.50992471
14983,2.75425,1.17308,6.120208642,50.15742642
14984,3.6732,3.03041,14.40807687,51.85489391
14985,20.20933,9.82911,42.68053182,50.79534565
14986,3.88973,1.14144,5.661910992,51.27994524
14987,11.46855,3.11939,17.99314624,47.47980835
14988,3.36693,1.26208,6.501236349,50.40109514
14989,5.80655,4.12152,20.27734488,50.63381246
14990,2.32075,3.03339,16.05292272,49.45927447
14991,14.22765,2.29985,11.76801452,50.81451061
14992,3.0683,3.49103,15.6983984,49.87816564
14993,4.57388,2.63195,12.6480195,51.68514716
14994,2.8189,1.29913,6.720730876,50.90485969
14995,4.4832,1.90291,10.76242662,48.52019165
14996,22.40088,15.7957,56.50342428,50.39561944
14997,7.40673,1.97454,9.979675808,50.64476386
14998,14.1895,6.43675,29.05096238,51.06639288
14999,5.25008,0.750838,4.479618028,47.97535934
15000,4.77843,5.8478,25.35340769,51.40862423
15001,8.08625,1.98349,9.234060556,52.95277207
15002,3.97218,1.55146,9.23645487,47.42505133
15003,6.07695,2.14096,10.42249339,51.4880219
15004,2.96893,2.71651,14.32261647,49.65913758
15005,18.81883,3.5306,17.66789892,50.69678303
15006,6.4249,2.52463,11.74269643,50.49965777
15007,3.30423,1.65489,7.449822995,52.37782341
15008,9.85718,3.06005,13.86745988,52.1779603
15009,4.39905,5.58851,24.61081496,51.4934976
15010,4.39288,3.19538,15.30013638,51.21149897
15011,5.81988,2.97863,14.98816446,50.63928816
15012,3.60348,1.62794,9.722832363,47.02258727
15013,3.39925,1.61305,8.313790814,50.7926078
15014,3.61498,1.41428,7.361600845,50.13826146
15015,11.38473,3.55542,18.40480219,49.53045859
15016,8.79633,1.90725,10.75917889,48.39425051
15017,4.65923,2.48006,12.59989617,50.91033539
15018,7.5068,1.57436,8.917548927,47.41136208
15019,7.6327,2.32905,12.5215476,49.45927447
15020,7.86148,4.72471,21.71405141,51.70157426
15021,4.03145,1.91151,9.746491024,50.46132786
15022,8.60598,7.50649,27.46502612,50.05612594
15023,8.53833,1.98144,10.17322404,50.91854894
15024,11.11068,2.52471,12.70325465,50.69678303
15025,11.01085,4.17347,18.88485016,52.41341547
15026,5.05253,1.64572,8.463506516,51.40041068
15027,2.6543,1.40864,8.000894361,48.62696783
15028,12.21835,1.6576,7.793561049,52.12046543
15029,4.51605,2.70301,12.44011724,52.23545517
15030,7.19315,3.46894,17.34940784,50.55167693
15031,3.55255,2.20496,11.20428411,50.17111567
15032,3.59128,0.3977,2.640133464,47.1156742
15033,2.00995,1.26366,6.268241213,51.83025325
15034,4.662,3.00583,15.82629267,49.91101985
15035,5.09523,1.28784,6.649541539,50.4202601
15036,2.99005,2.82707,14.21819122,50.47227926
15037,9.07705,3.15961,15.1823172,49.88090349
15038,3.17925,1.17084,7.032406467,47.23340178
15039,3.0222,2.67909,13.02719813,51.20602327
15040,3.74573,1.50625,7.76678504,50.35728953
15041,12.03115,5.33445,21.95395687,50.50239562
15042,6.04105,3.51173,15.96793645,52.26830938
15043,1.98873,1.20501,7.595461252,46.88295688
15044,4.29568,1.20862,6.574488113,49.21013005
15045,3.81763,2.08075,11.13975618,49.06502396
15046,1.79265,1.30664,6.055265856,52.8788501
15047,3.25918,2.94772,14.14648035,51.67693361
15048,14.6267,4.99238,27.47367883,47.78370979
15049,3.53613,3.27936,17.15063242,49.59890486
15050,3.63818,1.60994,8.243905312,50.96783025
15051,5.43193,3.71937,14.43605003,52.57221081
15052,6.57413,1.39963,6.438178195,52.29295003
15053,2.5415,0.673151,3.851371542,48.81314168
15054,22.30645,5.34516,23.4905845,52.59685147
15055,4.24893,1.46376,7.133904017,51.14579055
15056,8.27433,3.42779,15.51289838,52.72005476
15057,5.51588,4.42813,21.71748879,50.96235455
15058,7.53283,3.63423,18.98323037,49.88911704
15059,9.29103,2.8595,11.63234467,50.33812457
15060,2.7403,2.32013,11.22335565,51.69883641
15061,4.1216,3.59262,17.2790008,50.89664613
15062,9.34753,2.81715,14.22056183,50.17111567
15063,2.30183,1.48821,7.340538,51.09377139
15064,7.05403,2.45265,13.64592663,48.48733744
15065,2.92993,1.83482,8.994913695,51.00616016
15066,7.91073,2.21649,10.30754265,52.73921971
15067,7.12788,1.77257,8.914917553,50.14099932
15068,23.896,2.76682,17.00045445,46.86926762
15069,3.51843,4.97669,24.63392839,49.86173854
15070,5.27965,4.41874,21.52143957,50.65297741
15071,2.04358,1.59976,6.924970545,51.3045859
15072,6.06745,1.87011,10.54267133,48.44353183
15073,3.18293,2.29673,12.25117984,49.87542779
15074,5.12458,2.39825,12.18978111,50.0807666
15075,2.1807,0.647604,3.435377378,50.06160164
15076,7.01355,2.77628,12.85212878,52.0164271
15077,3.63678,1.21203,5.709026811,52.89801506
15078,2.23448,2.3197,12.77378021,48.21081451
15079,27.25678,2.73068,13.37698123,51.72073922
15080,7.56235,1.58636,7.850194857,51.46064339
15081,6.93355,9.18428,43.26986479,52.59958932
15082,8.58055,2.48747,13.81755859,48.29021218
15083,6.9197,3.61936,17.05746755,51.38672142
15084,2.73608,2.29369,10.65930521,52.41067762
15085,6.57215,6.07089,25.48758406,51.51540041
15086,16.43083,3.06338,14.1380647,52.70910335
15087,3.89905,2.4888,11.98626448,51.02532512
15088,2.70015,3.94469,18.69129008,51.70978782
15089,5.1208,2.30329,11.16436309,51.38945927
15090,8.19013,2.27292,11.61790767,50.70773443
15091,8.85853,4.89518,21.83649328,52.74469541
15092,16.20983,1.90092,9.190915504,51.26899384
15093,18.1755,2.23897,12.87144923,47.12936345
15094,7.01615,1.80841,8.481772045,52.03559206
15095,4.40458,1.72543,8.059009798,52.82409309
15096,16.3509,3.62968,17.49010338,50.54346338
15097,9.58943,2.83301,12.58389457,50.30527036
15098,2.1946,2.26777,10.20264327,50.84736482
15099,7.53795,2.05744,11.04251387,48.11225188
15100,5.78273,1.61543,7.576235627,52.41889117
15101,5.32923,7.18261,30.84681592,52.25735797
15102,7.89308,2.93758,15.50246771,49.01574264
15103,20.08033,3.08711,14.66445804,51.85763176
15104,2.85495,1.22028,6.39568506,50.50513347
15105,15.08208,3.30475,15.84146455,50.37371663
15106,3.8089,3.40309,19.40567258,47.23613963
15107,5.12853,1.00198,5.425727389,48.99110198
15108,2.30653,2.10134,10.82589963,50.4421629
15109,2.55228,1.18208,6.120208642,50.13552361
15110,12.82693,2.65116,14.68354143,47.1430527
15111,15.4444,2.84207,15.02016766,48.00273785
15112,2.48325,1.04747,6.296641088,47.41683778
15113,3.04855,0.77642,3.873050746,51.56741958
15114,2.08538,0.884628,4.41287358,49.81245722
15115,3.95195,6.21906,30.81872422,49.96577687
15116,7.5377,2.89165,16.01961569,47.63586585
15117,3.72105,2.63991,11.84888779,50.15742642
15118,7.27213,5.16689,28.54566744,46.76249144
15119,11.1791,1.35229,7.870013133,48.74743326
15120,18.86633,2.97129,16.47903938,48.97467488
15121,3.75768,3.52164,16.72167103,51.05544148
15122,13.33308,4.258,19.65553459,52.22997947
15123,15.17003,2.38558,12.07990347,50.14921287
15124,10.97078,1.7682,10.55375392,46.80903491
15125,3.42728,2.98939,14.92830663,50.51608487
15126,4.16615,1.56334,8.386947755,49.19096509
15127,6.06088,2.81021,14.81119863,49.25393566
15128,4.161,2.48537,12.60724505,50.69952088
15129,19.86095,6.5946,32.31196974,49.86447639
15130,5.72153,1.42409,7.369980942,50.37645448
15131,10.8325,2.65816,13.41811127,50.75427789
15132,2.04555,1.59976,7.706298995,51.43052704
15133,9.48088,3.89647,17.37038771,52.20807666
15134,6.48993,2.18123,10.63148613,51.8384668
15135,16.46103,2.93084,13.42960872,52.98015058
15136,21.18985,1.9104,11.13258509,47.50444901
15137,15.09253,3.61828,18.07220599,50.41478439
15138,13.2833,2.03926,9.526486816,52.97467488
15139,4.2751,6.05171,28.11552075,50.97878166
15140,6.93685,2.33226,11.95307598,50.82546201
15141,7.75373,3.81424,18.90867477,50.23134839
15142,6.9197,1.18516,6.168711267,50.64750171
15143,4.25723,1.54883,8.177421631,48.77481177
15144,15.62508,3.3756,15.39460508,52.61327858
15145,8.60978,1.70857,8.002127076,51.40862423
15146,6.80388,2.09945,11.19578548,49.71115674
15147,6.92118,1.56766,7.036306116,51.37577002
15148,8.4188,4.11996,22.25775019,48.84325804
15149,4.2675,4.29779,21.20247436,50.50513347
15150,2.74803,2.99009,15.01649322,50.00684463
15151,6.49805,1.48987,7.684975383,50.57631759
15152,5.9334,1.63309,9.248971676,48.94455852
15153,6.8315,2.22407,11.13776487,50.46406571
15154,7.40008,2.03089,9.935096538,50.14099932
15155,12.76138,2.90258,13.41585919,52.01368925
15156,11.21938,2.10562,11.29293297,49.60985626
15157,7.5738,2.29875,13.48982214,47.78370979
15158,2.1881,1.17214,6.206024625,49.86173854
15159,16.3359,5.8674,30.50402611,48.3559206
15160,5.12028,0.927246,4.784892979,50.14921287
15161,7.72555,7.46161,30.86815138,51.15400411
15162,4.67323,1.36444,7.051252794,50.13826146
15163,2.17725,1.58964,7.441336221,51.38124572
15164,3.55255,1.97888,10.12526665,50.49144422
15165,7.83933,5.21678,26.06707901,49.85352498
15166,2.8454,1.71544,9.707601212,48.20533881
15167,7.41685,2.00516,12.40278018,46.35728953
15168,12.33588,6.06511,26.51737586,52.79397673
15169,3.975,2.1998,11.73020333,49.52498289
15170,3.93813,1.57701,9.374554596,47.99178645
15171,8.8604,2.35513,10.74238314,52.38056126
15172,12.3972,2.02995,10.94791479,49.27036277
15173,15.38253,1.62296,7.957429276,51.53730322
15174,6.09803,7.00027,31.33954664,52.49828884
15175,7.0776,2.05559,10.25434622,51.20054757
15176,8.3832,1.19032,6.216028588,50.37097878
15177,8.22478,2.22764,11.30320955,50.17385352
15178,8.05325,3.62787,17.43534235,50.41478439
15179,12.4054,4.74295,22.94475218,50.58453114
15180,7.3792,3.80014,17.05545253,52.29842574
15181,5.49733,1.90722,8.899544165,52.62970568
15182,6.3384,1.63514,8.448156834,51.40041068
15183,7.59505,3.66658,20.72953821,47.50718686
15184,4.435,1.31556,7.149289258,49.71937029
15185,6.4881,3.02133,14.47196473,51.52087611
15186,8.8167,4.43554,21.77248688,50.90485969
15187,15.255,3.35243,16.04012144,51.42231348
15188,3.53178,4.27889,22.01073291,49.39356605
15189,4.55673,7.32076,31.25361213,52.73648186
15190,5.54908,1.67827,8.233557611,51.95619439
15191,2.98,1.51291,8.173960544,49.2183436
15192,4.02545,2.49786,11.50087079,52.15058179
15193,14.32033,11.4766,48.6507877,51.73169062
15194,9.05805,6.20523,25.13294122,51.20602327
15195,3.28953,1.89197,9.250880015,51.90691307
15196,3.96968,3.35626,16.78733685,50.57357974
15197,13.25938,2.83039,14.20503435,51.61122519
15198,9.88213,2.66315,13.95908385,49.43463381
15199,4.21763,1.39605,8.759785013,46.70225873
15200,6.27895,3.75313,20.23538513,48.13415469
15201,4.32043,2.87532,13.3811298,50.06160164
15202,9.92338,1.73351,10.20631772,47.08008214
15203,3.0967,2.29127,12.37208081,49.65366188
15204,2.5801,3.46467,17.4000203,50.69952088
15205,5.91318,1.30742,6.695839499,48.6844627
15206,2.7274,2.51458,12.69069043,50.65571526
15207,2.87188,2.1503,9.983729547,52.99931554
15208,11.67833,2.03845,9.897036439,51.99178645
15209,8.99198,3.09019,15.60535207,50.36002738
15210,14.9354,2.36221,11.42718046,51.9835729
15211,6.33945,5.51351,25.24234474,52.64613279
15212,6.7165,1.77538,8.220803744,52.44626968
15213,12.04503,2.75253,13.29531381,51.44147844
15214,2.74205,2.68038,13.02719813,51.4880219
15215,11.33988,1.58527,8.559018283,49.87542779
15216,5.44533,1.22575,6.08022835,51.19507187
15217,3.00968,1.15071,6.269367252,49.17180014
15218,3.87695,1.65661,8.145975526,50.92950034
15219,6.29025,3.12991,15.79891215,49.94387406
15220,3.33985,1.77847,8.722542773,51.26351814
15221,6.09533,2.47164,10.78621567,52.05201916
15222,3.7632,2.94328,13.43328316,52.76112252
15223,13.66348,6.47834,29.44365348,51.32375086
15224,13.62653,2.14703,12.58863579,47.80013689
15225,2.5184,1.06142,5.769133558,49.61806982
15226,2.72065,1.41924,6.99154905,51.44147844
15227,6.07683,1.87011,11.06616068,47.54825462
15228,7.06648,2.1652,11.48897034,49.33059548
15229,5.06588,1.90303,10.70868496,48.60780287
15230,15.74285,5.78419,25.84068602,51.33744011
15231,7.22868,4.94232,21.83649328,52.93908282
15232,17.37103,4.28238,19.13044508,52.49828884
15233,8.83203,1.43977,8.598856338,47.21697467
15234,6.2642,1.75836,9.498466238,49.50581793
15235,2.93218,1.31735,7.155938811,49.5687885
15236,5.73748,4.47351,20.70772863,51.36755647
15237,8.52358,2.0139,10.30469792,50.96235455
15238,9.57895,2.83611,12.58389457,52.90896646
15239,2.12213,3.88965,13.08492242,52.87611225
15240,6.42938,3.28268,16.42688602,50.63381246
15241,9.20515,1.11155,6.676495344,47.68514716
15242,8.43633,3.54467,20.35711581,47.18412047
15243,4.72678,1.43967,6.502611301,51.65776865
15244,7.7545,2.28828,11.65203256,50.13826146
15245,12.95628,5.14534,25.12357732,49.88911704
15246,5.5757,1.49197,8.035220754,49.85352498
15247,6.71973,1.96903,8.504956585,51.77823409
15248,7.76613,1.12169,7.192517282,47.51266256
15249,6.4317,2.56616,12.35359008,51.35934292
15250,11.70068,1.74837,9.014814943,50.7761807
15251,8.44568,2.15076,13.09535309,46.95140315
15252,3.83868,3.99339,19.52823298,50.2696783
15253,4.0086,2.86452,16.54648315,47.18959617
15254,4.57035,2.79207,13.91250142,50.48870637
15255,17.6016,5.2172,28.65424126,47.38124572
15256,12.6465,5.50658,22.56747003,52.27926078
15257,3.9731,1.14475,6.236830667,49.90006845
15258,4.20075,1.07124,5.561219448,50.75154004
15259,10.614,4.59154,20.74577687,51.26351814
15260,5.07438,1.52374,9.091065526,47.29089665
15261,5.81263,3.84217,18.00618458,51.83572895
15262,2.80628,2.54358,14.01538577,48.93360712
15263,4.73985,1.60917,7.510723895,52.85420945
15264,2.10008,1.06585,5.190705385,51.47433265
15265,4.51035,1.02154,6.58872361,46.86379192
15266,9.37875,18.3949,63.65116079,51.78918549
15267,10.03078,2.08811,11.67684096,48.11498973
15268,12.91793,2.66279,13.46777549,50.49144422
15269,9.14843,3.93809,17.79377817,52.38056126
15270,5.25938,1.53788,7.967705859,51.18685832
15271,5.13233,3.54588,17.64620787,50.06160164
15272,4.2762,0.53686,2.725522737,51.4880219
15273,8.4999,1.25834,6.514985871,50.47501711
15274,3.2512,2.16931,10.981933,50.43394935
15275,10.6438,2.54153,12.18421019,51.15400411
15276,4.83173,1.30722,7.865485273,47.137577
15277,14.43288,2.71629,15.81657318,47.21971253
15278,5.23068,1.97677,9.21888867,52.67624914
15279,19.33435,1.84399,9.453780291,50.00136893
15280,9.19363,2.67583,12.98464573,51.52635181
15281,4.85925,1.9195,10.25375357,49.84804928
15282,9.4412,2.06666,12.20127856,47.23613963
15283,3.97115,2.54079,12.27073735,51.22245038
15284,6.48993,3.7621,16.93277361,52.3613963
15285,2.52565,1.39829,6.804496284,51.41409993
15286,4.12928,2.90378,13.97733752,51.34839151
15287,5.16355,1.55465,8.525841635,49.91101985
15288,6.67178,1.85042,10.9481637,47.14031485
15289,10.2505,4.4933,25.12488115,47.75085558
15290,5.63478,2.89376,13.81234326,51.96714579
15291,9.29128,2.69616,13.77832504,50.92402464
15292,10.0962,1.71638,8.896628318,50.5982204
15293,5.79098,2.08666,12.33984055,46.75701574
15294,5.96413,2.83897,13.05979398,51.75906913
15295,8.352,1.92103,10.35953006,49.99315537
15296,8.31183,4.24516,21.30441048,49.60438056
15297,4.62123,1.81772,8.366074558,52.71457906
15298,2.53033,2.66683,12.85912208,51.80013689
15299,6.22038,2.85726,13.71028862,51.25256674
15300,13.2546,3.86932,19.20594892,49.82340862
15301,12.91453,5.91753,28.39489682,50.48049281
15302,3.2039,1.42956,7.393521072,50.0752909
15303,2.01085,0.829547,4.169755952,51.86036961
15304,6.89765,1.71228,8.415845457,51.95619439
15305,11.73893,2.58479,13.49148156,50.73785079
15306,11.34158,3.06435,14.03186149,52.89527721
15307,6.55263,2.93639,13.43683907,50.72689938
15308,14.41685,3.73608,17.84450916,51.56468172
15309,4.06408,1.90989,10.24649951,49.94934976
15310,4.8998,2.18319,10.07908722,52.23819302
15311,2.07125,2.77572,15.42068176,48.56125941
15312,3.5964,0.997121,5.768683143,48.77207392
15313,7.37443,2.17172,13.31736046,46.90759754
15314,2.6344,1.38891,7.149111462,50.4366872
15315,8.23835,1.89084,10.17629398,49.30047912
15316,4.8439,3.37115,16.09749014,51.54551677
15317,2.94303,1.29811,6.911469937,49.76865161
15318,15.62183,2.74929,12.24074917,51.59479808
15319,13.2525,2.11363,11.80334842,48.47091034
15320,4.85978,1.84227,11.48249858,46.40657084
15321,10.35608,4.19501,18.71001788,51.49623546
15322,13.14215,2.7499,15.24181944,48.52566735
15323,12.50773,2.1058,11.27440667,49.60438056
15324,7.0105,2.29205,12.20850891,49.47022587
15325,5.49,1.16351,6.079351226,50.47501711
15326,2.27533,3.18609,15.38085556,51.28268309
15327,14.59785,2.38847,11.59631144,50.60095825
15328,5.79135,1.78842,11.12098097,46.89664613
15329,9.6272,2.73393,14.23111103,48.7063655
15330,6.41533,2.46116,11.37468336,52.22450376
15331,12.09988,3.2009,16.79563398,49.63997262
15332,5.76043,4.91466,20.74956984,50.84188912
15333,3.05423,0.877613,5.375517927,47.77823409
15334,3.10073,2.28089,10.19212963,52.06844627
15335,3.42928,1.45228,6.799233535,52.02737851
15336,9.21535,1.44078,7.467282517,50.0698152
15337,27.2997,2.88251,12.02549803,50.69678303
15338,5.10963,1.2518,5.471254902,49.11704312
15339,16.3057,3.04419,17.75821906,47.83025325
15340,4.3895,1.35111,6.39142982,52.73374401
15341,18.886,2.54645,12.39756484,47.83025325
15342,24.79455,3.18933,15.99626521,51.06639288
15343,18.51033,5.55424,25.44704668,51.17043121
15344,14.14738,6.64913,29.95487493,51.27173169
15345,11.21558,2.54508,12.33367697,50.51334702
15346,10.14975,1.45338,7.504844789,50.73511294
15347,15.07255,3.30475,17.26880719,49.45379877
15348,4.94755,1.31016,6.742125606,50.15468857
15349,7.57598,2.39403,11.63339959,52.0109514
15350,8.58378,2.08999,11.67684096,48.44626968
15351,3.74483,2.62469,13.1680122,50.7652293
15352,3.13495,2.1981,11.20428411,50.78439425
15353,7.09488,2.17634,12.81005051,47.46064339
15354,12.85235,4.39745,20.62914299,51.16221766
15355,3.9896,1.3154,6.847297598,50.08350445
15356,7.44665,1.21065,5.017248051,52.77754962
15357,20.78573,7.40896,36.16349537,47.91238877
15358,2.83555,1.99816,9.275629155,52.28473648
15359,4.9804,2.29253,10.6469662,52.04928131
15360,2.8727,2.1503,10.00984179,52.57221081
15361,2.92855,0.825069,3.91772484,51.99178645
15362,3.95783,2.70848,16.41740359,46.2532512
15363,20.33283,2.79701,16.09073391,47.86036961
15364,6.75155,2.04028,9.520821065,52.13415469
15365,3.98295,6.15338,25.29485369,52.86516085
15366,3.84615,3.31927,15.74189905,51.18138261
15367,19.93478,3.63449,17.90412994,50.19301848
15368,4.4067,3.71365,17.53941201,51.1211499
15369,15.70705,2.11296,11.76855976,48.8788501
15370,2.35098,1.76431,8.247923491,52.79123888
15371,13.09133,2.05761,12.71036647,46.87748118
15372,5.61935,4.1775,22.05613004,49.63449692
15373,3.9316,3.01124,14.96836989,49.79055441
15374,4.43085,2.60636,13.17749463,50.70225873
15375,9.12595,5.94758,30.80710825,47.79466119
15376,19.99428,2.67868,14.13130847,49.06228611
15377,3.47928,2.93926,15.46927921,49.67830253
15378,3.03088,1.82429,8.949670655,51.67693361
15379,8.0316,1.49675,8.545114672,48.41889117
15380,2.32418,1.16753,6.058975856,50.74332649
15381,5.11933,6.26949,29.87759314,49.21560575
15382,5.7586,1.74183,8.957683308,50.12731006
15383,4.18925,2.88114,13.79788255,51.52361396
15384,3.60078,2.63756,12.6531163,51.07734428
15385,4.66718,3.24314,15.37967026,51.8275154
15386,5.17233,2.88479,14.49697464,51.21423682
15387,4.6244,2.45226,13.63549596,48.38329911
15388,10.16955,2.33423,11.93778556,50.62833676
15389,4.87755,1.50523,7.39573759,51.11293634
15390,16.36165,2.37208,12.71842653,49.82888433
15391,4.92513,3.00672,15.02976862,50.63928816
15392,4.96158,3.66606,20.77292033,47.60301164
15393,6.54883,1.12657,6.433389569,48.38329911
15394,3.31053,2.18774,11.65244742,49.52498289
15395,4.9192,1.76803,8.692910182,51.76454483
15396,4.13963,2.31455,10.65623527,52.96098563
15397,3.93658,1.30087,6.065068317,52.11772758
15398,7.8536,2.18345,11.25149476,50.40109514
15399,5.10065,7.86397,22.93420297,47.88227242
15400,3.60735,2.63582,13.26852595,50.29158111
15401,11.46775,4.18054,20.44115384,50.9431896
15402,12.51008,3.70431,16.72901991,52.27378508
15403,11.00148,1.53745,8.482483228,49.74401095
15404,11.91635,4.32605,20.36316086,51.78097194
15405,11.7091,1.61355,8.731148077,49.30869268
15406,15.67833,4.13258,21.27217022,49.7303217
15407,3.75155,2.30401,13.45924131,47.06639288
15408,2.92708,2.68555,16.57824929,46.95687885
15409,5.0428,2.23495,10.35858182,50.30800821
15410,3.00865,1.66535,8.181143484,50.93497604
15411,4.51675,1.82373,8.520495915,52.73648186
15412,14.8107,7.15563,30.84681592,52.44353183
15413,2.38558,0.886924,4.638045712,50.86379192
15414,5.62838,4.84699,16.30882977,52.54757016
15415,12.48823,5.55125,25.49327352,51.15400411
15416,4.79238,1.54891,8.371052833,49.33607118
15417,8.51178,1.24243,6.498190118,49.89185489
15418,20.15348,2.15056,10.97851933,50.04243669
15419,10.1686,1.83118,10.51296762,48.58042437
15420,16.51753,3.24549,16.2241991,49.93566051
15421,5.81428,2.71902,13.75722664,50.09993155
15422,14.3295,3.30593,15.17236065,50.02600958
15423,2.85893,2.39668,11.01174339,52.96098563
15424,2.77373,5.76659,27.09023311,51.22245038
15425,16.87673,2.2266,13.032532,47.6440794
15426,12.2394,2.01675,11.3086738,48.56947296
15427,3.4908,2.67756,12.93474445,51.59206023
15428,5.2235,4.06776,20.95652386,49.70841889
15429,3.22365,1.85433,9.068615875,51.92881588
15430,4.04513,2.54017,12.25106131,51.38945927
15431,4.08448,4.27955,21.64506674,49.46748802
15432,2.64655,1.46183,7.918266844,49.92197125
15433,4.72885,1.36411,7.10623903,49.2347707
15434,2.45238,2.75505,13.90704902,50.82546201
15435,5.28633,2.25052,13.81092089,47.8329911
15436,15.23258,3.02467,14.87591621,50.7652293
15437,3.76585,2.36515,10.13474908,51.22518823
15438,14.07545,3.20939,13.37627005,51.816564
15439,6.53155,3.26467,16.1082764,50.06160164
15440,8.68675,4.50033,20.812628,51.46338125
15441,2.83943,2.76337,16.00811824,47.06365503
15442,8.11355,4.63054,17.72005228,49.06228611
15443,3.75578,3.00146,14.98069705,50.51608487
15444,5.65118,1.81188,10.71000064,47.21697467
15445,7.87868,2.4538,12.51692492,50.06707734
15446,13.14493,2.37023,12.07990347,50.73237509
15447,6.29405,3.74523,22.13578244,47.43600274
15448,2.97208,1.80079,10.27008705,47.45516769
15449,15.2735,1.72366,10.28841185,47.19780972
15450,8.50368,4.36727,24.38963731,48.51471595
15451,7.3792,2.8193,14.19341838,50.48596851
15452,18.93573,6.55755,36.5617574,47.67967146
15453,8.7922,0.921782,4.788508155,48.71457906
15454,15.1742,5.4527,28.61346681,48.678987
15455,11.9415,2.62321,12.48207699,51.55920602
15456,3.81305,0.840669,4.169755952,51.3155373
15457,2.8044,1.75872,9.069919709,50.38193018
15458,15.83543,2.52267,14.666236,47.37303217
15459,3.29258,2.06434,9.582693915,51.73169062
15460,5.37523,1.81612,9.180390008,50.81724846
15461,10.41458,2.05005,11.00600652,49.77960301
15462,2.09843,1.51399,9.491508506,46.90485969
15463,4.74195,2.17594,8.981021936,52.39425051
15464,4.40733,2.43759,11.24510597,52.11225188
15465,6.29105,1.70567,8.843503009,50.85284052
15466,9.04723,3.42365,17.90116668,48.04380561
15467,3.852,1.6516,8.958252254,49.64271047
15468,6.08148,2.67642,12.31364534,52.94729637
15469,19.1757,1.74907,9.005948872,50.30253251
15470,4.4803,1.92217,9.390876227,51.8384668
15471,8.16173,2.22078,10.75109512,51.06913073
15472,16.81225,3.27816,17.60555195,49.5633128
15473,4.0787,2.56532,12.93901154,50.00136893
15474,14.88428,2.89565,15.94399332,48.59411362
15475,4.54923,5.22489,28.72334446,47.17590691
15476,3.25235,1.93425,9.853452824,50.66940452
15477,3.19975,4.07487,20.10713527,50.02600958
15478,4.98708,1.98375,8.943898227,52.07392197
15479,7.3195,1.91543,10.26096021,48.7118412
15480,13.96145,2.04632,10.43084978,50.56262834
15481,12.7862,2.98249,16.3624055,48.1889117
15482,12.79303,2.66583,13.45841159,50.75427789
15483,10.14593,2.58996,13.73280938,49.0513347
15484,5.31058,1.67524,8.580590809,50.13826146
15485,16.629,4.01111,17.5651331,52.07665982
15486,10.3629,5.92227,27.15483216,51.42778919
15487,6.02438,2.74964,13.89685541,48.55578371
15488,11.45678,3.24307,16.24980165,50.47227926
15489,14.7575,5.76813,27.21931267,50.9650924
15490,3.40615,1.77803,8.290629981,52.45174538
15491,9.31595,7.76131,37.81829778,48.47912389
15492,16.6099,2.78933,11.64618901,51.20876112
15493,9.4399,4.51658,24.19086189,48.20807666
15494,6.64658,2.41783,12.28448687,49.77686516
15495,6.2384,2.24825,10.35252492,49.24024641
15496,5.8686,2.80844,13.25299847,50.69678303
15497,3.73753,1.37099,6.445799698,52.37508556
15498,3.98625,2.12026,9.86944257,52.81587953
15499,4.62393,0.95288,5.568556477,48.98836413
15500,4.05225,5.01823,19.01997478,52.59958932
15501,1.63198,2.87188,13.22123234,49.94387406
15502,5.07838,3.16952,14.95687245,51.05817933
15503,19.56828,1.78377,8.388524208,51.55099247
15504,4.08448,2.4898,11.98626448,51.73990418
15505,5.24135,3.52208,18.98974954,48.862423
15506,4.29708,2.9395,14.80503505,50.20396988
15507,4.73998,1.60917,8.690752929,49.71389459
15508,6.72233,2.91936,14.03043913,51.64134155
15509,5.49345,2.41346,10.68058141,51.74537988
15510,9.89268,2.32004,12.92905499,48.28473648
15511,6.3869,1.96778,10.08775179,50.38466804
15512,5.42128,2.69534,13.05268216,51.1430527
15513,4.1389,1.80535,8.724308875,51.91238877
15514,19.07443,2.97607,14.45667431,51.11841205
15515,3.29235,1.70782,7.783035553,51.99726215
15516,4.3881,1.19384,7.224828659,47.03627652
15517,8.6799,1.9891,12.29799933,46.87748118
15518,3.48388,3.51923,17.15288449,51.137577
15519,4.88165,8.31614,37.71873227,52.52566735
15520,5.20108,2.29933,11.14917935,51.24161533
15521,3.82275,2.93245,13.47251671,52.27378508
15522,4.10398,1.53184,8.073932771,48.15058179
15523,5.0099,3.43661,15.64019999,52.24366872
15524,5.90078,6.26449,27.26838425,51.34839151
15525,8.20043,3.11541,14.9281881,51.08555784
15526,2.3658,2.26679,10.54440187,50.4257358
15527,8.52815,2.58856,14.34241104,48.12867899
15528,2.17725,0.647604,3.405993701,49.50581793
15529,2.84668,1.71544,8.186263996,50.80903491
15530,12.19893,2.75413,13.71846721,48.83504449
15531,8.25425,2.22038,10.68826217,51.12388775
15532,7.14773,2.57113,11.86998619,52.41889117
15533,21.68478,1.3406,8.295643816,46.88295688
15534,18.0276,2.98748,14.60815612,51.03080082
15535,4.50998,1.55148,8.005493339,50.05065024
15536,9.18003,2.04707,11.43271583,48.0164271
15537,5.46518,2.20776,11.81098178,49.0513347
15538,3.3068,1.38104,6.778846313,51.73169062
15539,15.28238,4.74265,22.12867062,51.56194387
15540,4.16978,1.59063,7.437033568,51.38124572
15541,3.856,3.91277,20.1513471,49.53319644
15542,3.76165,2.94328,14.14162061,51.01163587
15543,4.99873,3.58249,16.38220007,51.14852841
15544,15.7254,1.97875,11.58496808,47.01437372
15545,12.27443,1.72981,10.15066771,47.09103354
15546,4.96978,4.25038,20.03293527,52.43531828
15547,11.6917,3.66139,17.25600591,51.96714579
15548,3.52988,4.27889,19.22289876,51.52087611
15549,2.81505,1.54798,7.559119843,51.05544148
15550,10.19975,3.23877,18.46667504,46.86379192
15551,9.12595,5.92521,28.13436708,50.51060917
15552,14.62723,3.34168,16.52123619,49.045859
15553,3.29165,1.1302,6.468794588,48.58042437
15554,3.36305,2.30212,11.6818548,50.13826146
15555,3.8308,1.45752,7.197744471,49.48391513
15556,5.6657,3.02703,11.84808178,51.67145791
15557,20.8482,5.97653,27.06569732,51.4715948
15558,8.13493,1.11568,5.200495993,50.05338809
15559,6.5496,2.45923,12.52771118,50.6036961
15560,6.45958,1.56258,7.515844407,51.1321013
15561,14.91033,5.12117,28.20595942,47.77823409
15562,2.20263,1.48579,6.989237708,52.58042437
15563,3.04488,2.24054,10.36909546,52.99657769
15564,6.81625,1.89087,8.82484633,52.66803559
15565,4.85825,1.4872,7.308688891,51.01163587
15566,18.27063,4.41052,20.32214935,51.46885695
15567,11.03693,2.7278,13.80499438,50.96235455
15568,10.77583,4.63028,20.6580644,52.12320329
15569,5.70493,2.52348,13.370225,49.58521561
15570,24.17338,8.21204,37.73769713,51.78644764
15571,5.6555,4.47923,23.2630062,48.862423
15572,4.75908,1.76298,9.050362199,50.87748118
15573,4.33238,1.99472,9.766783422,51.6440794
15574,24.03268,3.64866,17.90412994,50.25598905
15575,14.64108,1.79609,10.5349313,47.34839151
15576,5.05835,0.86714,4.155556014,52.15605749
15577,3.85113,0.82697,4.536062187,49.13073238
15578,24.22338,1.20867,7.577195723,46.98425736
15579,7.90643,3.83532,18.99626871,50.71594798
15580,7.10018,1.96845,10.07925317,50.26694045
15581,9.44508,3.17554,13.19041444,51.29089665
15582,6.68105,3.76035,17.71910404,51.86036961
15583,14.1654,2.09666,12.9697109,46.89938398
15584,9.2402,3.27369,14.88646541,51.78918549
15585,2.92993,1.80456,8.811298309,48.58042437
15586,7.51233,4.05043,19.08457383,50.30253251
15587,2.32233,3.70916,19.04178437,49.53045859
15588,12.68653,2.01705,9.396992394,52.61327858
15589,7.1262,1.55905,7.656765156,51.2991102
15590,2.38838,2.30501,10.61548453,52.96098563
15591,3.54053,2.91407,13.97733752,51.73169062
15592,5.80555,4.12152,19.88927647,51.78097194
15593,3.15945,1.16708,6.522571814,49.83162218
15594,3.76053,5.77649,25.29189043,51.12936345
15595,16.67158,2.22482,13.032532,47.18685832
15596,9.35548,3.33065,16.61013396,50.58179329
15597,15.76475,2.76629,12.6546572,52.54757016
15598,4.84375,1.52788,7.60154186,51.76728268
15599,3.42123,6.92678,22.9545902,49.21013005
15600,8.53768,1.60941,7.89264058,49.30869268
15601,2.80568,1.94624,10.45057324,49.52772074
15602,4.18153,1.51976,7.122880693,52.88706366
15603,7.37698,1.65797,8.95624909,49.62354552
15604,2.9195,1.01542,4.887469156,50.77891855
15605,3.19258,3.03126,15.06935776,47.18138261
15606,4.99023,2.60062,13.16789367,50.07802875
15607,4.91133,1.15724,6.252132937,49.5578371
15608,8.0365,1.97205,10.47103158,49.9137577
15609,7.91938,3.01295,15.75410767,48.92813142
15610,5.04668,2.49141,11.43276324,52.8733744
15611,7.66773,1.60165,7.869835338,52.64613279
15612,22.606,2.132,9.893053818,52.5065024
15613,5.01863,3.15596,15.01684881,51.68788501
