"b_noapp","b_weekends","b_bookself","b_hospital","b_community","b_van","b_home","b_highrisk","b_quesgen","b_quesmam","b_quesmamgen","b_quesrad","b_quesradgen","asc12","logLike"
0,0,0,0,0,0,0,0,0,0,0,0,0,0,-10051.2038290234
0.0796040743668533,0.0170368008144978,0.0232871636085469,-0.00868290864618289,-0.0210048541080049,-0.00502235134387206,-0.0316769638952138,0.00849649364884973,0.0388659916838288,0.0059706040260639,0.0349952580141438,0.00739454300618657,0.0227896712085226,0.174859653636512,-9440.90315937508
0.069824830178417,0.133432439763821,0.0922550950077354,-0.0915341105429698,-0.0696377131479906,0.0322403239577821,0.0983306693976267,0.020630316976486,0.115770068007047,-0.0374550909471574,0.214684477916708,-0.0671496439642269,0.118020596619641,0.748345365858779,-9014.6549335779
-0.0331757056327335,0.150815386614142,0.114614735325502,-0.150103174204961,-0.0800151273038145,0.059095579075581,0.169059977265884,0.0214778269983371,0.133309699532154,-0.0249839034201595,0.326714281278436,-0.125732178029202,0.172349409382705,0.891803152711413,-9001.06982850862
-0.0291943919480142,0.148807224446531,0.112789618373838,-0.145307486219499,-0.0822270994856966,0.0598262007108369,0.163047174650038,0.0210588839691791,0.134338014491844,-0.0248555798153149,0.320070770261995,-0.124033471848952,0.167905532548628,0.897964200932206,-9000.96975541274
-0.0292157555050966,0.148767824918329,0.112762863150267,-0.145296513803429,-0.0824291443829487,0.0597904472163421,0.163359548624846,0.0210799870826007,0.134204414298958,-0.0248788784183006,0.32032845642548,-0.123939841510356,0.167831299644628,0.897558643318257,-9000.96965341211
-0.0292243199520428,0.148765379744233,0.112764215062569,-0.145293397473858,-0.0824344924355513,0.0597984265457166,0.163357757212124,0.021078828405887,0.134211314065399,-0.0248806165233445,0.320335646824258,-0.123952587250354,0.167832982987269,0.897585930516304,-9000.96965321234
